actor_a,actor_b,locus,context,start,end,start_time,end_time,duration_minutes
0,1,home_01,home,480,510,08:00,08:30,30
0,2,home_01,home,480,510,08:00,08:30,30
1,2,home_01,home,480,510,08:00,08:30,30
3,4,home_02,home,480,510,08:00,08:30,30
3,5,home_02,home,480,510,08:00,08:30,30
4,5,home_02,home,480,510,08:00,08:30,30
6,7,home_03,home,480,510,08:00,08:30,30
6,8,home_03,home,480,510,08:00,08:30,30
7,8,home_03,home,480,510,08:00,08:30,30
9,10,home_04,home,480,510,08:00,08:30,30
9,11,home_04,home,480,510,08:00,08:30,30
10,11,home_04,home,480,510,08:00,08:30,30
12,13,home_05,home,480,510,08:00,08:30,30
12,14,home_05,home,480,510,08:00,08:30,30
13,14,home_05,home,480,510,08:00,08:30,30
15,16,home_06,home,480,510,08:00,08:30,30
15,17,home_06,home,480,510,08:00,08:30,30
16,17,home_06,home,480,510,08:00,08:30,30
18,19,home_07,home,480,510,08:00,08:30,30
18,20,home_07,home,480,510,08:00,08:30,30
19,20,home_07,home,480,510,08:00,08:30,30
21,22,home_08,home,480,510,08:00,08:30,30
21,23,home_08,home,480,510,08:00,08:30,30
22,23,home_08,home,480,510,08:00,08:30,30
24,25,home_09,home,480,510,08:00,08:30,30
24,26,home_09,home,480,510,08:00,08:30,30
25,26,home_09,home,480,510,08:00,08:30,30
27,28,home_10,home,480,510,08:00,08:30,30
27,29,home_10,home,480,510,08:00,08:30,30
28,29,home_10,home,480,510,08:00,08:30,30
30,31,home_11,home,480,510,08:00,08:30,30
30,32,home_11,home,480,510,08:00,08:30,30
31,32,home_11,home,480,510,08:00,08:30,30
33,34,home_12,home,480,510,08:00,08:30,30
33,35,home_12,home,480,510,08:00,08:30,30
34,35,home_12,home,480,510,08:00,08:30,30
10,11,central_path,transit,510,535,08:30,08:55,25
10,12,central_path,transit,510,535,08:30,08:55,25
10,13,central_path,transit,510,535,08:30,08:55,25
10,14,central_path,transit,510,535,08:30,08:55,25
10,15,central_path,transit,510,535,08:30,08:55,25
10,16,central_path,transit,510,535,08:30,08:55,25
10,17,central_path,transit,510,535,08:30,08:55,25
10,18,central_path,transit,510,535,08:30,08:55,25
10,19,central_path,transit,510,535,08:30,08:55,25
10,20,central_path,transit,510,535,08:30,08:55,25
10,21,central_path,transit,510,535,08:30,08:55,25
10,22,central_path,transit,510,535,08:30,08:55,25
10,23,central_path,transit,510,535,08:30,08:55,25
10,24,central_path,transit,510,535,08:30,08:55,25
10,25,central_path,transit,510,535,08:30,08:55,25
10,26,central_path,transit,510,535,08:30,08:55,25
10,27,central_path,transit,510,535,08:30,08:55,25
10,28,central_path,transit,510,535,08:30,08:55,25
10,29,central_path,transit,510,535,08:30,08:55,25
10,30,central_path,transit,510,535,08:30,08:55,25
10,31,central_path,transit,510,535,08:30,08:55,25
10,32,central_path,transit,510,535,08:30,08:55,25
10,33,central_path,transit,510,535,08:30,08:55,25
10,34,central_path,transit,510,535,08:30,08:55,25
10,35,central_path,transit,510,535,08:30,08:55,25
11,12,central_path,transit,510,535,08:30,08:55,25
11,13,central_path,transit,510,535,08:30,08:55,25
11,14,central_path,transit,510,535,08:30,08:55,25
11,15,central_path,transit,510,535,08:30,08:55,25
11,16,central_path,transit,510,535,08:30,08:55,25
11,17,central_path,transit,510,535,08:30,08:55,25
11,18,central_path,transit,510,535,08:30,08:55,25
11,19,central_path,transit,510,535,08:30,08:55,25
11,20,central_path,transit,510,535,08:30,08:55,25
11,21,central_path,transit,510,535,08:30,08:55,25
11,22,central_path,transit,510,535,08:30,08:55,25
11,23,central_path,transit,510,535,08:30,08:55,25
11,24,central_path,transit,510,535,08:30,08:55,25
11,25,central_path,transit,510,535,08:30,08:55,25
11,26,central_path,transit,510,535,08:30,08:55,25
11,27,central_path,transit,510,535,08:30,08:55,25
11,28,central_path,transit,510,535,08:30,08:55,25
11,29,central_path,transit,510,535,08:30,08:55,25
11,30,central_path,transit,510,535,08:30,08:55,25
11,31,central_path,transit,510,535,08:30,08:55,25
11,32,central_path,transit,510,535,08:30,08:55,25
11,33,central_path,transit,510,535,08:30,08:55,25
11,34,central_path,transit,510,535,08:30,08:55,25
11,35,central_path,transit,510,535,08:30,08:55,25
12,13,central_path,transit,510,535,08:30,08:55,25
12,14,central_path,transit,510,535,08:30,08:55,25
12,15,central_path,transit,510,535,08:30,08:55,25
12,16,central_path,transit,510,535,08:30,08:55,25
12,17,central_path,transit,510,535,08:30,08:55,25
12,18,central_path,transit,510,535,08:30,08:55,25
12,19,central_path,transit,510,535,08:30,08:55,25
12,20,central_path,transit,510,535,08:30,08:55,25
12,21,central_path,transit,510,535,08:30,08:55,25
12,22,central_path,transit,510,535,08:30,08:55,25
12,23,central_path,transit,510,535,08:30,08:55,25
12,24,central_path,transit,510,535,08:30,08:55,25
12,25,central_path,transit,510,535,08:30,08:55,25
12,26,central_path,transit,510,535,08:30,08:55,25
12,27,central_path,transit,510,535,08:30,08:55,25
12,28,central_path,transit,510,535,08:30,08:55,25
12,29,central_path,transit,510,535,08:30,08:55,25
12,30,central_path,transit,510,535,08:30,08:55,25
12,31,central_path,transit,510,535,08:30,08:55,25
12,32,central_path,transit,510,535,08:30,08:55,25
12,33,central_path,transit,510,535,08:30,08:55,25
12,34,central_path,transit,510,535,08:30,08:55,25
12,35,central_path,transit,510,535,08:30,08:55,25
13,14,central_path,transit,510,535,08:30,08:55,25
13,15,central_path,transit,510,535,08:30,08:55,25
13,16,central_path,transit,510,535,08:30,08:55,25
13,17,central_path,transit,510,535,08:30,08:55,25
13,18,central_path,transit,510,535,08:30,08:55,25
13,19,central_path,transit,510,535,08:30,08:55,25
13,20,central_path,transit,510,535,08:30,08:55,25
13,21,central_path,transit,510,535,08:30,08:55,25
13,22,central_path,transit,510,535,08:30,08:55,25
13,23,central_path,transit,510,535,08:30,08:55,25
13,24,central_path,transit,510,535,08:30,08:55,25
13,25,central_path,transit,510,535,08:30,08:55,25
13,26,central_path,transit,510,535,08:30,08:55,25
13,27,central_path,transit,510,535,08:30,08:55,25
13,28,central_path,transit,510,535,08:30,08:55,25
13,29,central_path,transit,510,535,08:30,08:55,25
13,30,central_path,transit,510,535,08:30,08:55,25
13,31,central_path,transit,510,535,08:30,08:55,25
13,32,central_path,transit,510,535,08:30,08:55,25
13,33,central_path,transit,510,535,08:30,08:55,25
13,34,central_path,transit,510,535,08:30,08:55,25
13,35,central_path,transit,510,535,08:30,08:55,25
14,15,central_path,transit,510,535,08:30,08:55,25
14,16,central_path,transit,510,535,08:30,08:55,25
14,17,central_path,transit,510,535,08:30,08:55,25
14,18,central_path,transit,510,535,08:30,08:55,25
14,19,central_path,transit,510,535,08:30,08:55,25
14,20,central_path,transit,510,535,08:30,08:55,25
14,21,central_path,transit,510,535,08:30,08:55,25
14,22,central_path,transit,510,535,08:30,08:55,25
14,23,central_path,transit,510,535,08:30,08:55,25
14,24,central_path,transit,510,535,08:30,08:55,25
14,25,central_path,transit,510,535,08:30,08:55,25
14,26,central_path,transit,510,535,08:30,08:55,25
14,27,central_path,transit,510,535,08:30,08:55,25
14,28,central_path,transit,510,535,08:30,08:55,25
14,29,central_path,transit,510,535,08:30,08:55,25
14,30,central_path,transit,510,535,08:30,08:55,25
14,31,central_path,transit,510,535,08:30,08:55,25
14,32,central_path,transit,510,535,08:30,08:55,25
14,33,central_path,transit,510,535,08:30,08:55,25
14,34,central_path,transit,510,535,08:30,08:55,25
14,35,central_path,transit,510,535,08:30,08:55,25
15,16,central_path,transit,510,535,08:30,08:55,25
15,17,central_path,transit,510,535,08:30,08:55,25
15,18,central_path,transit,510,535,08:30,08:55,25
15,19,central_path,transit,510,535,08:30,08:55,25
15,20,central_path,transit,510,535,08:30,08:55,25
15,21,central_path,transit,510,535,08:30,08:55,25
15,22,central_path,transit,510,535,08:30,08:55,25
15,23,central_path,transit,510,535,08:30,08:55,25
15,24,central_path,transit,510,535,08:30,08:55,25
15,25,central_path,transit,510,535,08:30,08:55,25
15,26,central_path,transit,510,535,08:30,08:55,25
15,27,central_path,transit,510,535,08:30,08:55,25
15,28,central_path,transit,510,535,08:30,08:55,25
15,29,central_path,transit,510,535,08:30,08:55,25
15,30,central_path,transit,510,535,08:30,08:55,25
15,31,central_path,transit,510,535,08:30,08:55,25
15,32,central_path,transit,510,535,08:30,08:55,25
15,33,central_path,transit,510,535,08:30,08:55,25
15,34,central_path,transit,510,535,08:30,08:55,25
15,35,central_path,transit,510,535,08:30,08:55,25
16,17,central_path,transit,510,535,08:30,08:55,25
16,18,central_path,transit,510,535,08:30,08:55,25
16,19,central_path,transit,510,535,08:30,08:55,25
16,20,central_path,transit,510,535,08:30,08:55,25
16,21,central_path,transit,510,535,08:30,08:55,25
16,22,central_path,transit,510,535,08:30,08:55,25
16,23,central_path,transit,510,535,08:30,08:55,25
16,24,central_path,transit,510,535,08:30,08:55,25
16,25,central_path,transit,510,535,08:30,08:55,25
16,26,central_path,transit,510,535,08:30,08:55,25
16,27,central_path,transit,510,535,08:30,08:55,25
16,28,central_path,transit,510,535,08:30,08:55,25
16,29,central_path,transit,510,535,08:30,08:55,25
16,30,central_path,transit,510,535,08:30,08:55,25
16,31,central_path,transit,510,535,08:30,08:55,25
16,32,central_path,transit,510,535,08:30,08:55,25
16,33,central_path,transit,510,535,08:30,08:55,25
16,34,central_path,transit,510,535,08:30,08:55,25
16,35,central_path,transit,510,535,08:30,08:55,25
17,18,central_path,transit,510,535,08:30,08:55,25
17,19,central_path,transit,510,535,08:30,08:55,25
17,20,central_path,transit,510,535,08:30,08:55,25
17,21,central_path,transit,510,535,08:30,08:55,25
17,22,central_path,transit,510,535,08:30,08:55,25
17,23,central_path,transit,510,535,08:30,08:55,25
17,24,central_path,transit,510,535,08:30,08:55,25
17,25,central_path,transit,510,535,08:30,08:55,25
17,26,central_path,transit,510,535,08:30,08:55,25
17,27,central_path,transit,510,535,08:30,08:55,25
17,28,central_path,transit,510,535,08:30,08:55,25
17,29,central_path,transit,510,535,08:30,08:55,25
17,30,central_path,transit,510,535,08:30,08:55,25
17,31,central_path,transit,510,535,08:30,08:55,25
17,32,central_path,transit,510,535,08:30,08:55,25
17,33,central_path,transit,510,535,08:30,08:55,25
17,34,central_path,transit,510,535,08:30,08:55,25
17,35,central_path,transit,510,535,08:30,08:55,25
18,19,central_path,transit,510,535,08:30,08:55,25
18,20,central_path,transit,510,535,08:30,08:55,25
18,21,central_path,transit,510,535,08:30,08:55,25
18,22,central_path,transit,510,535,08:30,08:55,25
18,23,central_path,transit,510,535,08:30,08:55,25
18,24,central_path,transit,510,535,08:30,08:55,25
18,25,central_path,transit,510,535,08:30,08:55,25
18,26,central_path,transit,510,535,08:30,08:55,25
18,27,central_path,transit,510,535,08:30,08:55,25
18,28,central_path,transit,510,535,08:30,08:55,25
18,29,central_path,transit,510,535,08:30,08:55,25
18,30,central_path,transit,510,535,08:30,08:55,25
18,31,central_path,transit,510,535,08:30,08:55,25
18,32,central_path,transit,510,535,08:30,08:55,25
18,33,central_path,transit,510,535,08:30,08:55,25
18,34,central_path,transit,510,535,08:30,08:55,25
18,35,central_path,transit,510,535,08:30,08:55,25
19,20,central_path,transit,510,535,08:30,08:55,25
19,21,central_path,transit,510,535,08:30,08:55,25
19,22,central_path,transit,510,535,08:30,08:55,25
19,23,central_path,transit,510,535,08:30,08:55,25
19,24,central_path,transit,510,535,08:30,08:55,25
19,25,central_path,transit,510,535,08:30,08:55,25
19,26,central_path,transit,510,535,08:30,08:55,25
19,27,central_path,transit,510,535,08:30,08:55,25
19,28,central_path,transit,510,535,08:30,08:55,25
19,29,central_path,transit,510,535,08:30,08:55,25
19,30,central_path,transit,510,535,08:30,08:55,25
19,31,central_path,transit,510,535,08:30,08:55,25
19,32,central_path,transit,510,535,08:30,08:55,25
19,33,central_path,transit,510,535,08:30,08:55,25
19,34,central_path,transit,510,535,08:30,08:55,25
19,35,central_path,transit,510,535,08:30,08:55,25
20,21,central_path,transit,510,535,08:30,08:55,25
20,22,central_path,transit,510,535,08:30,08:55,25
20,23,central_path,transit,510,535,08:30,08:55,25
20,24,central_path,transit,510,535,08:30,08:55,25
20,25,central_path,transit,510,535,08:30,08:55,25
20,26,central_path,transit,510,535,08:30,08:55,25
20,27,central_path,transit,510,535,08:30,08:55,25
20,28,central_path,transit,510,535,08:30,08:55,25
20,29,central_path,transit,510,535,08:30,08:55,25
20,30,central_path,transit,510,535,08:30,08:55,25
20,31,central_path,transit,510,535,08:30,08:55,25
20,32,central_path,transit,510,535,08:30,08:55,25
20,33,central_path,transit,510,535,08:30,08:55,25
20,34,central_path,transit,510,535,08:30,08:55,25
20,35,central_path,transit,510,535,08:30,08:55,25
21,22,central_path,transit,510,535,08:30,08:55,25
21,23,central_path,transit,510,535,08:30,08:55,25
21,24,central_path,transit,510,535,08:30,08:55,25
21,25,central_path,transit,510,535,08:30,08:55,25
21,26,central_path,transit,510,535,08:30,08:55,25
21,27,central_path,transit,510,535,08:30,08:55,25
21,28,central_path,transit,510,535,08:30,08:55,25
21,29,central_path,transit,510,535,08:30,08:55,25
21,30,central_path,transit,510,535,08:30,08:55,25
21,31,central_path,transit,510,535,08:30,08:55,25
21,32,central_path,transit,510,535,08:30,08:55,25
21,33,central_path,transit,510,535,08:30,08:55,25
21,34,central_path,transit,510,535,08:30,08:55,25
21,35,central_path,transit,510,535,08:30,08:55,25
22,23,central_path,transit,510,535,08:30,08:55,25
22,24,central_path,transit,510,535,08:30,08:55,25
22,25,central_path,transit,510,535,08:30,08:55,25
22,26,central_path,transit,510,535,08:30,08:55,25
22,27,central_path,transit,510,535,08:30,08:55,25
22,28,central_path,transit,510,535,08:30,08:55,25
22,29,central_path,transit,510,535,08:30,08:55,25
22,30,central_path,transit,510,535,08:30,08:55,25
22,31,central_path,transit,510,535,08:30,08:55,25
22,32,central_path,transit,510,535,08:30,08:55,25
22,33,central_path,transit,510,535,08:30,08:55,25
22,34,central_path,transit,510,535,08:30,08:55,25
22,35,central_path,transit,510,535,08:30,08:55,25
23,24,central_path,transit,510,535,08:30,08:55,25
23,25,central_path,transit,510,535,08:30,08:55,25
23,26,central_path,transit,510,535,08:30,08:55,25
23,27,central_path,transit,510,535,08:30,08:55,25
23,28,central_path,transit,510,535,08:30,08:55,25
23,29,central_path,transit,510,535,08:30,08:55,25
23,30,central_path,transit,510,535,08:30,08:55,25
23,31,central_path,transit,510,535,08:30,08:55,25
23,32,central_path,transit,510,535,08:30,08:55,25
23,33,central_path,transit,510,535,08:30,08:55,25
23,34,central_path,transit,510,535,08:30,08:55,25
23,35,central_path,transit,510,535,08:30,08:55,25
24,25,central_path,transit,510,535,08:30,08:55,25
24,26,central_path,transit,510,535,08:30,08:55,25
24,27,central_path,transit,510,535,08:30,08:55,25
24,28,central_path,transit,510,535,08:30,08:55,25
24,29,central_path,transit,510,535,08:30,08:55,25
24,30,central_path,transit,510,535,08:30,08:55,25
24,31,central_path,transit,510,535,08:30,08:55,25
24,32,central_path,transit,510,535,08:30,08:55,25
24,33,central_path,transit,510,535,08:30,08:55,25
24,34,central_path,transit,510,535,08:30,08:55,25
24,35,central_path,transit,510,535,08:30,08:55,25
25,26,central_path,transit,510,535,08:30,08:55,25
25,27,central_path,transit,510,535,08:30,08:55,25
25,28,central_path,transit,510,535,08:30,08:55,25
25,29,central_path,transit,510,535,08:30,08:55,25
25,30,central_path,transit,510,535,08:30,08:55,25
25,31,central_path,transit,510,535,08:30,08:55,25
25,32,central_path,transit,510,535,08:30,08:55,25
25,33,central_path,transit,510,535,08:30,08:55,25
25,34,central_path,transit,510,535,08:30,08:55,25
25,35,central_path,transit,510,535,08:30,08:55,25
26,27,central_path,transit,510,535,08:30,08:55,25
26,28,central_path,transit,510,535,08:30,08:55,25
26,29,central_path,transit,510,535,08:30,08:55,25
26,30,central_path,transit,510,535,08:30,08:55,25
26,31,central_path,transit,510,535,08:30,08:55,25
26,32,central_path,transit,510,535,08:30,08:55,25
26,33,central_path,transit,510,535,08:30,08:55,25
26,34,central_path,transit,510,535,08:30,08:55,25
26,35,central_path,transit,510,535,08:30,08:55,25
27,28,central_path,transit,510,535,08:30,08:55,25
27,29,central_path,transit,510,535,08:30,08:55,25
27,30,central_path,transit,510,535,08:30,08:55,25
27,31,central_path,transit,510,535,08:30,08:55,25
27,32,central_path,transit,510,535,08:30,08:55,25
27,33,central_path,transit,510,535,08:30,08:55,25
27,34,central_path,transit,510,535,08:30,08:55,25
27,35,central_path,transit,510,535,08:30,08:55,25
28,29,central_path,transit,510,535,08:30,08:55,25
28,30,central_path,transit,510,535,08:30,08:55,25
28,31,central_path,transit,510,535,08:30,08:55,25
28,32,central_path,transit,510,535,08:30,08:55,25
28,33,central_path,transit,510,535,08:30,08:55,25
28,34,central_path,transit,510,535,08:30,08:55,25
28,35,central_path,transit,510,535,08:30,08:55,25
29,30,central_path,transit,510,535,08:30,08:55,25
29,31,central_path,transit,510,535,08:30,08:55,25
29,32,central_path,transit,510,535,08:30,08:55,25
29,33,central_path,transit,510,535,08:30,08:55,25
29,34,central_path,transit,510,535,08:30,08:55,25
29,35,central_path,transit,510,535,08:30,08:55,25
30,31,central_path,transit,510,535,08:30,08:55,25
30,32,central_path,transit,510,535,08:30,08:55,25
30,33,central_path,transit,510,535,08:30,08:55,25
30,34,central_path,transit,510,535,08:30,08:55,25
30,35,central_path,transit,510,535,08:30,08:55,25
31,32,central_path,transit,510,535,08:30,08:55,25
31,33,central_path,transit,510,535,08:30,08:55,25
31,34,central_path,transit,510,535,08:30,08:55,25
31,35,central_path,transit,510,535,08:30,08:55,25
32,33,central_path,transit,510,535,08:30,08:55,25
32,34,central_path,transit,510,535,08:30,08:55,25
32,35,central_path,transit,510,535,08:30,08:55,25
33,34,central_path,transit,510,535,08:30,08:55,25
33,35,central_path,transit,510,535,08:30,08:55,25
34,35,central_path,transit,510,535,08:30,08:55,25
0,1,mine_path,transit,510,535,08:30,08:55,25
0,2,mine_path,transit,510,535,08:30,08:55,25
0,3,mine_path,transit,510,535,08:30,08:55,25
0,4,mine_path,transit,510,535,08:30,08:55,25
0,5,mine_path,transit,510,535,08:30,08:55,25
0,6,mine_path,transit,510,535,08:30,08:55,25
0,7,mine_path,transit,510,535,08:30,08:55,25
0,8,mine_path,transit,510,535,08:30,08:55,25
0,9,mine_path,transit,510,535,08:30,08:55,25
1,2,mine_path,transit,510,535,08:30,08:55,25
1,3,mine_path,transit,510,535,08:30,08:55,25
1,4,mine_path,transit,510,535,08:30,08:55,25
1,5,mine_path,transit,510,535,08:30,08:55,25
1,6,mine_path,transit,510,535,08:30,08:55,25
1,7,mine_path,transit,510,535,08:30,08:55,25
1,8,mine_path,transit,510,535,08:30,08:55,25
1,9,mine_path,transit,510,535,08:30,08:55,25
2,3,mine_path,transit,510,535,08:30,08:55,25
2,4,mine_path,transit,510,535,08:30,08:55,25
2,5,mine_path,transit,510,535,08:30,08:55,25
2,6,mine_path,transit,510,535,08:30,08:55,25
2,7,mine_path,transit,510,535,08:30,08:55,25
2,8,mine_path,transit,510,535,08:30,08:55,25
2,9,mine_path,transit,510,535,08:30,08:55,25
3,4,mine_path,transit,510,535,08:30,08:55,25
3,5,mine_path,transit,510,535,08:30,08:55,25
3,6,mine_path,transit,510,535,08:30,08:55,25
3,7,mine_path,transit,510,535,08:30,08:55,25
3,8,mine_path,transit,510,535,08:30,08:55,25
3,9,mine_path,transit,510,535,08:30,08:55,25
4,5,mine_path,transit,510,535,08:30,08:55,25
4,6,mine_path,transit,510,535,08:30,08:55,25
4,7,mine_path,transit,510,535,08:30,08:55,25
4,8,mine_path,transit,510,535,08:30,08:55,25
4,9,mine_path,transit,510,535,08:30,08:55,25
5,6,mine_path,transit,510,535,08:30,08:55,25
5,7,mine_path,transit,510,535,08:30,08:55,25
5,8,mine_path,transit,510,535,08:30,08:55,25
5,9,mine_path,transit,510,535,08:30,08:55,25
6,7,mine_path,transit,510,535,08:30,08:55,25
6,8,mine_path,transit,510,535,08:30,08:55,25
6,9,mine_path,transit,510,535,08:30,08:55,25
7,8,mine_path,transit,510,535,08:30,08:55,25
7,9,mine_path,transit,510,535,08:30,08:55,25
8,9,mine_path,transit,510,535,08:30,08:55,25
31,32,administration,work,535,710,08:55,11:50,175
31,33,administration,work,535,710,08:55,11:50,175
31,34,administration,work,535,710,08:55,11:50,175
31,35,administration,work,535,710,08:55,11:50,175
32,33,administration,work,535,710,08:55,11:50,175
32,34,administration,work,535,710,08:55,11:50,175
32,35,administration,work,535,710,08:55,11:50,175
33,34,administration,work,535,710,08:55,11:50,175
33,35,administration,work,535,710,08:55,11:50,175
34,35,administration,work,535,710,08:55,11:50,175
29,30,clinic,work,535,710,08:55,11:50,175
21,22,depot,work,535,710,08:55,11:50,175
21,23,depot,work,535,710,08:55,11:50,175
21,24,depot,work,535,710,08:55,11:50,175
22,23,depot,work,535,710,08:55,11:50,175
22,24,depot,work,535,710,08:55,11:50,175
23,24,depot,work,535,710,08:55,11:50,175
10,11,greenhouse,work,535,710,08:55,11:50,175
10,12,greenhouse,work,535,710,08:55,11:50,175
10,13,greenhouse,work,535,710,08:55,11:50,175
10,14,greenhouse,work,535,710,08:55,11:50,175
10,15,greenhouse,work,535,710,08:55,11:50,175
11,12,greenhouse,work,535,710,08:55,11:50,175
11,13,greenhouse,work,535,710,08:55,11:50,175
11,14,greenhouse,work,535,710,08:55,11:50,175
11,15,greenhouse,work,535,710,08:55,11:50,175
12,13,greenhouse,work,535,710,08:55,11:50,175
12,14,greenhouse,work,535,710,08:55,11:50,175
12,15,greenhouse,work,535,710,08:55,11:50,175
13,14,greenhouse,work,535,710,08:55,11:50,175
13,15,greenhouse,work,535,710,08:55,11:50,175
14,15,greenhouse,work,535,710,08:55,11:50,175
0,1,mine_a,work,535,710,08:55,11:50,175
0,2,mine_a,work,535,710,08:55,11:50,175
0,3,mine_a,work,535,710,08:55,11:50,175
0,4,mine_a,work,535,710,08:55,11:50,175
1,2,mine_a,work,535,710,08:55,11:50,175
1,3,mine_a,work,535,710,08:55,11:50,175
1,4,mine_a,work,535,710,08:55,11:50,175
2,3,mine_a,work,535,710,08:55,11:50,175
2,4,mine_a,work,535,710,08:55,11:50,175
3,4,mine_a,work,535,710,08:55,11:50,175
5,6,mine_b,work,535,710,08:55,11:50,175
5,7,mine_b,work,535,710,08:55,11:50,175
5,8,mine_b,work,535,710,08:55,11:50,175
5,9,mine_b,work,535,710,08:55,11:50,175
6,7,mine_b,work,535,710,08:55,11:50,175
6,8,mine_b,work,535,710,08:55,11:50,175
6,9,mine_b,work,535,710,08:55,11:50,175
7,8,mine_b,work,535,710,08:55,11:50,175
7,9,mine_b,work,535,710,08:55,11:50,175
8,9,mine_b,work,535,710,08:55,11:50,175
25,26,security_post,work,535,710,08:55,11:50,175
25,27,security_post,work,535,710,08:55,11:50,175
25,28,security_post,work,535,710,08:55,11:50,175
26,27,security_post,work,535,710,08:55,11:50,175
26,28,security_post,work,535,710,08:55,11:50,175
27,28,security_post,work,535,710,08:55,11:50,175
16,17,workshop,work,535,710,08:55,11:50,175
16,18,workshop,work,535,710,08:55,11:50,175
16,19,workshop,work,535,710,08:55,11:50,175
16,20,workshop,work,535,710,08:55,11:50,175
17,18,workshop,work,535,710,08:55,11:50,175
17,19,workshop,work,535,710,08:55,11:50,175
17,20,workshop,work,535,710,08:55,11:50,175
18,19,workshop,work,535,710,08:55,11:50,175
18,20,workshop,work,535,710,08:55,11:50,175
19,20,workshop,work,535,710,08:55,11:50,175
0,1,central_path,transit,710,725,11:50,12:05,15
0,2,central_path,transit,710,725,11:50,12:05,15
0,3,central_path,transit,710,725,11:50,12:05,15
0,4,central_path,transit,710,725,11:50,12:05,15
0,5,central_path,transit,710,725,11:50,12:05,15
0,6,central_path,transit,710,725,11:50,12:05,15
0,7,central_path,transit,710,725,11:50,12:05,15
0,8,central_path,transit,710,725,11:50,12:05,15
0,9,central_path,transit,710,725,11:50,12:05,15
0,10,central_path,transit,710,725,11:50,12:05,15
0,11,central_path,transit,710,725,11:50,12:05,15
0,12,central_path,transit,710,725,11:50,12:05,15
0,13,central_path,transit,710,725,11:50,12:05,15
0,14,central_path,transit,710,725,11:50,12:05,15
0,15,central_path,transit,710,725,11:50,12:05,15
0,16,central_path,transit,710,725,11:50,12:05,15
0,17,central_path,transit,710,725,11:50,12:05,15
0,18,central_path,transit,710,725,11:50,12:05,15
0,19,central_path,transit,710,725,11:50,12:05,15
0,20,central_path,transit,710,725,11:50,12:05,15
0,21,central_path,transit,710,725,11:50,12:05,15
0,22,central_path,transit,710,725,11:50,12:05,15
0,23,central_path,transit,710,725,11:50,12:05,15
0,24,central_path,transit,710,725,11:50,12:05,15
0,25,central_path,transit,710,725,11:50,12:05,15
0,26,central_path,transit,710,725,11:50,12:05,15
0,27,central_path,transit,710,725,11:50,12:05,15
0,28,central_path,transit,710,725,11:50,12:05,15
0,29,central_path,transit,710,725,11:50,12:05,15
0,30,central_path,transit,710,725,11:50,12:05,15
0,31,central_path,transit,710,725,11:50,12:05,15
0,32,central_path,transit,710,725,11:50,12:05,15
0,33,central_path,transit,710,725,11:50,12:05,15
0,34,central_path,transit,710,725,11:50,12:05,15
0,35,central_path,transit,710,725,11:50,12:05,15
1,2,central_path,transit,710,725,11:50,12:05,15
1,3,central_path,transit,710,725,11:50,12:05,15
1,4,central_path,transit,710,725,11:50,12:05,15
1,5,central_path,transit,710,725,11:50,12:05,15
1,6,central_path,transit,710,725,11:50,12:05,15
1,7,central_path,transit,710,725,11:50,12:05,15
1,8,central_path,transit,710,725,11:50,12:05,15
1,9,central_path,transit,710,725,11:50,12:05,15
1,10,central_path,transit,710,725,11:50,12:05,15
1,11,central_path,transit,710,725,11:50,12:05,15
1,12,central_path,transit,710,725,11:50,12:05,15
1,13,central_path,transit,710,725,11:50,12:05,15
1,14,central_path,transit,710,725,11:50,12:05,15
1,15,central_path,transit,710,725,11:50,12:05,15
1,16,central_path,transit,710,725,11:50,12:05,15
1,17,central_path,transit,710,725,11:50,12:05,15
1,18,central_path,transit,710,725,11:50,12:05,15
1,19,central_path,transit,710,725,11:50,12:05,15
1,20,central_path,transit,710,725,11:50,12:05,15
1,21,central_path,transit,710,725,11:50,12:05,15
1,22,central_path,transit,710,725,11:50,12:05,15
1,23,central_path,transit,710,725,11:50,12:05,15
1,24,central_path,transit,710,725,11:50,12:05,15
1,25,central_path,transit,710,725,11:50,12:05,15
1,26,central_path,transit,710,725,11:50,12:05,15
1,27,central_path,transit,710,725,11:50,12:05,15
1,28,central_path,transit,710,725,11:50,12:05,15
1,29,central_path,transit,710,725,11:50,12:05,15
1,30,central_path,transit,710,725,11:50,12:05,15
1,31,central_path,transit,710,725,11:50,12:05,15
1,32,central_path,transit,710,725,11:50,12:05,15
1,33,central_path,transit,710,725,11:50,12:05,15
1,34,central_path,transit,710,725,11:50,12:05,15
1,35,central_path,transit,710,725,11:50,12:05,15
2,3,central_path,transit,710,725,11:50,12:05,15
2,4,central_path,transit,710,725,11:50,12:05,15
2,5,central_path,transit,710,725,11:50,12:05,15
2,6,central_path,transit,710,725,11:50,12:05,15
2,7,central_path,transit,710,725,11:50,12:05,15
2,8,central_path,transit,710,725,11:50,12:05,15
2,9,central_path,transit,710,725,11:50,12:05,15
2,10,central_path,transit,710,725,11:50,12:05,15
2,11,central_path,transit,710,725,11:50,12:05,15
2,12,central_path,transit,710,725,11:50,12:05,15
2,13,central_path,transit,710,725,11:50,12:05,15
2,14,central_path,transit,710,725,11:50,12:05,15
2,15,central_path,transit,710,725,11:50,12:05,15
2,16,central_path,transit,710,725,11:50,12:05,15
2,17,central_path,transit,710,725,11:50,12:05,15
2,18,central_path,transit,710,725,11:50,12:05,15
2,19,central_path,transit,710,725,11:50,12:05,15
2,20,central_path,transit,710,725,11:50,12:05,15
2,21,central_path,transit,710,725,11:50,12:05,15
2,22,central_path,transit,710,725,11:50,12:05,15
2,23,central_path,transit,710,725,11:50,12:05,15
2,24,central_path,transit,710,725,11:50,12:05,15
2,25,central_path,transit,710,725,11:50,12:05,15
2,26,central_path,transit,710,725,11:50,12:05,15
2,27,central_path,transit,710,725,11:50,12:05,15
2,28,central_path,transit,710,725,11:50,12:05,15
2,29,central_path,transit,710,725,11:50,12:05,15
2,30,central_path,transit,710,725,11:50,12:05,15
2,31,central_path,transit,710,725,11:50,12:05,15
2,32,central_path,transit,710,725,11:50,12:05,15
2,33,central_path,transit,710,725,11:50,12:05,15
2,34,central_path,transit,710,725,11:50,12:05,15
2,35,central_path,transit,710,725,11:50,12:05,15
3,4,central_path,transit,710,725,11:50,12:05,15
3,5,central_path,transit,710,725,11:50,12:05,15
3,6,central_path,transit,710,725,11:50,12:05,15
3,7,central_path,transit,710,725,11:50,12:05,15
3,8,central_path,transit,710,725,11:50,12:05,15
3,9,central_path,transit,710,725,11:50,12:05,15
3,10,central_path,transit,710,725,11:50,12:05,15
3,11,central_path,transit,710,725,11:50,12:05,15
3,12,central_path,transit,710,725,11:50,12:05,15
3,13,central_path,transit,710,725,11:50,12:05,15
3,14,central_path,transit,710,725,11:50,12:05,15
3,15,central_path,transit,710,725,11:50,12:05,15
3,16,central_path,transit,710,725,11:50,12:05,15
3,17,central_path,transit,710,725,11:50,12:05,15
3,18,central_path,transit,710,725,11:50,12:05,15
3,19,central_path,transit,710,725,11:50,12:05,15
3,20,central_path,transit,710,725,11:50,12:05,15
3,21,central_path,transit,710,725,11:50,12:05,15
3,22,central_path,transit,710,725,11:50,12:05,15
3,23,central_path,transit,710,725,11:50,12:05,15
3,24,central_path,transit,710,725,11:50,12:05,15
3,25,central_path,transit,710,725,11:50,12:05,15
3,26,central_path,transit,710,725,11:50,12:05,15
3,27,central_path,transit,710,725,11:50,12:05,15
3,28,central_path,transit,710,725,11:50,12:05,15
3,29,central_path,transit,710,725,11:50,12:05,15
3,30,central_path,transit,710,725,11:50,12:05,15
3,31,central_path,transit,710,725,11:50,12:05,15
3,32,central_path,transit,710,725,11:50,12:05,15
3,33,central_path,transit,710,725,11:50,12:05,15
3,34,central_path,transit,710,725,11:50,12:05,15
3,35,central_path,transit,710,725,11:50,12:05,15
4,5,central_path,transit,710,725,11:50,12:05,15
4,6,central_path,transit,710,725,11:50,12:05,15
4,7,central_path,transit,710,725,11:50,12:05,15
4,8,central_path,transit,710,725,11:50,12:05,15
4,9,central_path,transit,710,725,11:50,12:05,15
4,10,central_path,transit,710,725,11:50,12:05,15
4,11,central_path,transit,710,725,11:50,12:05,15
4,12,central_path,transit,710,725,11:50,12:05,15
4,13,central_path,transit,710,725,11:50,12:05,15
4,14,central_path,transit,710,725,11:50,12:05,15
4,15,central_path,transit,710,725,11:50,12:05,15
4,16,central_path,transit,710,725,11:50,12:05,15
4,17,central_path,transit,710,725,11:50,12:05,15
4,18,central_path,transit,710,725,11:50,12:05,15
4,19,central_path,transit,710,725,11:50,12:05,15
4,20,central_path,transit,710,725,11:50,12:05,15
4,21,central_path,transit,710,725,11:50,12:05,15
4,22,central_path,transit,710,725,11:50,12:05,15
4,23,central_path,transit,710,725,11:50,12:05,15
4,24,central_path,transit,710,725,11:50,12:05,15
4,25,central_path,transit,710,725,11:50,12:05,15
4,26,central_path,transit,710,725,11:50,12:05,15
4,27,central_path,transit,710,725,11:50,12:05,15
4,28,central_path,transit,710,725,11:50,12:05,15
4,29,central_path,transit,710,725,11:50,12:05,15
4,30,central_path,transit,710,725,11:50,12:05,15
4,31,central_path,transit,710,725,11:50,12:05,15
4,32,central_path,transit,710,725,11:50,12:05,15
4,33,central_path,transit,710,725,11:50,12:05,15
4,34,central_path,transit,710,725,11:50,12:05,15
4,35,central_path,transit,710,725,11:50,12:05,15
5,6,central_path,transit,710,725,11:50,12:05,15
5,7,central_path,transit,710,725,11:50,12:05,15
5,8,central_path,transit,710,725,11:50,12:05,15
5,9,central_path,transit,710,725,11:50,12:05,15
5,10,central_path,transit,710,725,11:50,12:05,15
5,11,central_path,transit,710,725,11:50,12:05,15
5,12,central_path,transit,710,725,11:50,12:05,15
5,13,central_path,transit,710,725,11:50,12:05,15
5,14,central_path,transit,710,725,11:50,12:05,15
5,15,central_path,transit,710,725,11:50,12:05,15
5,16,central_path,transit,710,725,11:50,12:05,15
5,17,central_path,transit,710,725,11:50,12:05,15
5,18,central_path,transit,710,725,11:50,12:05,15
5,19,central_path,transit,710,725,11:50,12:05,15
5,20,central_path,transit,710,725,11:50,12:05,15
5,21,central_path,transit,710,725,11:50,12:05,15
5,22,central_path,transit,710,725,11:50,12:05,15
5,23,central_path,transit,710,725,11:50,12:05,15
5,24,central_path,transit,710,725,11:50,12:05,15
5,25,central_path,transit,710,725,11:50,12:05,15
5,26,central_path,transit,710,725,11:50,12:05,15
5,27,central_path,transit,710,725,11:50,12:05,15
5,28,central_path,transit,710,725,11:50,12:05,15
5,29,central_path,transit,710,725,11:50,12:05,15
5,30,central_path,transit,710,725,11:50,12:05,15
5,31,central_path,transit,710,725,11:50,12:05,15
5,32,central_path,transit,710,725,11:50,12:05,15
5,33,central_path,transit,710,725,11:50,12:05,15
5,34,central_path,transit,710,725,11:50,12:05,15
5,35,central_path,transit,710,725,11:50,12:05,15
6,7,central_path,transit,710,725,11:50,12:05,15
6,8,central_path,transit,710,725,11:50,12:05,15
6,9,central_path,transit,710,725,11:50,12:05,15
6,10,central_path,transit,710,725,11:50,12:05,15
6,11,central_path,transit,710,725,11:50,12:05,15
6,12,central_path,transit,710,725,11:50,12:05,15
6,13,central_path,transit,710,725,11:50,12:05,15
6,14,central_path,transit,710,725,11:50,12:05,15
6,15,central_path,transit,710,725,11:50,12:05,15
6,16,central_path,transit,710,725,11:50,12:05,15
6,17,central_path,transit,710,725,11:50,12:05,15
6,18,central_path,transit,710,725,11:50,12:05,15
6,19,central_path,transit,710,725,11:50,12:05,15
6,20,central_path,transit,710,725,11:50,12:05,15
6,21,central_path,transit,710,725,11:50,12:05,15
6,22,central_path,transit,710,725,11:50,12:05,15
6,23,central_path,transit,710,725,11:50,12:05,15
6,24,central_path,transit,710,725,11:50,12:05,15
6,25,central_path,transit,710,725,11:50,12:05,15
6,26,central_path,transit,710,725,11:50,12:05,15
6,27,central_path,transit,710,725,11:50,12:05,15
6,28,central_path,transit,710,725,11:50,12:05,15
6,29,central_path,transit,710,725,11:50,12:05,15
6,30,central_path,transit,710,725,11:50,12:05,15
6,31,central_path,transit,710,725,11:50,12:05,15
6,32,central_path,transit,710,725,11:50,12:05,15
6,33,central_path,transit,710,725,11:50,12:05,15
6,34,central_path,transit,710,725,11:50,12:05,15
6,35,central_path,transit,710,725,11:50,12:05,15
7,8,central_path,transit,710,725,11:50,12:05,15
7,9,central_path,transit,710,725,11:50,12:05,15
7,10,central_path,transit,710,725,11:50,12:05,15
7,11,central_path,transit,710,725,11:50,12:05,15
7,12,central_path,transit,710,725,11:50,12:05,15
7,13,central_path,transit,710,725,11:50,12:05,15
7,14,central_path,transit,710,725,11:50,12:05,15
7,15,central_path,transit,710,725,11:50,12:05,15
7,16,central_path,transit,710,725,11:50,12:05,15
7,17,central_path,transit,710,725,11:50,12:05,15
7,18,central_path,transit,710,725,11:50,12:05,15
7,19,central_path,transit,710,725,11:50,12:05,15
7,20,central_path,transit,710,725,11:50,12:05,15
7,21,central_path,transit,710,725,11:50,12:05,15
7,22,central_path,transit,710,725,11:50,12:05,15
7,23,central_path,transit,710,725,11:50,12:05,15
7,24,central_path,transit,710,725,11:50,12:05,15
7,25,central_path,transit,710,725,11:50,12:05,15
7,26,central_path,transit,710,725,11:50,12:05,15
7,27,central_path,transit,710,725,11:50,12:05,15
7,28,central_path,transit,710,725,11:50,12:05,15
7,29,central_path,transit,710,725,11:50,12:05,15
7,30,central_path,transit,710,725,11:50,12:05,15
7,31,central_path,transit,710,725,11:50,12:05,15
7,32,central_path,transit,710,725,11:50,12:05,15
7,33,central_path,transit,710,725,11:50,12:05,15
7,34,central_path,transit,710,725,11:50,12:05,15
7,35,central_path,transit,710,725,11:50,12:05,15
8,9,central_path,transit,710,725,11:50,12:05,15
8,10,central_path,transit,710,725,11:50,12:05,15
8,11,central_path,transit,710,725,11:50,12:05,15
8,12,central_path,transit,710,725,11:50,12:05,15
8,13,central_path,transit,710,725,11:50,12:05,15
8,14,central_path,transit,710,725,11:50,12:05,15
8,15,central_path,transit,710,725,11:50,12:05,15
8,16,central_path,transit,710,725,11:50,12:05,15
8,17,central_path,transit,710,725,11:50,12:05,15
8,18,central_path,transit,710,725,11:50,12:05,15
8,19,central_path,transit,710,725,11:50,12:05,15
8,20,central_path,transit,710,725,11:50,12:05,15
8,21,central_path,transit,710,725,11:50,12:05,15
8,22,central_path,transit,710,725,11:50,12:05,15
8,23,central_path,transit,710,725,11:50,12:05,15
8,24,central_path,transit,710,725,11:50,12:05,15
8,25,central_path,transit,710,725,11:50,12:05,15
8,26,central_path,transit,710,725,11:50,12:05,15
8,27,central_path,transit,710,725,11:50,12:05,15
8,28,central_path,transit,710,725,11:50,12:05,15
8,29,central_path,transit,710,725,11:50,12:05,15
8,30,central_path,transit,710,725,11:50,12:05,15
8,31,central_path,transit,710,725,11:50,12:05,15
8,32,central_path,transit,710,725,11:50,12:05,15
8,33,central_path,transit,710,725,11:50,12:05,15
8,34,central_path,transit,710,725,11:50,12:05,15
8,35,central_path,transit,710,725,11:50,12:05,15
9,10,central_path,transit,710,725,11:50,12:05,15
9,11,central_path,transit,710,725,11:50,12:05,15
9,12,central_path,transit,710,725,11:50,12:05,15
9,13,central_path,transit,710,725,11:50,12:05,15
9,14,central_path,transit,710,725,11:50,12:05,15
9,15,central_path,transit,710,725,11:50,12:05,15
9,16,central_path,transit,710,725,11:50,12:05,15
9,17,central_path,transit,710,725,11:50,12:05,15
9,18,central_path,transit,710,725,11:50,12:05,15
9,19,central_path,transit,710,725,11:50,12:05,15
9,20,central_path,transit,710,725,11:50,12:05,15
9,21,central_path,transit,710,725,11:50,12:05,15
9,22,central_path,transit,710,725,11:50,12:05,15
9,23,central_path,transit,710,725,11:50,12:05,15
9,24,central_path,transit,710,725,11:50,12:05,15
9,25,central_path,transit,710,725,11:50,12:05,15
9,26,central_path,transit,710,725,11:50,12:05,15
9,27,central_path,transit,710,725,11:50,12:05,15
9,28,central_path,transit,710,725,11:50,12:05,15
9,29,central_path,transit,710,725,11:50,12:05,15
9,30,central_path,transit,710,725,11:50,12:05,15
9,31,central_path,transit,710,725,11:50,12:05,15
9,32,central_path,transit,710,725,11:50,12:05,15
9,33,central_path,transit,710,725,11:50,12:05,15
9,34,central_path,transit,710,725,11:50,12:05,15
9,35,central_path,transit,710,725,11:50,12:05,15
10,11,central_path,transit,710,725,11:50,12:05,15
10,12,central_path,transit,710,725,11:50,12:05,15
10,13,central_path,transit,710,725,11:50,12:05,15
10,14,central_path,transit,710,725,11:50,12:05,15
10,15,central_path,transit,710,725,11:50,12:05,15
10,16,central_path,transit,710,725,11:50,12:05,15
10,17,central_path,transit,710,725,11:50,12:05,15
10,18,central_path,transit,710,725,11:50,12:05,15
10,19,central_path,transit,710,725,11:50,12:05,15
10,20,central_path,transit,710,725,11:50,12:05,15
10,21,central_path,transit,710,725,11:50,12:05,15
10,22,central_path,transit,710,725,11:50,12:05,15
10,23,central_path,transit,710,725,11:50,12:05,15
10,24,central_path,transit,710,725,11:50,12:05,15
10,25,central_path,transit,710,725,11:50,12:05,15
10,26,central_path,transit,710,725,11:50,12:05,15
10,27,central_path,transit,710,725,11:50,12:05,15
10,28,central_path,transit,710,725,11:50,12:05,15
10,29,central_path,transit,710,725,11:50,12:05,15
10,30,central_path,transit,710,725,11:50,12:05,15
10,31,central_path,transit,710,725,11:50,12:05,15
10,32,central_path,transit,710,725,11:50,12:05,15
10,33,central_path,transit,710,725,11:50,12:05,15
10,34,central_path,transit,710,725,11:50,12:05,15
10,35,central_path,transit,710,725,11:50,12:05,15
11,12,central_path,transit,710,725,11:50,12:05,15
11,13,central_path,transit,710,725,11:50,12:05,15
11,14,central_path,transit,710,725,11:50,12:05,15
11,15,central_path,transit,710,725,11:50,12:05,15
11,16,central_path,transit,710,725,11:50,12:05,15
11,17,central_path,transit,710,725,11:50,12:05,15
11,18,central_path,transit,710,725,11:50,12:05,15
11,19,central_path,transit,710,725,11:50,12:05,15
11,20,central_path,transit,710,725,11:50,12:05,15
11,21,central_path,transit,710,725,11:50,12:05,15
11,22,central_path,transit,710,725,11:50,12:05,15
11,23,central_path,transit,710,725,11:50,12:05,15
11,24,central_path,transit,710,725,11:50,12:05,15
11,25,central_path,transit,710,725,11:50,12:05,15
11,26,central_path,transit,710,725,11:50,12:05,15
11,27,central_path,transit,710,725,11:50,12:05,15
11,28,central_path,transit,710,725,11:50,12:05,15
11,29,central_path,transit,710,725,11:50,12:05,15
11,30,central_path,transit,710,725,11:50,12:05,15
11,31,central_path,transit,710,725,11:50,12:05,15
11,32,central_path,transit,710,725,11:50,12:05,15
11,33,central_path,transit,710,725,11:50,12:05,15
11,34,central_path,transit,710,725,11:50,12:05,15
11,35,central_path,transit,710,725,11:50,12:05,15
12,13,central_path,transit,710,725,11:50,12:05,15
12,14,central_path,transit,710,725,11:50,12:05,15
12,15,central_path,transit,710,725,11:50,12:05,15
12,16,central_path,transit,710,725,11:50,12:05,15
12,17,central_path,transit,710,725,11:50,12:05,15
12,18,central_path,transit,710,725,11:50,12:05,15
12,19,central_path,transit,710,725,11:50,12:05,15
12,20,central_path,transit,710,725,11:50,12:05,15
12,21,central_path,transit,710,725,11:50,12:05,15
12,22,central_path,transit,710,725,11:50,12:05,15
12,23,central_path,transit,710,725,11:50,12:05,15
12,24,central_path,transit,710,725,11:50,12:05,15
12,25,central_path,transit,710,725,11:50,12:05,15
12,26,central_path,transit,710,725,11:50,12:05,15
12,27,central_path,transit,710,725,11:50,12:05,15
12,28,central_path,transit,710,725,11:50,12:05,15
12,29,central_path,transit,710,725,11:50,12:05,15
12,30,central_path,transit,710,725,11:50,12:05,15
12,31,central_path,transit,710,725,11:50,12:05,15
12,32,central_path,transit,710,725,11:50,12:05,15
12,33,central_path,transit,710,725,11:50,12:05,15
12,34,central_path,transit,710,725,11:50,12:05,15
12,35,central_path,transit,710,725,11:50,12:05,15
13,14,central_path,transit,710,725,11:50,12:05,15
13,15,central_path,transit,710,725,11:50,12:05,15
13,16,central_path,transit,710,725,11:50,12:05,15
13,17,central_path,transit,710,725,11:50,12:05,15
13,18,central_path,transit,710,725,11:50,12:05,15
13,19,central_path,transit,710,725,11:50,12:05,15
13,20,central_path,transit,710,725,11:50,12:05,15
13,21,central_path,transit,710,725,11:50,12:05,15
13,22,central_path,transit,710,725,11:50,12:05,15
13,23,central_path,transit,710,725,11:50,12:05,15
13,24,central_path,transit,710,725,11:50,12:05,15
13,25,central_path,transit,710,725,11:50,12:05,15
13,26,central_path,transit,710,725,11:50,12:05,15
13,27,central_path,transit,710,725,11:50,12:05,15
13,28,central_path,transit,710,725,11:50,12:05,15
13,29,central_path,transit,710,725,11:50,12:05,15
13,30,central_path,transit,710,725,11:50,12:05,15
13,31,central_path,transit,710,725,11:50,12:05,15
13,32,central_path,transit,710,725,11:50,12:05,15
13,33,central_path,transit,710,725,11:50,12:05,15
13,34,central_path,transit,710,725,11:50,12:05,15
13,35,central_path,transit,710,725,11:50,12:05,15
14,15,central_path,transit,710,725,11:50,12:05,15
14,16,central_path,transit,710,725,11:50,12:05,15
14,17,central_path,transit,710,725,11:50,12:05,15
14,18,central_path,transit,710,725,11:50,12:05,15
14,19,central_path,transit,710,725,11:50,12:05,15
14,20,central_path,transit,710,725,11:50,12:05,15
14,21,central_path,transit,710,725,11:50,12:05,15
14,22,central_path,transit,710,725,11:50,12:05,15
14,23,central_path,transit,710,725,11:50,12:05,15
14,24,central_path,transit,710,725,11:50,12:05,15
14,25,central_path,transit,710,725,11:50,12:05,15
14,26,central_path,transit,710,725,11:50,12:05,15
14,27,central_path,transit,710,725,11:50,12:05,15
14,28,central_path,transit,710,725,11:50,12:05,15
14,29,central_path,transit,710,725,11:50,12:05,15
14,30,central_path,transit,710,725,11:50,12:05,15
14,31,central_path,transit,710,725,11:50,12:05,15
14,32,central_path,transit,710,725,11:50,12:05,15
14,33,central_path,transit,710,725,11:50,12:05,15
14,34,central_path,transit,710,725,11:50,12:05,15
14,35,central_path,transit,710,725,11:50,12:05,15
15,16,central_path,transit,710,725,11:50,12:05,15
15,17,central_path,transit,710,725,11:50,12:05,15
15,18,central_path,transit,710,725,11:50,12:05,15
15,19,central_path,transit,710,725,11:50,12:05,15
15,20,central_path,transit,710,725,11:50,12:05,15
15,21,central_path,transit,710,725,11:50,12:05,15
15,22,central_path,transit,710,725,11:50,12:05,15
15,23,central_path,transit,710,725,11:50,12:05,15
15,24,central_path,transit,710,725,11:50,12:05,15
15,25,central_path,transit,710,725,11:50,12:05,15
15,26,central_path,transit,710,725,11:50,12:05,15
15,27,central_path,transit,710,725,11:50,12:05,15
15,28,central_path,transit,710,725,11:50,12:05,15
15,29,central_path,transit,710,725,11:50,12:05,15
15,30,central_path,transit,710,725,11:50,12:05,15
15,31,central_path,transit,710,725,11:50,12:05,15
15,32,central_path,transit,710,725,11:50,12:05,15
15,33,central_path,transit,710,725,11:50,12:05,15
15,34,central_path,transit,710,725,11:50,12:05,15
15,35,central_path,transit,710,725,11:50,12:05,15
16,17,central_path,transit,710,725,11:50,12:05,15
16,18,central_path,transit,710,725,11:50,12:05,15
16,19,central_path,transit,710,725,11:50,12:05,15
16,20,central_path,transit,710,725,11:50,12:05,15
16,21,central_path,transit,710,725,11:50,12:05,15
16,22,central_path,transit,710,725,11:50,12:05,15
16,23,central_path,transit,710,725,11:50,12:05,15
16,24,central_path,transit,710,725,11:50,12:05,15
16,25,central_path,transit,710,725,11:50,12:05,15
16,26,central_path,transit,710,725,11:50,12:05,15
16,27,central_path,transit,710,725,11:50,12:05,15
16,28,central_path,transit,710,725,11:50,12:05,15
16,29,central_path,transit,710,725,11:50,12:05,15
16,30,central_path,transit,710,725,11:50,12:05,15
16,31,central_path,transit,710,725,11:50,12:05,15
16,32,central_path,transit,710,725,11:50,12:05,15
16,33,central_path,transit,710,725,11:50,12:05,15
16,34,central_path,transit,710,725,11:50,12:05,15
16,35,central_path,transit,710,725,11:50,12:05,15
17,18,central_path,transit,710,725,11:50,12:05,15
17,19,central_path,transit,710,725,11:50,12:05,15
17,20,central_path,transit,710,725,11:50,12:05,15
17,21,central_path,transit,710,725,11:50,12:05,15
17,22,central_path,transit,710,725,11:50,12:05,15
17,23,central_path,transit,710,725,11:50,12:05,15
17,24,central_path,transit,710,725,11:50,12:05,15
17,25,central_path,transit,710,725,11:50,12:05,15
17,26,central_path,transit,710,725,11:50,12:05,15
17,27,central_path,transit,710,725,11:50,12:05,15
17,28,central_path,transit,710,725,11:50,12:05,15
17,29,central_path,transit,710,725,11:50,12:05,15
17,30,central_path,transit,710,725,11:50,12:05,15
17,31,central_path,transit,710,725,11:50,12:05,15
17,32,central_path,transit,710,725,11:50,12:05,15
17,33,central_path,transit,710,725,11:50,12:05,15
17,34,central_path,transit,710,725,11:50,12:05,15
17,35,central_path,transit,710,725,11:50,12:05,15
18,19,central_path,transit,710,725,11:50,12:05,15
18,20,central_path,transit,710,725,11:50,12:05,15
18,21,central_path,transit,710,725,11:50,12:05,15
18,22,central_path,transit,710,725,11:50,12:05,15
18,23,central_path,transit,710,725,11:50,12:05,15
18,24,central_path,transit,710,725,11:50,12:05,15
18,25,central_path,transit,710,725,11:50,12:05,15
18,26,central_path,transit,710,725,11:50,12:05,15
18,27,central_path,transit,710,725,11:50,12:05,15
18,28,central_path,transit,710,725,11:50,12:05,15
18,29,central_path,transit,710,725,11:50,12:05,15
18,30,central_path,transit,710,725,11:50,12:05,15
18,31,central_path,transit,710,725,11:50,12:05,15
18,32,central_path,transit,710,725,11:50,12:05,15
18,33,central_path,transit,710,725,11:50,12:05,15
18,34,central_path,transit,710,725,11:50,12:05,15
18,35,central_path,transit,710,725,11:50,12:05,15
19,20,central_path,transit,710,725,11:50,12:05,15
19,21,central_path,transit,710,725,11:50,12:05,15
19,22,central_path,transit,710,725,11:50,12:05,15
19,23,central_path,transit,710,725,11:50,12:05,15
19,24,central_path,transit,710,725,11:50,12:05,15
19,25,central_path,transit,710,725,11:50,12:05,15
19,26,central_path,transit,710,725,11:50,12:05,15
19,27,central_path,transit,710,725,11:50,12:05,15
19,28,central_path,transit,710,725,11:50,12:05,15
19,29,central_path,transit,710,725,11:50,12:05,15
19,30,central_path,transit,710,725,11:50,12:05,15
19,31,central_path,transit,710,725,11:50,12:05,15
19,32,central_path,transit,710,725,11:50,12:05,15
19,33,central_path,transit,710,725,11:50,12:05,15
19,34,central_path,transit,710,725,11:50,12:05,15
19,35,central_path,transit,710,725,11:50,12:05,15
20,21,central_path,transit,710,725,11:50,12:05,15
20,22,central_path,transit,710,725,11:50,12:05,15
20,23,central_path,transit,710,725,11:50,12:05,15
20,24,central_path,transit,710,725,11:50,12:05,15
20,25,central_path,transit,710,725,11:50,12:05,15
20,26,central_path,transit,710,725,11:50,12:05,15
20,27,central_path,transit,710,725,11:50,12:05,15
20,28,central_path,transit,710,725,11:50,12:05,15
20,29,central_path,transit,710,725,11:50,12:05,15
20,30,central_path,transit,710,725,11:50,12:05,15
20,31,central_path,transit,710,725,11:50,12:05,15
20,32,central_path,transit,710,725,11:50,12:05,15
20,33,central_path,transit,710,725,11:50,12:05,15
20,34,central_path,transit,710,725,11:50,12:05,15
20,35,central_path,transit,710,725,11:50,12:05,15
21,22,central_path,transit,710,725,11:50,12:05,15
21,23,central_path,transit,710,725,11:50,12:05,15
21,24,central_path,transit,710,725,11:50,12:05,15
21,25,central_path,transit,710,725,11:50,12:05,15
21,26,central_path,transit,710,725,11:50,12:05,15
21,27,central_path,transit,710,725,11:50,12:05,15
21,28,central_path,transit,710,725,11:50,12:05,15
21,29,central_path,transit,710,725,11:50,12:05,15
21,30,central_path,transit,710,725,11:50,12:05,15
21,31,central_path,transit,710,725,11:50,12:05,15
21,32,central_path,transit,710,725,11:50,12:05,15
21,33,central_path,transit,710,725,11:50,12:05,15
21,34,central_path,transit,710,725,11:50,12:05,15
21,35,central_path,transit,710,725,11:50,12:05,15
22,23,central_path,transit,710,725,11:50,12:05,15
22,24,central_path,transit,710,725,11:50,12:05,15
22,25,central_path,transit,710,725,11:50,12:05,15
22,26,central_path,transit,710,725,11:50,12:05,15
22,27,central_path,transit,710,725,11:50,12:05,15
22,28,central_path,transit,710,725,11:50,12:05,15
22,29,central_path,transit,710,725,11:50,12:05,15
22,30,central_path,transit,710,725,11:50,12:05,15
22,31,central_path,transit,710,725,11:50,12:05,15
22,32,central_path,transit,710,725,11:50,12:05,15
22,33,central_path,transit,710,725,11:50,12:05,15
22,34,central_path,transit,710,725,11:50,12:05,15
22,35,central_path,transit,710,725,11:50,12:05,15
23,24,central_path,transit,710,725,11:50,12:05,15
23,25,central_path,transit,710,725,11:50,12:05,15
23,26,central_path,transit,710,725,11:50,12:05,15
23,27,central_path,transit,710,725,11:50,12:05,15
23,28,central_path,transit,710,725,11:50,12:05,15
23,29,central_path,transit,710,725,11:50,12:05,15
23,30,central_path,transit,710,725,11:50,12:05,15
23,31,central_path,transit,710,725,11:50,12:05,15
23,32,central_path,transit,710,725,11:50,12:05,15
23,33,central_path,transit,710,725,11:50,12:05,15
23,34,central_path,transit,710,725,11:50,12:05,15
23,35,central_path,transit,710,725,11:50,12:05,15
24,25,central_path,transit,710,725,11:50,12:05,15
24,26,central_path,transit,710,725,11:50,12:05,15
24,27,central_path,transit,710,725,11:50,12:05,15
24,28,central_path,transit,710,725,11:50,12:05,15
24,29,central_path,transit,710,725,11:50,12:05,15
24,30,central_path,transit,710,725,11:50,12:05,15
24,31,central_path,transit,710,725,11:50,12:05,15
24,32,central_path,transit,710,725,11:50,12:05,15
24,33,central_path,transit,710,725,11:50,12:05,15
24,34,central_path,transit,710,725,11:50,12:05,15
24,35,central_path,transit,710,725,11:50,12:05,15
25,26,central_path,transit,710,725,11:50,12:05,15
25,27,central_path,transit,710,725,11:50,12:05,15
25,28,central_path,transit,710,725,11:50,12:05,15
25,29,central_path,transit,710,725,11:50,12:05,15
25,30,central_path,transit,710,725,11:50,12:05,15
25,31,central_path,transit,710,725,11:50,12:05,15
25,32,central_path,transit,710,725,11:50,12:05,15
25,33,central_path,transit,710,725,11:50,12:05,15
25,34,central_path,transit,710,725,11:50,12:05,15
25,35,central_path,transit,710,725,11:50,12:05,15
26,27,central_path,transit,710,725,11:50,12:05,15
26,28,central_path,transit,710,725,11:50,12:05,15
26,29,central_path,transit,710,725,11:50,12:05,15
26,30,central_path,transit,710,725,11:50,12:05,15
26,31,central_path,transit,710,725,11:50,12:05,15
26,32,central_path,transit,710,725,11:50,12:05,15
26,33,central_path,transit,710,725,11:50,12:05,15
26,34,central_path,transit,710,725,11:50,12:05,15
26,35,central_path,transit,710,725,11:50,12:05,15
27,28,central_path,transit,710,725,11:50,12:05,15
27,29,central_path,transit,710,725,11:50,12:05,15
27,30,central_path,transit,710,725,11:50,12:05,15
27,31,central_path,transit,710,725,11:50,12:05,15
27,32,central_path,transit,710,725,11:50,12:05,15
27,33,central_path,transit,710,725,11:50,12:05,15
27,34,central_path,transit,710,725,11:50,12:05,15
27,35,central_path,transit,710,725,11:50,12:05,15
28,29,central_path,transit,710,725,11:50,12:05,15
28,30,central_path,transit,710,725,11:50,12:05,15
28,31,central_path,transit,710,725,11:50,12:05,15
28,32,central_path,transit,710,725,11:50,12:05,15
28,33,central_path,transit,710,725,11:50,12:05,15
28,34,central_path,transit,710,725,11:50,12:05,15
28,35,central_path,transit,710,725,11:50,12:05,15
29,30,central_path,transit,710,725,11:50,12:05,15
29,31,central_path,transit,710,725,11:50,12:05,15
29,32,central_path,transit,710,725,11:50,12:05,15
29,33,central_path,transit,710,725,11:50,12:05,15
29,34,central_path,transit,710,725,11:50,12:05,15
29,35,central_path,transit,710,725,11:50,12:05,15
30,31,central_path,transit,710,725,11:50,12:05,15
30,32,central_path,transit,710,725,11:50,12:05,15
30,33,central_path,transit,710,725,11:50,12:05,15
30,34,central_path,transit,710,725,11:50,12:05,15
30,35,central_path,transit,710,725,11:50,12:05,15
31,32,central_path,transit,710,725,11:50,12:05,15
31,33,central_path,transit,710,725,11:50,12:05,15
31,34,central_path,transit,710,725,11:50,12:05,15
31,35,central_path,transit,710,725,11:50,12:05,15
32,33,central_path,transit,710,725,11:50,12:05,15
32,34,central_path,transit,710,725,11:50,12:05,15
32,35,central_path,transit,710,725,11:50,12:05,15
33,34,central_path,transit,710,725,11:50,12:05,15
33,35,central_path,transit,710,725,11:50,12:05,15
34,35,central_path,transit,710,725,11:50,12:05,15
0,1,commons,commons,725,775,12:05,12:55,50
0,2,commons,commons,725,775,12:05,12:55,50
0,3,commons,commons,725,775,12:05,12:55,50
0,4,commons,commons,725,775,12:05,12:55,50
0,5,commons,commons,725,775,12:05,12:55,50
0,6,commons,commons,725,775,12:05,12:55,50
0,7,commons,commons,725,775,12:05,12:55,50
0,8,commons,commons,725,775,12:05,12:55,50
0,9,commons,commons,725,775,12:05,12:55,50
0,10,commons,commons,725,775,12:05,12:55,50
0,11,commons,commons,725,775,12:05,12:55,50
0,12,commons,commons,725,775,12:05,12:55,50
0,13,commons,commons,725,775,12:05,12:55,50
0,14,commons,commons,725,775,12:05,12:55,50
0,15,commons,commons,725,775,12:05,12:55,50
0,16,commons,commons,725,775,12:05,12:55,50
0,17,commons,commons,725,775,12:05,12:55,50
0,18,commons,commons,725,775,12:05,12:55,50
0,19,commons,commons,725,775,12:05,12:55,50
0,20,commons,commons,725,775,12:05,12:55,50
0,21,commons,commons,725,775,12:05,12:55,50
0,22,commons,commons,725,775,12:05,12:55,50
0,23,commons,commons,725,775,12:05,12:55,50
0,24,commons,commons,725,775,12:05,12:55,50
0,25,commons,commons,725,775,12:05,12:55,50
0,26,commons,commons,725,775,12:05,12:55,50
0,27,commons,commons,725,775,12:05,12:55,50
0,28,commons,commons,725,775,12:05,12:55,50
0,29,commons,commons,725,775,12:05,12:55,50
0,30,commons,commons,725,775,12:05,12:55,50
0,31,commons,commons,725,775,12:05,12:55,50
0,32,commons,commons,725,775,12:05,12:55,50
0,33,commons,commons,725,775,12:05,12:55,50
0,34,commons,commons,725,775,12:05,12:55,50
0,35,commons,commons,725,775,12:05,12:55,50
1,2,commons,commons,725,775,12:05,12:55,50
1,3,commons,commons,725,775,12:05,12:55,50
1,4,commons,commons,725,775,12:05,12:55,50
1,5,commons,commons,725,775,12:05,12:55,50
1,6,commons,commons,725,775,12:05,12:55,50
1,7,commons,commons,725,775,12:05,12:55,50
1,8,commons,commons,725,775,12:05,12:55,50
1,9,commons,commons,725,775,12:05,12:55,50
1,10,commons,commons,725,775,12:05,12:55,50
1,11,commons,commons,725,775,12:05,12:55,50
1,12,commons,commons,725,775,12:05,12:55,50
1,13,commons,commons,725,775,12:05,12:55,50
1,14,commons,commons,725,775,12:05,12:55,50
1,15,commons,commons,725,775,12:05,12:55,50
1,16,commons,commons,725,775,12:05,12:55,50
1,17,commons,commons,725,775,12:05,12:55,50
1,18,commons,commons,725,775,12:05,12:55,50
1,19,commons,commons,725,775,12:05,12:55,50
1,20,commons,commons,725,775,12:05,12:55,50
1,21,commons,commons,725,775,12:05,12:55,50
1,22,commons,commons,725,775,12:05,12:55,50
1,23,commons,commons,725,775,12:05,12:55,50
1,24,commons,commons,725,775,12:05,12:55,50
1,25,commons,commons,725,775,12:05,12:55,50
1,26,commons,commons,725,775,12:05,12:55,50
1,27,commons,commons,725,775,12:05,12:55,50
1,28,commons,commons,725,775,12:05,12:55,50
1,29,commons,commons,725,775,12:05,12:55,50
1,30,commons,commons,725,775,12:05,12:55,50
1,31,commons,commons,725,775,12:05,12:55,50
1,32,commons,commons,725,775,12:05,12:55,50
1,33,commons,commons,725,775,12:05,12:55,50
1,34,commons,commons,725,775,12:05,12:55,50
1,35,commons,commons,725,775,12:05,12:55,50
2,3,commons,commons,725,775,12:05,12:55,50
2,4,commons,commons,725,775,12:05,12:55,50
2,5,commons,commons,725,775,12:05,12:55,50
2,6,commons,commons,725,775,12:05,12:55,50
2,7,commons,commons,725,775,12:05,12:55,50
2,8,commons,commons,725,775,12:05,12:55,50
2,9,commons,commons,725,775,12:05,12:55,50
2,10,commons,commons,725,775,12:05,12:55,50
2,11,commons,commons,725,775,12:05,12:55,50
2,12,commons,commons,725,775,12:05,12:55,50
2,13,commons,commons,725,775,12:05,12:55,50
2,14,commons,commons,725,775,12:05,12:55,50
2,15,commons,commons,725,775,12:05,12:55,50
2,16,commons,commons,725,775,12:05,12:55,50
2,17,commons,commons,725,775,12:05,12:55,50
2,18,commons,commons,725,775,12:05,12:55,50
2,19,commons,commons,725,775,12:05,12:55,50
2,20,commons,commons,725,775,12:05,12:55,50
2,21,commons,commons,725,775,12:05,12:55,50
2,22,commons,commons,725,775,12:05,12:55,50
2,23,commons,commons,725,775,12:05,12:55,50
2,24,commons,commons,725,775,12:05,12:55,50
2,25,commons,commons,725,775,12:05,12:55,50
2,26,commons,commons,725,775,12:05,12:55,50
2,27,commons,commons,725,775,12:05,12:55,50
2,28,commons,commons,725,775,12:05,12:55,50
2,29,commons,commons,725,775,12:05,12:55,50
2,30,commons,commons,725,775,12:05,12:55,50
2,31,commons,commons,725,775,12:05,12:55,50
2,32,commons,commons,725,775,12:05,12:55,50
2,33,commons,commons,725,775,12:05,12:55,50
2,34,commons,commons,725,775,12:05,12:55,50
2,35,commons,commons,725,775,12:05,12:55,50
3,4,commons,commons,725,775,12:05,12:55,50
3,5,commons,commons,725,775,12:05,12:55,50
3,6,commons,commons,725,775,12:05,12:55,50
3,7,commons,commons,725,775,12:05,12:55,50
3,8,commons,commons,725,775,12:05,12:55,50
3,9,commons,commons,725,775,12:05,12:55,50
3,10,commons,commons,725,775,12:05,12:55,50
3,11,commons,commons,725,775,12:05,12:55,50
3,12,commons,commons,725,775,12:05,12:55,50
3,13,commons,commons,725,775,12:05,12:55,50
3,14,commons,commons,725,775,12:05,12:55,50
3,15,commons,commons,725,775,12:05,12:55,50
3,16,commons,commons,725,775,12:05,12:55,50
3,17,commons,commons,725,775,12:05,12:55,50
3,18,commons,commons,725,775,12:05,12:55,50
3,19,commons,commons,725,775,12:05,12:55,50
3,20,commons,commons,725,775,12:05,12:55,50
3,21,commons,commons,725,775,12:05,12:55,50
3,22,commons,commons,725,775,12:05,12:55,50
3,23,commons,commons,725,775,12:05,12:55,50
3,24,commons,commons,725,775,12:05,12:55,50
3,25,commons,commons,725,775,12:05,12:55,50
3,26,commons,commons,725,775,12:05,12:55,50
3,27,commons,commons,725,775,12:05,12:55,50
3,28,commons,commons,725,775,12:05,12:55,50
3,29,commons,commons,725,775,12:05,12:55,50
3,30,commons,commons,725,775,12:05,12:55,50
3,31,commons,commons,725,775,12:05,12:55,50
3,32,commons,commons,725,775,12:05,12:55,50
3,33,commons,commons,725,775,12:05,12:55,50
3,34,commons,commons,725,775,12:05,12:55,50
3,35,commons,commons,725,775,12:05,12:55,50
4,5,commons,commons,725,775,12:05,12:55,50
4,6,commons,commons,725,775,12:05,12:55,50
4,7,commons,commons,725,775,12:05,12:55,50
4,8,commons,commons,725,775,12:05,12:55,50
4,9,commons,commons,725,775,12:05,12:55,50
4,10,commons,commons,725,775,12:05,12:55,50
4,11,commons,commons,725,775,12:05,12:55,50
4,12,commons,commons,725,775,12:05,12:55,50
4,13,commons,commons,725,775,12:05,12:55,50
4,14,commons,commons,725,775,12:05,12:55,50
4,15,commons,commons,725,775,12:05,12:55,50
4,16,commons,commons,725,775,12:05,12:55,50
4,17,commons,commons,725,775,12:05,12:55,50
4,18,commons,commons,725,775,12:05,12:55,50
4,19,commons,commons,725,775,12:05,12:55,50
4,20,commons,commons,725,775,12:05,12:55,50
4,21,commons,commons,725,775,12:05,12:55,50
4,22,commons,commons,725,775,12:05,12:55,50
4,23,commons,commons,725,775,12:05,12:55,50
4,24,commons,commons,725,775,12:05,12:55,50
4,25,commons,commons,725,775,12:05,12:55,50
4,26,commons,commons,725,775,12:05,12:55,50
4,27,commons,commons,725,775,12:05,12:55,50
4,28,commons,commons,725,775,12:05,12:55,50
4,29,commons,commons,725,775,12:05,12:55,50
4,30,commons,commons,725,775,12:05,12:55,50
4,31,commons,commons,725,775,12:05,12:55,50
4,32,commons,commons,725,775,12:05,12:55,50
4,33,commons,commons,725,775,12:05,12:55,50
4,34,commons,commons,725,775,12:05,12:55,50
4,35,commons,commons,725,775,12:05,12:55,50
5,6,commons,commons,725,775,12:05,12:55,50
5,7,commons,commons,725,775,12:05,12:55,50
5,8,commons,commons,725,775,12:05,12:55,50
5,9,commons,commons,725,775,12:05,12:55,50
5,10,commons,commons,725,775,12:05,12:55,50
5,11,commons,commons,725,775,12:05,12:55,50
5,12,commons,commons,725,775,12:05,12:55,50
5,13,commons,commons,725,775,12:05,12:55,50
5,14,commons,commons,725,775,12:05,12:55,50
5,15,commons,commons,725,775,12:05,12:55,50
5,16,commons,commons,725,775,12:05,12:55,50
5,17,commons,commons,725,775,12:05,12:55,50
5,18,commons,commons,725,775,12:05,12:55,50
5,19,commons,commons,725,775,12:05,12:55,50
5,20,commons,commons,725,775,12:05,12:55,50
5,21,commons,commons,725,775,12:05,12:55,50
5,22,commons,commons,725,775,12:05,12:55,50
5,23,commons,commons,725,775,12:05,12:55,50
5,24,commons,commons,725,775,12:05,12:55,50
5,25,commons,commons,725,775,12:05,12:55,50
5,26,commons,commons,725,775,12:05,12:55,50
5,27,commons,commons,725,775,12:05,12:55,50
5,28,commons,commons,725,775,12:05,12:55,50
5,29,commons,commons,725,775,12:05,12:55,50
5,30,commons,commons,725,775,12:05,12:55,50
5,31,commons,commons,725,775,12:05,12:55,50
5,32,commons,commons,725,775,12:05,12:55,50
5,33,commons,commons,725,775,12:05,12:55,50
5,34,commons,commons,725,775,12:05,12:55,50
5,35,commons,commons,725,775,12:05,12:55,50
6,7,commons,commons,725,775,12:05,12:55,50
6,8,commons,commons,725,775,12:05,12:55,50
6,9,commons,commons,725,775,12:05,12:55,50
6,10,commons,commons,725,775,12:05,12:55,50
6,11,commons,commons,725,775,12:05,12:55,50
6,12,commons,commons,725,775,12:05,12:55,50
6,13,commons,commons,725,775,12:05,12:55,50
6,14,commons,commons,725,775,12:05,12:55,50
6,15,commons,commons,725,775,12:05,12:55,50
6,16,commons,commons,725,775,12:05,12:55,50
6,17,commons,commons,725,775,12:05,12:55,50
6,18,commons,commons,725,775,12:05,12:55,50
6,19,commons,commons,725,775,12:05,12:55,50
6,20,commons,commons,725,775,12:05,12:55,50
6,21,commons,commons,725,775,12:05,12:55,50
6,22,commons,commons,725,775,12:05,12:55,50
6,23,commons,commons,725,775,12:05,12:55,50
6,24,commons,commons,725,775,12:05,12:55,50
6,25,commons,commons,725,775,12:05,12:55,50
6,26,commons,commons,725,775,12:05,12:55,50
6,27,commons,commons,725,775,12:05,12:55,50
6,28,commons,commons,725,775,12:05,12:55,50
6,29,commons,commons,725,775,12:05,12:55,50
6,30,commons,commons,725,775,12:05,12:55,50
6,31,commons,commons,725,775,12:05,12:55,50
6,32,commons,commons,725,775,12:05,12:55,50
6,33,commons,commons,725,775,12:05,12:55,50
6,34,commons,commons,725,775,12:05,12:55,50
6,35,commons,commons,725,775,12:05,12:55,50
7,8,commons,commons,725,775,12:05,12:55,50
7,9,commons,commons,725,775,12:05,12:55,50
7,10,commons,commons,725,775,12:05,12:55,50
7,11,commons,commons,725,775,12:05,12:55,50
7,12,commons,commons,725,775,12:05,12:55,50
7,13,commons,commons,725,775,12:05,12:55,50
7,14,commons,commons,725,775,12:05,12:55,50
7,15,commons,commons,725,775,12:05,12:55,50
7,16,commons,commons,725,775,12:05,12:55,50
7,17,commons,commons,725,775,12:05,12:55,50
7,18,commons,commons,725,775,12:05,12:55,50
7,19,commons,commons,725,775,12:05,12:55,50
7,20,commons,commons,725,775,12:05,12:55,50
7,21,commons,commons,725,775,12:05,12:55,50
7,22,commons,commons,725,775,12:05,12:55,50
7,23,commons,commons,725,775,12:05,12:55,50
7,24,commons,commons,725,775,12:05,12:55,50
7,25,commons,commons,725,775,12:05,12:55,50
7,26,commons,commons,725,775,12:05,12:55,50
7,27,commons,commons,725,775,12:05,12:55,50
7,28,commons,commons,725,775,12:05,12:55,50
7,29,commons,commons,725,775,12:05,12:55,50
7,30,commons,commons,725,775,12:05,12:55,50
7,31,commons,commons,725,775,12:05,12:55,50
7,32,commons,commons,725,775,12:05,12:55,50
7,33,commons,commons,725,775,12:05,12:55,50
7,34,commons,commons,725,775,12:05,12:55,50
7,35,commons,commons,725,775,12:05,12:55,50
8,9,commons,commons,725,775,12:05,12:55,50
8,10,commons,commons,725,775,12:05,12:55,50
8,11,commons,commons,725,775,12:05,12:55,50
8,12,commons,commons,725,775,12:05,12:55,50
8,13,commons,commons,725,775,12:05,12:55,50
8,14,commons,commons,725,775,12:05,12:55,50
8,15,commons,commons,725,775,12:05,12:55,50
8,16,commons,commons,725,775,12:05,12:55,50
8,17,commons,commons,725,775,12:05,12:55,50
8,18,commons,commons,725,775,12:05,12:55,50
8,19,commons,commons,725,775,12:05,12:55,50
8,20,commons,commons,725,775,12:05,12:55,50
8,21,commons,commons,725,775,12:05,12:55,50
8,22,commons,commons,725,775,12:05,12:55,50
8,23,commons,commons,725,775,12:05,12:55,50
8,24,commons,commons,725,775,12:05,12:55,50
8,25,commons,commons,725,775,12:05,12:55,50
8,26,commons,commons,725,775,12:05,12:55,50
8,27,commons,commons,725,775,12:05,12:55,50
8,28,commons,commons,725,775,12:05,12:55,50
8,29,commons,commons,725,775,12:05,12:55,50
8,30,commons,commons,725,775,12:05,12:55,50
8,31,commons,commons,725,775,12:05,12:55,50
8,32,commons,commons,725,775,12:05,12:55,50
8,33,commons,commons,725,775,12:05,12:55,50
8,34,commons,commons,725,775,12:05,12:55,50
8,35,commons,commons,725,775,12:05,12:55,50
9,10,commons,commons,725,775,12:05,12:55,50
9,11,commons,commons,725,775,12:05,12:55,50
9,12,commons,commons,725,775,12:05,12:55,50
9,13,commons,commons,725,775,12:05,12:55,50
9,14,commons,commons,725,775,12:05,12:55,50
9,15,commons,commons,725,775,12:05,12:55,50
9,16,commons,commons,725,775,12:05,12:55,50
9,17,commons,commons,725,775,12:05,12:55,50
9,18,commons,commons,725,775,12:05,12:55,50
9,19,commons,commons,725,775,12:05,12:55,50
9,20,commons,commons,725,775,12:05,12:55,50
9,21,commons,commons,725,775,12:05,12:55,50
9,22,commons,commons,725,775,12:05,12:55,50
9,23,commons,commons,725,775,12:05,12:55,50
9,24,commons,commons,725,775,12:05,12:55,50
9,25,commons,commons,725,775,12:05,12:55,50
9,26,commons,commons,725,775,12:05,12:55,50
9,27,commons,commons,725,775,12:05,12:55,50
9,28,commons,commons,725,775,12:05,12:55,50
9,29,commons,commons,725,775,12:05,12:55,50
9,30,commons,commons,725,775,12:05,12:55,50
9,31,commons,commons,725,775,12:05,12:55,50
9,32,commons,commons,725,775,12:05,12:55,50
9,33,commons,commons,725,775,12:05,12:55,50
9,34,commons,commons,725,775,12:05,12:55,50
9,35,commons,commons,725,775,12:05,12:55,50
10,11,commons,commons,725,775,12:05,12:55,50
10,12,commons,commons,725,775,12:05,12:55,50
10,13,commons,commons,725,775,12:05,12:55,50
10,14,commons,commons,725,775,12:05,12:55,50
10,15,commons,commons,725,775,12:05,12:55,50
10,16,commons,commons,725,775,12:05,12:55,50
10,17,commons,commons,725,775,12:05,12:55,50
10,18,commons,commons,725,775,12:05,12:55,50
10,19,commons,commons,725,775,12:05,12:55,50
10,20,commons,commons,725,775,12:05,12:55,50
10,21,commons,commons,725,775,12:05,12:55,50
10,22,commons,commons,725,775,12:05,12:55,50
10,23,commons,commons,725,775,12:05,12:55,50
10,24,commons,commons,725,775,12:05,12:55,50
10,25,commons,commons,725,775,12:05,12:55,50
10,26,commons,commons,725,775,12:05,12:55,50
10,27,commons,commons,725,775,12:05,12:55,50
10,28,commons,commons,725,775,12:05,12:55,50
10,29,commons,commons,725,775,12:05,12:55,50
10,30,commons,commons,725,775,12:05,12:55,50
10,31,commons,commons,725,775,12:05,12:55,50
10,32,commons,commons,725,775,12:05,12:55,50
10,33,commons,commons,725,775,12:05,12:55,50
10,34,commons,commons,725,775,12:05,12:55,50
10,35,commons,commons,725,775,12:05,12:55,50
11,12,commons,commons,725,775,12:05,12:55,50
11,13,commons,commons,725,775,12:05,12:55,50
11,14,commons,commons,725,775,12:05,12:55,50
11,15,commons,commons,725,775,12:05,12:55,50
11,16,commons,commons,725,775,12:05,12:55,50
11,17,commons,commons,725,775,12:05,12:55,50
11,18,commons,commons,725,775,12:05,12:55,50
11,19,commons,commons,725,775,12:05,12:55,50
11,20,commons,commons,725,775,12:05,12:55,50
11,21,commons,commons,725,775,12:05,12:55,50
11,22,commons,commons,725,775,12:05,12:55,50
11,23,commons,commons,725,775,12:05,12:55,50
11,24,commons,commons,725,775,12:05,12:55,50
11,25,commons,commons,725,775,12:05,12:55,50
11,26,commons,commons,725,775,12:05,12:55,50
11,27,commons,commons,725,775,12:05,12:55,50
11,28,commons,commons,725,775,12:05,12:55,50
11,29,commons,commons,725,775,12:05,12:55,50
11,30,commons,commons,725,775,12:05,12:55,50
11,31,commons,commons,725,775,12:05,12:55,50
11,32,commons,commons,725,775,12:05,12:55,50
11,33,commons,commons,725,775,12:05,12:55,50
11,34,commons,commons,725,775,12:05,12:55,50
11,35,commons,commons,725,775,12:05,12:55,50
12,13,commons,commons,725,775,12:05,12:55,50
12,14,commons,commons,725,775,12:05,12:55,50
12,15,commons,commons,725,775,12:05,12:55,50
12,16,commons,commons,725,775,12:05,12:55,50
12,17,commons,commons,725,775,12:05,12:55,50
12,18,commons,commons,725,775,12:05,12:55,50
12,19,commons,commons,725,775,12:05,12:55,50
12,20,commons,commons,725,775,12:05,12:55,50
12,21,commons,commons,725,775,12:05,12:55,50
12,22,commons,commons,725,775,12:05,12:55,50
12,23,commons,commons,725,775,12:05,12:55,50
12,24,commons,commons,725,775,12:05,12:55,50
12,25,commons,commons,725,775,12:05,12:55,50
12,26,commons,commons,725,775,12:05,12:55,50
12,27,commons,commons,725,775,12:05,12:55,50
12,28,commons,commons,725,775,12:05,12:55,50
12,29,commons,commons,725,775,12:05,12:55,50
12,30,commons,commons,725,775,12:05,12:55,50
12,31,commons,commons,725,775,12:05,12:55,50
12,32,commons,commons,725,775,12:05,12:55,50
12,33,commons,commons,725,775,12:05,12:55,50
12,34,commons,commons,725,775,12:05,12:55,50
12,35,commons,commons,725,775,12:05,12:55,50
13,14,commons,commons,725,775,12:05,12:55,50
13,15,commons,commons,725,775,12:05,12:55,50
13,16,commons,commons,725,775,12:05,12:55,50
13,17,commons,commons,725,775,12:05,12:55,50
13,18,commons,commons,725,775,12:05,12:55,50
13,19,commons,commons,725,775,12:05,12:55,50
13,20,commons,commons,725,775,12:05,12:55,50
13,21,commons,commons,725,775,12:05,12:55,50
13,22,commons,commons,725,775,12:05,12:55,50
13,23,commons,commons,725,775,12:05,12:55,50
13,24,commons,commons,725,775,12:05,12:55,50
13,25,commons,commons,725,775,12:05,12:55,50
13,26,commons,commons,725,775,12:05,12:55,50
13,27,commons,commons,725,775,12:05,12:55,50
13,28,commons,commons,725,775,12:05,12:55,50
13,29,commons,commons,725,775,12:05,12:55,50
13,30,commons,commons,725,775,12:05,12:55,50
13,31,commons,commons,725,775,12:05,12:55,50
13,32,commons,commons,725,775,12:05,12:55,50
13,33,commons,commons,725,775,12:05,12:55,50
13,34,commons,commons,725,775,12:05,12:55,50
13,35,commons,commons,725,775,12:05,12:55,50
14,15,commons,commons,725,775,12:05,12:55,50
14,16,commons,commons,725,775,12:05,12:55,50
14,17,commons,commons,725,775,12:05,12:55,50
14,18,commons,commons,725,775,12:05,12:55,50
14,19,commons,commons,725,775,12:05,12:55,50
14,20,commons,commons,725,775,12:05,12:55,50
14,21,commons,commons,725,775,12:05,12:55,50
14,22,commons,commons,725,775,12:05,12:55,50
14,23,commons,commons,725,775,12:05,12:55,50
14,24,commons,commons,725,775,12:05,12:55,50
14,25,commons,commons,725,775,12:05,12:55,50
14,26,commons,commons,725,775,12:05,12:55,50
14,27,commons,commons,725,775,12:05,12:55,50
14,28,commons,commons,725,775,12:05,12:55,50
14,29,commons,commons,725,775,12:05,12:55,50
14,30,commons,commons,725,775,12:05,12:55,50
14,31,commons,commons,725,775,12:05,12:55,50
14,32,commons,commons,725,775,12:05,12:55,50
14,33,commons,commons,725,775,12:05,12:55,50
14,34,commons,commons,725,775,12:05,12:55,50
14,35,commons,commons,725,775,12:05,12:55,50
15,16,commons,commons,725,775,12:05,12:55,50
15,17,commons,commons,725,775,12:05,12:55,50
15,18,commons,commons,725,775,12:05,12:55,50
15,19,commons,commons,725,775,12:05,12:55,50
15,20,commons,commons,725,775,12:05,12:55,50
15,21,commons,commons,725,775,12:05,12:55,50
15,22,commons,commons,725,775,12:05,12:55,50
15,23,commons,commons,725,775,12:05,12:55,50
15,24,commons,commons,725,775,12:05,12:55,50
15,25,commons,commons,725,775,12:05,12:55,50
15,26,commons,commons,725,775,12:05,12:55,50
15,27,commons,commons,725,775,12:05,12:55,50
15,28,commons,commons,725,775,12:05,12:55,50
15,29,commons,commons,725,775,12:05,12:55,50
15,30,commons,commons,725,775,12:05,12:55,50
15,31,commons,commons,725,775,12:05,12:55,50
15,32,commons,commons,725,775,12:05,12:55,50
15,33,commons,commons,725,775,12:05,12:55,50
15,34,commons,commons,725,775,12:05,12:55,50
15,35,commons,commons,725,775,12:05,12:55,50
16,17,commons,commons,725,775,12:05,12:55,50
16,18,commons,commons,725,775,12:05,12:55,50
16,19,commons,commons,725,775,12:05,12:55,50
16,20,commons,commons,725,775,12:05,12:55,50
16,21,commons,commons,725,775,12:05,12:55,50
16,22,commons,commons,725,775,12:05,12:55,50
16,23,commons,commons,725,775,12:05,12:55,50
16,24,commons,commons,725,775,12:05,12:55,50
16,25,commons,commons,725,775,12:05,12:55,50
16,26,commons,commons,725,775,12:05,12:55,50
16,27,commons,commons,725,775,12:05,12:55,50
16,28,commons,commons,725,775,12:05,12:55,50
16,29,commons,commons,725,775,12:05,12:55,50
16,30,commons,commons,725,775,12:05,12:55,50
16,31,commons,commons,725,775,12:05,12:55,50
16,32,commons,commons,725,775,12:05,12:55,50
16,33,commons,commons,725,775,12:05,12:55,50
16,34,commons,commons,725,775,12:05,12:55,50
16,35,commons,commons,725,775,12:05,12:55,50
17,18,commons,commons,725,775,12:05,12:55,50
17,19,commons,commons,725,775,12:05,12:55,50
17,20,commons,commons,725,775,12:05,12:55,50
17,21,commons,commons,725,775,12:05,12:55,50
17,22,commons,commons,725,775,12:05,12:55,50
17,23,commons,commons,725,775,12:05,12:55,50
17,24,commons,commons,725,775,12:05,12:55,50
17,25,commons,commons,725,775,12:05,12:55,50
17,26,commons,commons,725,775,12:05,12:55,50
17,27,commons,commons,725,775,12:05,12:55,50
17,28,commons,commons,725,775,12:05,12:55,50
17,29,commons,commons,725,775,12:05,12:55,50
17,30,commons,commons,725,775,12:05,12:55,50
17,31,commons,commons,725,775,12:05,12:55,50
17,32,commons,commons,725,775,12:05,12:55,50
17,33,commons,commons,725,775,12:05,12:55,50
17,34,commons,commons,725,775,12:05,12:55,50
17,35,commons,commons,725,775,12:05,12:55,50
18,19,commons,commons,725,775,12:05,12:55,50
18,20,commons,commons,725,775,12:05,12:55,50
18,21,commons,commons,725,775,12:05,12:55,50
18,22,commons,commons,725,775,12:05,12:55,50
18,23,commons,commons,725,775,12:05,12:55,50
18,24,commons,commons,725,775,12:05,12:55,50
18,25,commons,commons,725,775,12:05,12:55,50
18,26,commons,commons,725,775,12:05,12:55,50
18,27,commons,commons,725,775,12:05,12:55,50
18,28,commons,commons,725,775,12:05,12:55,50
18,29,commons,commons,725,775,12:05,12:55,50
18,30,commons,commons,725,775,12:05,12:55,50
18,31,commons,commons,725,775,12:05,12:55,50
18,32,commons,commons,725,775,12:05,12:55,50
18,33,commons,commons,725,775,12:05,12:55,50
18,34,commons,commons,725,775,12:05,12:55,50
18,35,commons,commons,725,775,12:05,12:55,50
19,20,commons,commons,725,775,12:05,12:55,50
19,21,commons,commons,725,775,12:05,12:55,50
19,22,commons,commons,725,775,12:05,12:55,50
19,23,commons,commons,725,775,12:05,12:55,50
19,24,commons,commons,725,775,12:05,12:55,50
19,25,commons,commons,725,775,12:05,12:55,50
19,26,commons,commons,725,775,12:05,12:55,50
19,27,commons,commons,725,775,12:05,12:55,50
19,28,commons,commons,725,775,12:05,12:55,50
19,29,commons,commons,725,775,12:05,12:55,50
19,30,commons,commons,725,775,12:05,12:55,50
19,31,commons,commons,725,775,12:05,12:55,50
19,32,commons,commons,725,775,12:05,12:55,50
19,33,commons,commons,725,775,12:05,12:55,50
19,34,commons,commons,725,775,12:05,12:55,50
19,35,commons,commons,725,775,12:05,12:55,50
20,21,commons,commons,725,775,12:05,12:55,50
20,22,commons,commons,725,775,12:05,12:55,50
20,23,commons,commons,725,775,12:05,12:55,50
20,24,commons,commons,725,775,12:05,12:55,50
20,25,commons,commons,725,775,12:05,12:55,50
20,26,commons,commons,725,775,12:05,12:55,50
20,27,commons,commons,725,775,12:05,12:55,50
20,28,commons,commons,725,775,12:05,12:55,50
20,29,commons,commons,725,775,12:05,12:55,50
20,30,commons,commons,725,775,12:05,12:55,50
20,31,commons,commons,725,775,12:05,12:55,50
20,32,commons,commons,725,775,12:05,12:55,50
20,33,commons,commons,725,775,12:05,12:55,50
20,34,commons,commons,725,775,12:05,12:55,50
20,35,commons,commons,725,775,12:05,12:55,50
21,22,commons,commons,725,775,12:05,12:55,50
21,23,commons,commons,725,775,12:05,12:55,50
21,24,commons,commons,725,775,12:05,12:55,50
21,25,commons,commons,725,775,12:05,12:55,50
21,26,commons,commons,725,775,12:05,12:55,50
21,27,commons,commons,725,775,12:05,12:55,50
21,28,commons,commons,725,775,12:05,12:55,50
21,29,commons,commons,725,775,12:05,12:55,50
21,30,commons,commons,725,775,12:05,12:55,50
21,31,commons,commons,725,775,12:05,12:55,50
21,32,commons,commons,725,775,12:05,12:55,50
21,33,commons,commons,725,775,12:05,12:55,50
21,34,commons,commons,725,775,12:05,12:55,50
21,35,commons,commons,725,775,12:05,12:55,50
22,23,commons,commons,725,775,12:05,12:55,50
22,24,commons,commons,725,775,12:05,12:55,50
22,25,commons,commons,725,775,12:05,12:55,50
22,26,commons,commons,725,775,12:05,12:55,50
22,27,commons,commons,725,775,12:05,12:55,50
22,28,commons,commons,725,775,12:05,12:55,50
22,29,commons,commons,725,775,12:05,12:55,50
22,30,commons,commons,725,775,12:05,12:55,50
22,31,commons,commons,725,775,12:05,12:55,50
22,32,commons,commons,725,775,12:05,12:55,50
22,33,commons,commons,725,775,12:05,12:55,50
22,34,commons,commons,725,775,12:05,12:55,50
22,35,commons,commons,725,775,12:05,12:55,50
23,24,commons,commons,725,775,12:05,12:55,50
23,25,commons,commons,725,775,12:05,12:55,50
23,26,commons,commons,725,775,12:05,12:55,50
23,27,commons,commons,725,775,12:05,12:55,50
23,28,commons,commons,725,775,12:05,12:55,50
23,29,commons,commons,725,775,12:05,12:55,50
23,30,commons,commons,725,775,12:05,12:55,50
23,31,commons,commons,725,775,12:05,12:55,50
23,32,commons,commons,725,775,12:05,12:55,50
23,33,commons,commons,725,775,12:05,12:55,50
23,34,commons,commons,725,775,12:05,12:55,50
23,35,commons,commons,725,775,12:05,12:55,50
24,25,commons,commons,725,775,12:05,12:55,50
24,26,commons,commons,725,775,12:05,12:55,50
24,27,commons,commons,725,775,12:05,12:55,50
24,28,commons,commons,725,775,12:05,12:55,50
24,29,commons,commons,725,775,12:05,12:55,50
24,30,commons,commons,725,775,12:05,12:55,50
24,31,commons,commons,725,775,12:05,12:55,50
24,32,commons,commons,725,775,12:05,12:55,50
24,33,commons,commons,725,775,12:05,12:55,50
24,34,commons,commons,725,775,12:05,12:55,50
24,35,commons,commons,725,775,12:05,12:55,50
25,26,commons,commons,725,775,12:05,12:55,50
25,27,commons,commons,725,775,12:05,12:55,50
25,28,commons,commons,725,775,12:05,12:55,50
25,29,commons,commons,725,775,12:05,12:55,50
25,30,commons,commons,725,775,12:05,12:55,50
25,31,commons,commons,725,775,12:05,12:55,50
25,32,commons,commons,725,775,12:05,12:55,50
25,33,commons,commons,725,775,12:05,12:55,50
25,34,commons,commons,725,775,12:05,12:55,50
25,35,commons,commons,725,775,12:05,12:55,50
26,27,commons,commons,725,775,12:05,12:55,50
26,28,commons,commons,725,775,12:05,12:55,50
26,29,commons,commons,725,775,12:05,12:55,50
26,30,commons,commons,725,775,12:05,12:55,50
26,31,commons,commons,725,775,12:05,12:55,50
26,32,commons,commons,725,775,12:05,12:55,50
26,33,commons,commons,725,775,12:05,12:55,50
26,34,commons,commons,725,775,12:05,12:55,50
26,35,commons,commons,725,775,12:05,12:55,50
27,28,commons,commons,725,775,12:05,12:55,50
27,29,commons,commons,725,775,12:05,12:55,50
27,30,commons,commons,725,775,12:05,12:55,50
27,31,commons,commons,725,775,12:05,12:55,50
27,32,commons,commons,725,775,12:05,12:55,50
27,33,commons,commons,725,775,12:05,12:55,50
27,34,commons,commons,725,775,12:05,12:55,50
27,35,commons,commons,725,775,12:05,12:55,50
28,29,commons,commons,725,775,12:05,12:55,50
28,30,commons,commons,725,775,12:05,12:55,50
28,31,commons,commons,725,775,12:05,12:55,50
28,32,commons,commons,725,775,12:05,12:55,50
28,33,commons,commons,725,775,12:05,12:55,50
28,34,commons,commons,725,775,12:05,12:55,50
28,35,commons,commons,725,775,12:05,12:55,50
29,30,commons,commons,725,775,12:05,12:55,50
29,31,commons,commons,725,775,12:05,12:55,50
29,32,commons,commons,725,775,12:05,12:55,50
29,33,commons,commons,725,775,12:05,12:55,50
29,34,commons,commons,725,775,12:05,12:55,50
29,35,commons,commons,725,775,12:05,12:55,50
30,31,commons,commons,725,775,12:05,12:55,50
30,32,commons,commons,725,775,12:05,12:55,50
30,33,commons,commons,725,775,12:05,12:55,50
30,34,commons,commons,725,775,12:05,12:55,50
30,35,commons,commons,725,775,12:05,12:55,50
31,32,commons,commons,725,775,12:05,12:55,50
31,33,commons,commons,725,775,12:05,12:55,50
31,34,commons,commons,725,775,12:05,12:55,50
31,35,commons,commons,725,775,12:05,12:55,50
32,33,commons,commons,725,775,12:05,12:55,50
32,34,commons,commons,725,775,12:05,12:55,50
32,35,commons,commons,725,775,12:05,12:55,50
33,34,commons,commons,725,775,12:05,12:55,50
33,35,commons,commons,725,775,12:05,12:55,50
34,35,commons,commons,725,775,12:05,12:55,50
0,1,central_path,transit,775,790,12:55,13:10,15
0,2,central_path,transit,775,790,12:55,13:10,15
0,3,central_path,transit,775,790,12:55,13:10,15
0,4,central_path,transit,775,790,12:55,13:10,15
0,5,central_path,transit,775,790,12:55,13:10,15
0,6,central_path,transit,775,790,12:55,13:10,15
0,7,central_path,transit,775,790,12:55,13:10,15
0,8,central_path,transit,775,790,12:55,13:10,15
0,9,central_path,transit,775,790,12:55,13:10,15
0,10,central_path,transit,775,790,12:55,13:10,15
0,11,central_path,transit,775,790,12:55,13:10,15
0,12,central_path,transit,775,790,12:55,13:10,15
0,13,central_path,transit,775,790,12:55,13:10,15
0,14,central_path,transit,775,790,12:55,13:10,15
0,15,central_path,transit,775,790,12:55,13:10,15
0,16,central_path,transit,775,790,12:55,13:10,15
0,17,central_path,transit,775,790,12:55,13:10,15
0,18,central_path,transit,775,790,12:55,13:10,15
0,19,central_path,transit,775,790,12:55,13:10,15
0,20,central_path,transit,775,790,12:55,13:10,15
0,21,central_path,transit,775,790,12:55,13:10,15
0,22,central_path,transit,775,790,12:55,13:10,15
0,23,central_path,transit,775,790,12:55,13:10,15
0,24,central_path,transit,775,790,12:55,13:10,15
0,25,central_path,transit,775,790,12:55,13:10,15
0,26,central_path,transit,775,790,12:55,13:10,15
0,27,central_path,transit,775,790,12:55,13:10,15
0,28,central_path,transit,775,790,12:55,13:10,15
0,29,central_path,transit,775,790,12:55,13:10,15
0,30,central_path,transit,775,790,12:55,13:10,15
0,31,central_path,transit,775,790,12:55,13:10,15
0,32,central_path,transit,775,790,12:55,13:10,15
0,33,central_path,transit,775,790,12:55,13:10,15
0,34,central_path,transit,775,790,12:55,13:10,15
0,35,central_path,transit,775,790,12:55,13:10,15
1,2,central_path,transit,775,790,12:55,13:10,15
1,3,central_path,transit,775,790,12:55,13:10,15
1,4,central_path,transit,775,790,12:55,13:10,15
1,5,central_path,transit,775,790,12:55,13:10,15
1,6,central_path,transit,775,790,12:55,13:10,15
1,7,central_path,transit,775,790,12:55,13:10,15
1,8,central_path,transit,775,790,12:55,13:10,15
1,9,central_path,transit,775,790,12:55,13:10,15
1,10,central_path,transit,775,790,12:55,13:10,15
1,11,central_path,transit,775,790,12:55,13:10,15
1,12,central_path,transit,775,790,12:55,13:10,15
1,13,central_path,transit,775,790,12:55,13:10,15
1,14,central_path,transit,775,790,12:55,13:10,15
1,15,central_path,transit,775,790,12:55,13:10,15
1,16,central_path,transit,775,790,12:55,13:10,15
1,17,central_path,transit,775,790,12:55,13:10,15
1,18,central_path,transit,775,790,12:55,13:10,15
1,19,central_path,transit,775,790,12:55,13:10,15
1,20,central_path,transit,775,790,12:55,13:10,15
1,21,central_path,transit,775,790,12:55,13:10,15
1,22,central_path,transit,775,790,12:55,13:10,15
1,23,central_path,transit,775,790,12:55,13:10,15
1,24,central_path,transit,775,790,12:55,13:10,15
1,25,central_path,transit,775,790,12:55,13:10,15
1,26,central_path,transit,775,790,12:55,13:10,15
1,27,central_path,transit,775,790,12:55,13:10,15
1,28,central_path,transit,775,790,12:55,13:10,15
1,29,central_path,transit,775,790,12:55,13:10,15
1,30,central_path,transit,775,790,12:55,13:10,15
1,31,central_path,transit,775,790,12:55,13:10,15
1,32,central_path,transit,775,790,12:55,13:10,15
1,33,central_path,transit,775,790,12:55,13:10,15
1,34,central_path,transit,775,790,12:55,13:10,15
1,35,central_path,transit,775,790,12:55,13:10,15
2,3,central_path,transit,775,790,12:55,13:10,15
2,4,central_path,transit,775,790,12:55,13:10,15
2,5,central_path,transit,775,790,12:55,13:10,15
2,6,central_path,transit,775,790,12:55,13:10,15
2,7,central_path,transit,775,790,12:55,13:10,15
2,8,central_path,transit,775,790,12:55,13:10,15
2,9,central_path,transit,775,790,12:55,13:10,15
2,10,central_path,transit,775,790,12:55,13:10,15
2,11,central_path,transit,775,790,12:55,13:10,15
2,12,central_path,transit,775,790,12:55,13:10,15
2,13,central_path,transit,775,790,12:55,13:10,15
2,14,central_path,transit,775,790,12:55,13:10,15
2,15,central_path,transit,775,790,12:55,13:10,15
2,16,central_path,transit,775,790,12:55,13:10,15
2,17,central_path,transit,775,790,12:55,13:10,15
2,18,central_path,transit,775,790,12:55,13:10,15
2,19,central_path,transit,775,790,12:55,13:10,15
2,20,central_path,transit,775,790,12:55,13:10,15
2,21,central_path,transit,775,790,12:55,13:10,15
2,22,central_path,transit,775,790,12:55,13:10,15
2,23,central_path,transit,775,790,12:55,13:10,15
2,24,central_path,transit,775,790,12:55,13:10,15
2,25,central_path,transit,775,790,12:55,13:10,15
2,26,central_path,transit,775,790,12:55,13:10,15
2,27,central_path,transit,775,790,12:55,13:10,15
2,28,central_path,transit,775,790,12:55,13:10,15
2,29,central_path,transit,775,790,12:55,13:10,15
2,30,central_path,transit,775,790,12:55,13:10,15
2,31,central_path,transit,775,790,12:55,13:10,15
2,32,central_path,transit,775,790,12:55,13:10,15
2,33,central_path,transit,775,790,12:55,13:10,15
2,34,central_path,transit,775,790,12:55,13:10,15
2,35,central_path,transit,775,790,12:55,13:10,15
3,4,central_path,transit,775,790,12:55,13:10,15
3,5,central_path,transit,775,790,12:55,13:10,15
3,6,central_path,transit,775,790,12:55,13:10,15
3,7,central_path,transit,775,790,12:55,13:10,15
3,8,central_path,transit,775,790,12:55,13:10,15
3,9,central_path,transit,775,790,12:55,13:10,15
3,10,central_path,transit,775,790,12:55,13:10,15
3,11,central_path,transit,775,790,12:55,13:10,15
3,12,central_path,transit,775,790,12:55,13:10,15
3,13,central_path,transit,775,790,12:55,13:10,15
3,14,central_path,transit,775,790,12:55,13:10,15
3,15,central_path,transit,775,790,12:55,13:10,15
3,16,central_path,transit,775,790,12:55,13:10,15
3,17,central_path,transit,775,790,12:55,13:10,15
3,18,central_path,transit,775,790,12:55,13:10,15
3,19,central_path,transit,775,790,12:55,13:10,15
3,20,central_path,transit,775,790,12:55,13:10,15
3,21,central_path,transit,775,790,12:55,13:10,15
3,22,central_path,transit,775,790,12:55,13:10,15
3,23,central_path,transit,775,790,12:55,13:10,15
3,24,central_path,transit,775,790,12:55,13:10,15
3,25,central_path,transit,775,790,12:55,13:10,15
3,26,central_path,transit,775,790,12:55,13:10,15
3,27,central_path,transit,775,790,12:55,13:10,15
3,28,central_path,transit,775,790,12:55,13:10,15
3,29,central_path,transit,775,790,12:55,13:10,15
3,30,central_path,transit,775,790,12:55,13:10,15
3,31,central_path,transit,775,790,12:55,13:10,15
3,32,central_path,transit,775,790,12:55,13:10,15
3,33,central_path,transit,775,790,12:55,13:10,15
3,34,central_path,transit,775,790,12:55,13:10,15
3,35,central_path,transit,775,790,12:55,13:10,15
4,5,central_path,transit,775,790,12:55,13:10,15
4,6,central_path,transit,775,790,12:55,13:10,15
4,7,central_path,transit,775,790,12:55,13:10,15
4,8,central_path,transit,775,790,12:55,13:10,15
4,9,central_path,transit,775,790,12:55,13:10,15
4,10,central_path,transit,775,790,12:55,13:10,15
4,11,central_path,transit,775,790,12:55,13:10,15
4,12,central_path,transit,775,790,12:55,13:10,15
4,13,central_path,transit,775,790,12:55,13:10,15
4,14,central_path,transit,775,790,12:55,13:10,15
4,15,central_path,transit,775,790,12:55,13:10,15
4,16,central_path,transit,775,790,12:55,13:10,15
4,17,central_path,transit,775,790,12:55,13:10,15
4,18,central_path,transit,775,790,12:55,13:10,15
4,19,central_path,transit,775,790,12:55,13:10,15
4,20,central_path,transit,775,790,12:55,13:10,15
4,21,central_path,transit,775,790,12:55,13:10,15
4,22,central_path,transit,775,790,12:55,13:10,15
4,23,central_path,transit,775,790,12:55,13:10,15
4,24,central_path,transit,775,790,12:55,13:10,15
4,25,central_path,transit,775,790,12:55,13:10,15
4,26,central_path,transit,775,790,12:55,13:10,15
4,27,central_path,transit,775,790,12:55,13:10,15
4,28,central_path,transit,775,790,12:55,13:10,15
4,29,central_path,transit,775,790,12:55,13:10,15
4,30,central_path,transit,775,790,12:55,13:10,15
4,31,central_path,transit,775,790,12:55,13:10,15
4,32,central_path,transit,775,790,12:55,13:10,15
4,33,central_path,transit,775,790,12:55,13:10,15
4,34,central_path,transit,775,790,12:55,13:10,15
4,35,central_path,transit,775,790,12:55,13:10,15
5,6,central_path,transit,775,790,12:55,13:10,15
5,7,central_path,transit,775,790,12:55,13:10,15
5,8,central_path,transit,775,790,12:55,13:10,15
5,9,central_path,transit,775,790,12:55,13:10,15
5,10,central_path,transit,775,790,12:55,13:10,15
5,11,central_path,transit,775,790,12:55,13:10,15
5,12,central_path,transit,775,790,12:55,13:10,15
5,13,central_path,transit,775,790,12:55,13:10,15
5,14,central_path,transit,775,790,12:55,13:10,15
5,15,central_path,transit,775,790,12:55,13:10,15
5,16,central_path,transit,775,790,12:55,13:10,15
5,17,central_path,transit,775,790,12:55,13:10,15
5,18,central_path,transit,775,790,12:55,13:10,15
5,19,central_path,transit,775,790,12:55,13:10,15
5,20,central_path,transit,775,790,12:55,13:10,15
5,21,central_path,transit,775,790,12:55,13:10,15
5,22,central_path,transit,775,790,12:55,13:10,15
5,23,central_path,transit,775,790,12:55,13:10,15
5,24,central_path,transit,775,790,12:55,13:10,15
5,25,central_path,transit,775,790,12:55,13:10,15
5,26,central_path,transit,775,790,12:55,13:10,15
5,27,central_path,transit,775,790,12:55,13:10,15
5,28,central_path,transit,775,790,12:55,13:10,15
5,29,central_path,transit,775,790,12:55,13:10,15
5,30,central_path,transit,775,790,12:55,13:10,15
5,31,central_path,transit,775,790,12:55,13:10,15
5,32,central_path,transit,775,790,12:55,13:10,15
5,33,central_path,transit,775,790,12:55,13:10,15
5,34,central_path,transit,775,790,12:55,13:10,15
5,35,central_path,transit,775,790,12:55,13:10,15
6,7,central_path,transit,775,790,12:55,13:10,15
6,8,central_path,transit,775,790,12:55,13:10,15
6,9,central_path,transit,775,790,12:55,13:10,15
6,10,central_path,transit,775,790,12:55,13:10,15
6,11,central_path,transit,775,790,12:55,13:10,15
6,12,central_path,transit,775,790,12:55,13:10,15
6,13,central_path,transit,775,790,12:55,13:10,15
6,14,central_path,transit,775,790,12:55,13:10,15
6,15,central_path,transit,775,790,12:55,13:10,15
6,16,central_path,transit,775,790,12:55,13:10,15
6,17,central_path,transit,775,790,12:55,13:10,15
6,18,central_path,transit,775,790,12:55,13:10,15
6,19,central_path,transit,775,790,12:55,13:10,15
6,20,central_path,transit,775,790,12:55,13:10,15
6,21,central_path,transit,775,790,12:55,13:10,15
6,22,central_path,transit,775,790,12:55,13:10,15
6,23,central_path,transit,775,790,12:55,13:10,15
6,24,central_path,transit,775,790,12:55,13:10,15
6,25,central_path,transit,775,790,12:55,13:10,15
6,26,central_path,transit,775,790,12:55,13:10,15
6,27,central_path,transit,775,790,12:55,13:10,15
6,28,central_path,transit,775,790,12:55,13:10,15
6,29,central_path,transit,775,790,12:55,13:10,15
6,30,central_path,transit,775,790,12:55,13:10,15
6,31,central_path,transit,775,790,12:55,13:10,15
6,32,central_path,transit,775,790,12:55,13:10,15
6,33,central_path,transit,775,790,12:55,13:10,15
6,34,central_path,transit,775,790,12:55,13:10,15
6,35,central_path,transit,775,790,12:55,13:10,15
7,8,central_path,transit,775,790,12:55,13:10,15
7,9,central_path,transit,775,790,12:55,13:10,15
7,10,central_path,transit,775,790,12:55,13:10,15
7,11,central_path,transit,775,790,12:55,13:10,15
7,12,central_path,transit,775,790,12:55,13:10,15
7,13,central_path,transit,775,790,12:55,13:10,15
7,14,central_path,transit,775,790,12:55,13:10,15
7,15,central_path,transit,775,790,12:55,13:10,15
7,16,central_path,transit,775,790,12:55,13:10,15
7,17,central_path,transit,775,790,12:55,13:10,15
7,18,central_path,transit,775,790,12:55,13:10,15
7,19,central_path,transit,775,790,12:55,13:10,15
7,20,central_path,transit,775,790,12:55,13:10,15
7,21,central_path,transit,775,790,12:55,13:10,15
7,22,central_path,transit,775,790,12:55,13:10,15
7,23,central_path,transit,775,790,12:55,13:10,15
7,24,central_path,transit,775,790,12:55,13:10,15
7,25,central_path,transit,775,790,12:55,13:10,15
7,26,central_path,transit,775,790,12:55,13:10,15
7,27,central_path,transit,775,790,12:55,13:10,15
7,28,central_path,transit,775,790,12:55,13:10,15
7,29,central_path,transit,775,790,12:55,13:10,15
7,30,central_path,transit,775,790,12:55,13:10,15
7,31,central_path,transit,775,790,12:55,13:10,15
7,32,central_path,transit,775,790,12:55,13:10,15
7,33,central_path,transit,775,790,12:55,13:10,15
7,34,central_path,transit,775,790,12:55,13:10,15
7,35,central_path,transit,775,790,12:55,13:10,15
8,9,central_path,transit,775,790,12:55,13:10,15
8,10,central_path,transit,775,790,12:55,13:10,15
8,11,central_path,transit,775,790,12:55,13:10,15
8,12,central_path,transit,775,790,12:55,13:10,15
8,13,central_path,transit,775,790,12:55,13:10,15
8,14,central_path,transit,775,790,12:55,13:10,15
8,15,central_path,transit,775,790,12:55,13:10,15
8,16,central_path,transit,775,790,12:55,13:10,15
8,17,central_path,transit,775,790,12:55,13:10,15
8,18,central_path,transit,775,790,12:55,13:10,15
8,19,central_path,transit,775,790,12:55,13:10,15
8,20,central_path,transit,775,790,12:55,13:10,15
8,21,central_path,transit,775,790,12:55,13:10,15
8,22,central_path,transit,775,790,12:55,13:10,15
8,23,central_path,transit,775,790,12:55,13:10,15
8,24,central_path,transit,775,790,12:55,13:10,15
8,25,central_path,transit,775,790,12:55,13:10,15
8,26,central_path,transit,775,790,12:55,13:10,15
8,27,central_path,transit,775,790,12:55,13:10,15
8,28,central_path,transit,775,790,12:55,13:10,15
8,29,central_path,transit,775,790,12:55,13:10,15
8,30,central_path,transit,775,790,12:55,13:10,15
8,31,central_path,transit,775,790,12:55,13:10,15
8,32,central_path,transit,775,790,12:55,13:10,15
8,33,central_path,transit,775,790,12:55,13:10,15
8,34,central_path,transit,775,790,12:55,13:10,15
8,35,central_path,transit,775,790,12:55,13:10,15
9,10,central_path,transit,775,790,12:55,13:10,15
9,11,central_path,transit,775,790,12:55,13:10,15
9,12,central_path,transit,775,790,12:55,13:10,15
9,13,central_path,transit,775,790,12:55,13:10,15
9,14,central_path,transit,775,790,12:55,13:10,15
9,15,central_path,transit,775,790,12:55,13:10,15
9,16,central_path,transit,775,790,12:55,13:10,15
9,17,central_path,transit,775,790,12:55,13:10,15
9,18,central_path,transit,775,790,12:55,13:10,15
9,19,central_path,transit,775,790,12:55,13:10,15
9,20,central_path,transit,775,790,12:55,13:10,15
9,21,central_path,transit,775,790,12:55,13:10,15
9,22,central_path,transit,775,790,12:55,13:10,15
9,23,central_path,transit,775,790,12:55,13:10,15
9,24,central_path,transit,775,790,12:55,13:10,15
9,25,central_path,transit,775,790,12:55,13:10,15
9,26,central_path,transit,775,790,12:55,13:10,15
9,27,central_path,transit,775,790,12:55,13:10,15
9,28,central_path,transit,775,790,12:55,13:10,15
9,29,central_path,transit,775,790,12:55,13:10,15
9,30,central_path,transit,775,790,12:55,13:10,15
9,31,central_path,transit,775,790,12:55,13:10,15
9,32,central_path,transit,775,790,12:55,13:10,15
9,33,central_path,transit,775,790,12:55,13:10,15
9,34,central_path,transit,775,790,12:55,13:10,15
9,35,central_path,transit,775,790,12:55,13:10,15
10,11,central_path,transit,775,790,12:55,13:10,15
10,12,central_path,transit,775,790,12:55,13:10,15
10,13,central_path,transit,775,790,12:55,13:10,15
10,14,central_path,transit,775,790,12:55,13:10,15
10,15,central_path,transit,775,790,12:55,13:10,15
10,16,central_path,transit,775,790,12:55,13:10,15
10,17,central_path,transit,775,790,12:55,13:10,15
10,18,central_path,transit,775,790,12:55,13:10,15
10,19,central_path,transit,775,790,12:55,13:10,15
10,20,central_path,transit,775,790,12:55,13:10,15
10,21,central_path,transit,775,790,12:55,13:10,15
10,22,central_path,transit,775,790,12:55,13:10,15
10,23,central_path,transit,775,790,12:55,13:10,15
10,24,central_path,transit,775,790,12:55,13:10,15
10,25,central_path,transit,775,790,12:55,13:10,15
10,26,central_path,transit,775,790,12:55,13:10,15
10,27,central_path,transit,775,790,12:55,13:10,15
10,28,central_path,transit,775,790,12:55,13:10,15
10,29,central_path,transit,775,790,12:55,13:10,15
10,30,central_path,transit,775,790,12:55,13:10,15
10,31,central_path,transit,775,790,12:55,13:10,15
10,32,central_path,transit,775,790,12:55,13:10,15
10,33,central_path,transit,775,790,12:55,13:10,15
10,34,central_path,transit,775,790,12:55,13:10,15
10,35,central_path,transit,775,790,12:55,13:10,15
11,12,central_path,transit,775,790,12:55,13:10,15
11,13,central_path,transit,775,790,12:55,13:10,15
11,14,central_path,transit,775,790,12:55,13:10,15
11,15,central_path,transit,775,790,12:55,13:10,15
11,16,central_path,transit,775,790,12:55,13:10,15
11,17,central_path,transit,775,790,12:55,13:10,15
11,18,central_path,transit,775,790,12:55,13:10,15
11,19,central_path,transit,775,790,12:55,13:10,15
11,20,central_path,transit,775,790,12:55,13:10,15
11,21,central_path,transit,775,790,12:55,13:10,15
11,22,central_path,transit,775,790,12:55,13:10,15
11,23,central_path,transit,775,790,12:55,13:10,15
11,24,central_path,transit,775,790,12:55,13:10,15
11,25,central_path,transit,775,790,12:55,13:10,15
11,26,central_path,transit,775,790,12:55,13:10,15
11,27,central_path,transit,775,790,12:55,13:10,15
11,28,central_path,transit,775,790,12:55,13:10,15
11,29,central_path,transit,775,790,12:55,13:10,15
11,30,central_path,transit,775,790,12:55,13:10,15
11,31,central_path,transit,775,790,12:55,13:10,15
11,32,central_path,transit,775,790,12:55,13:10,15
11,33,central_path,transit,775,790,12:55,13:10,15
11,34,central_path,transit,775,790,12:55,13:10,15
11,35,central_path,transit,775,790,12:55,13:10,15
12,13,central_path,transit,775,790,12:55,13:10,15
12,14,central_path,transit,775,790,12:55,13:10,15
12,15,central_path,transit,775,790,12:55,13:10,15
12,16,central_path,transit,775,790,12:55,13:10,15
12,17,central_path,transit,775,790,12:55,13:10,15
12,18,central_path,transit,775,790,12:55,13:10,15
12,19,central_path,transit,775,790,12:55,13:10,15
12,20,central_path,transit,775,790,12:55,13:10,15
12,21,central_path,transit,775,790,12:55,13:10,15
12,22,central_path,transit,775,790,12:55,13:10,15
12,23,central_path,transit,775,790,12:55,13:10,15
12,24,central_path,transit,775,790,12:55,13:10,15
12,25,central_path,transit,775,790,12:55,13:10,15
12,26,central_path,transit,775,790,12:55,13:10,15
12,27,central_path,transit,775,790,12:55,13:10,15
12,28,central_path,transit,775,790,12:55,13:10,15
12,29,central_path,transit,775,790,12:55,13:10,15
12,30,central_path,transit,775,790,12:55,13:10,15
12,31,central_path,transit,775,790,12:55,13:10,15
12,32,central_path,transit,775,790,12:55,13:10,15
12,33,central_path,transit,775,790,12:55,13:10,15
12,34,central_path,transit,775,790,12:55,13:10,15
12,35,central_path,transit,775,790,12:55,13:10,15
13,14,central_path,transit,775,790,12:55,13:10,15
13,15,central_path,transit,775,790,12:55,13:10,15
13,16,central_path,transit,775,790,12:55,13:10,15
13,17,central_path,transit,775,790,12:55,13:10,15
13,18,central_path,transit,775,790,12:55,13:10,15
13,19,central_path,transit,775,790,12:55,13:10,15
13,20,central_path,transit,775,790,12:55,13:10,15
13,21,central_path,transit,775,790,12:55,13:10,15
13,22,central_path,transit,775,790,12:55,13:10,15
13,23,central_path,transit,775,790,12:55,13:10,15
13,24,central_path,transit,775,790,12:55,13:10,15
13,25,central_path,transit,775,790,12:55,13:10,15
13,26,central_path,transit,775,790,12:55,13:10,15
13,27,central_path,transit,775,790,12:55,13:10,15
13,28,central_path,transit,775,790,12:55,13:10,15
13,29,central_path,transit,775,790,12:55,13:10,15
13,30,central_path,transit,775,790,12:55,13:10,15
13,31,central_path,transit,775,790,12:55,13:10,15
13,32,central_path,transit,775,790,12:55,13:10,15
13,33,central_path,transit,775,790,12:55,13:10,15
13,34,central_path,transit,775,790,12:55,13:10,15
13,35,central_path,transit,775,790,12:55,13:10,15
14,15,central_path,transit,775,790,12:55,13:10,15
14,16,central_path,transit,775,790,12:55,13:10,15
14,17,central_path,transit,775,790,12:55,13:10,15
14,18,central_path,transit,775,790,12:55,13:10,15
14,19,central_path,transit,775,790,12:55,13:10,15
14,20,central_path,transit,775,790,12:55,13:10,15
14,21,central_path,transit,775,790,12:55,13:10,15
14,22,central_path,transit,775,790,12:55,13:10,15
14,23,central_path,transit,775,790,12:55,13:10,15
14,24,central_path,transit,775,790,12:55,13:10,15
14,25,central_path,transit,775,790,12:55,13:10,15
14,26,central_path,transit,775,790,12:55,13:10,15
14,27,central_path,transit,775,790,12:55,13:10,15
14,28,central_path,transit,775,790,12:55,13:10,15
14,29,central_path,transit,775,790,12:55,13:10,15
14,30,central_path,transit,775,790,12:55,13:10,15
14,31,central_path,transit,775,790,12:55,13:10,15
14,32,central_path,transit,775,790,12:55,13:10,15
14,33,central_path,transit,775,790,12:55,13:10,15
14,34,central_path,transit,775,790,12:55,13:10,15
14,35,central_path,transit,775,790,12:55,13:10,15
15,16,central_path,transit,775,790,12:55,13:10,15
15,17,central_path,transit,775,790,12:55,13:10,15
15,18,central_path,transit,775,790,12:55,13:10,15
15,19,central_path,transit,775,790,12:55,13:10,15
15,20,central_path,transit,775,790,12:55,13:10,15
15,21,central_path,transit,775,790,12:55,13:10,15
15,22,central_path,transit,775,790,12:55,13:10,15
15,23,central_path,transit,775,790,12:55,13:10,15
15,24,central_path,transit,775,790,12:55,13:10,15
15,25,central_path,transit,775,790,12:55,13:10,15
15,26,central_path,transit,775,790,12:55,13:10,15
15,27,central_path,transit,775,790,12:55,13:10,15
15,28,central_path,transit,775,790,12:55,13:10,15
15,29,central_path,transit,775,790,12:55,13:10,15
15,30,central_path,transit,775,790,12:55,13:10,15
15,31,central_path,transit,775,790,12:55,13:10,15
15,32,central_path,transit,775,790,12:55,13:10,15
15,33,central_path,transit,775,790,12:55,13:10,15
15,34,central_path,transit,775,790,12:55,13:10,15
15,35,central_path,transit,775,790,12:55,13:10,15
16,17,central_path,transit,775,790,12:55,13:10,15
16,18,central_path,transit,775,790,12:55,13:10,15
16,19,central_path,transit,775,790,12:55,13:10,15
16,20,central_path,transit,775,790,12:55,13:10,15
16,21,central_path,transit,775,790,12:55,13:10,15
16,22,central_path,transit,775,790,12:55,13:10,15
16,23,central_path,transit,775,790,12:55,13:10,15
16,24,central_path,transit,775,790,12:55,13:10,15
16,25,central_path,transit,775,790,12:55,13:10,15
16,26,central_path,transit,775,790,12:55,13:10,15
16,27,central_path,transit,775,790,12:55,13:10,15
16,28,central_path,transit,775,790,12:55,13:10,15
16,29,central_path,transit,775,790,12:55,13:10,15
16,30,central_path,transit,775,790,12:55,13:10,15
16,31,central_path,transit,775,790,12:55,13:10,15
16,32,central_path,transit,775,790,12:55,13:10,15
16,33,central_path,transit,775,790,12:55,13:10,15
16,34,central_path,transit,775,790,12:55,13:10,15
16,35,central_path,transit,775,790,12:55,13:10,15
17,18,central_path,transit,775,790,12:55,13:10,15
17,19,central_path,transit,775,790,12:55,13:10,15
17,20,central_path,transit,775,790,12:55,13:10,15
17,21,central_path,transit,775,790,12:55,13:10,15
17,22,central_path,transit,775,790,12:55,13:10,15
17,23,central_path,transit,775,790,12:55,13:10,15
17,24,central_path,transit,775,790,12:55,13:10,15
17,25,central_path,transit,775,790,12:55,13:10,15
17,26,central_path,transit,775,790,12:55,13:10,15
17,27,central_path,transit,775,790,12:55,13:10,15
17,28,central_path,transit,775,790,12:55,13:10,15
17,29,central_path,transit,775,790,12:55,13:10,15
17,30,central_path,transit,775,790,12:55,13:10,15
17,31,central_path,transit,775,790,12:55,13:10,15
17,32,central_path,transit,775,790,12:55,13:10,15
17,33,central_path,transit,775,790,12:55,13:10,15
17,34,central_path,transit,775,790,12:55,13:10,15
17,35,central_path,transit,775,790,12:55,13:10,15
18,19,central_path,transit,775,790,12:55,13:10,15
18,20,central_path,transit,775,790,12:55,13:10,15
18,21,central_path,transit,775,790,12:55,13:10,15
18,22,central_path,transit,775,790,12:55,13:10,15
18,23,central_path,transit,775,790,12:55,13:10,15
18,24,central_path,transit,775,790,12:55,13:10,15
18,25,central_path,transit,775,790,12:55,13:10,15
18,26,central_path,transit,775,790,12:55,13:10,15
18,27,central_path,transit,775,790,12:55,13:10,15
18,28,central_path,transit,775,790,12:55,13:10,15
18,29,central_path,transit,775,790,12:55,13:10,15
18,30,central_path,transit,775,790,12:55,13:10,15
18,31,central_path,transit,775,790,12:55,13:10,15
18,32,central_path,transit,775,790,12:55,13:10,15
18,33,central_path,transit,775,790,12:55,13:10,15
18,34,central_path,transit,775,790,12:55,13:10,15
18,35,central_path,transit,775,790,12:55,13:10,15
19,20,central_path,transit,775,790,12:55,13:10,15
19,21,central_path,transit,775,790,12:55,13:10,15
19,22,central_path,transit,775,790,12:55,13:10,15
19,23,central_path,transit,775,790,12:55,13:10,15
19,24,central_path,transit,775,790,12:55,13:10,15
19,25,central_path,transit,775,790,12:55,13:10,15
19,26,central_path,transit,775,790,12:55,13:10,15
19,27,central_path,transit,775,790,12:55,13:10,15
19,28,central_path,transit,775,790,12:55,13:10,15
19,29,central_path,transit,775,790,12:55,13:10,15
19,30,central_path,transit,775,790,12:55,13:10,15
19,31,central_path,transit,775,790,12:55,13:10,15
19,32,central_path,transit,775,790,12:55,13:10,15
19,33,central_path,transit,775,790,12:55,13:10,15
19,34,central_path,transit,775,790,12:55,13:10,15
19,35,central_path,transit,775,790,12:55,13:10,15
20,21,central_path,transit,775,790,12:55,13:10,15
20,22,central_path,transit,775,790,12:55,13:10,15
20,23,central_path,transit,775,790,12:55,13:10,15
20,24,central_path,transit,775,790,12:55,13:10,15
20,25,central_path,transit,775,790,12:55,13:10,15
20,26,central_path,transit,775,790,12:55,13:10,15
20,27,central_path,transit,775,790,12:55,13:10,15
20,28,central_path,transit,775,790,12:55,13:10,15
20,29,central_path,transit,775,790,12:55,13:10,15
20,30,central_path,transit,775,790,12:55,13:10,15
20,31,central_path,transit,775,790,12:55,13:10,15
20,32,central_path,transit,775,790,12:55,13:10,15
20,33,central_path,transit,775,790,12:55,13:10,15
20,34,central_path,transit,775,790,12:55,13:10,15
20,35,central_path,transit,775,790,12:55,13:10,15
21,22,central_path,transit,775,790,12:55,13:10,15
21,23,central_path,transit,775,790,12:55,13:10,15
21,24,central_path,transit,775,790,12:55,13:10,15
21,25,central_path,transit,775,790,12:55,13:10,15
21,26,central_path,transit,775,790,12:55,13:10,15
21,27,central_path,transit,775,790,12:55,13:10,15
21,28,central_path,transit,775,790,12:55,13:10,15
21,29,central_path,transit,775,790,12:55,13:10,15
21,30,central_path,transit,775,790,12:55,13:10,15
21,31,central_path,transit,775,790,12:55,13:10,15
21,32,central_path,transit,775,790,12:55,13:10,15
21,33,central_path,transit,775,790,12:55,13:10,15
21,34,central_path,transit,775,790,12:55,13:10,15
21,35,central_path,transit,775,790,12:55,13:10,15
22,23,central_path,transit,775,790,12:55,13:10,15
22,24,central_path,transit,775,790,12:55,13:10,15
22,25,central_path,transit,775,790,12:55,13:10,15
22,26,central_path,transit,775,790,12:55,13:10,15
22,27,central_path,transit,775,790,12:55,13:10,15
22,28,central_path,transit,775,790,12:55,13:10,15
22,29,central_path,transit,775,790,12:55,13:10,15
22,30,central_path,transit,775,790,12:55,13:10,15
22,31,central_path,transit,775,790,12:55,13:10,15
22,32,central_path,transit,775,790,12:55,13:10,15
22,33,central_path,transit,775,790,12:55,13:10,15
22,34,central_path,transit,775,790,12:55,13:10,15
22,35,central_path,transit,775,790,12:55,13:10,15
23,24,central_path,transit,775,790,12:55,13:10,15
23,25,central_path,transit,775,790,12:55,13:10,15
23,26,central_path,transit,775,790,12:55,13:10,15
23,27,central_path,transit,775,790,12:55,13:10,15
23,28,central_path,transit,775,790,12:55,13:10,15
23,29,central_path,transit,775,790,12:55,13:10,15
23,30,central_path,transit,775,790,12:55,13:10,15
23,31,central_path,transit,775,790,12:55,13:10,15
23,32,central_path,transit,775,790,12:55,13:10,15
23,33,central_path,transit,775,790,12:55,13:10,15
23,34,central_path,transit,775,790,12:55,13:10,15
23,35,central_path,transit,775,790,12:55,13:10,15
24,25,central_path,transit,775,790,12:55,13:10,15
24,26,central_path,transit,775,790,12:55,13:10,15
24,27,central_path,transit,775,790,12:55,13:10,15
24,28,central_path,transit,775,790,12:55,13:10,15
24,29,central_path,transit,775,790,12:55,13:10,15
24,30,central_path,transit,775,790,12:55,13:10,15
24,31,central_path,transit,775,790,12:55,13:10,15
24,32,central_path,transit,775,790,12:55,13:10,15
24,33,central_path,transit,775,790,12:55,13:10,15
24,34,central_path,transit,775,790,12:55,13:10,15
24,35,central_path,transit,775,790,12:55,13:10,15
25,26,central_path,transit,775,790,12:55,13:10,15
25,27,central_path,transit,775,790,12:55,13:10,15
25,28,central_path,transit,775,790,12:55,13:10,15
25,29,central_path,transit,775,790,12:55,13:10,15
25,30,central_path,transit,775,790,12:55,13:10,15
25,31,central_path,transit,775,790,12:55,13:10,15
25,32,central_path,transit,775,790,12:55,13:10,15
25,33,central_path,transit,775,790,12:55,13:10,15
25,34,central_path,transit,775,790,12:55,13:10,15
25,35,central_path,transit,775,790,12:55,13:10,15
26,27,central_path,transit,775,790,12:55,13:10,15
26,28,central_path,transit,775,790,12:55,13:10,15
26,29,central_path,transit,775,790,12:55,13:10,15
26,30,central_path,transit,775,790,12:55,13:10,15
26,31,central_path,transit,775,790,12:55,13:10,15
26,32,central_path,transit,775,790,12:55,13:10,15
26,33,central_path,transit,775,790,12:55,13:10,15
26,34,central_path,transit,775,790,12:55,13:10,15
26,35,central_path,transit,775,790,12:55,13:10,15
27,28,central_path,transit,775,790,12:55,13:10,15
27,29,central_path,transit,775,790,12:55,13:10,15
27,30,central_path,transit,775,790,12:55,13:10,15
27,31,central_path,transit,775,790,12:55,13:10,15
27,32,central_path,transit,775,790,12:55,13:10,15
27,33,central_path,transit,775,790,12:55,13:10,15
27,34,central_path,transit,775,790,12:55,13:10,15
27,35,central_path,transit,775,790,12:55,13:10,15
28,29,central_path,transit,775,790,12:55,13:10,15
28,30,central_path,transit,775,790,12:55,13:10,15
28,31,central_path,transit,775,790,12:55,13:10,15
28,32,central_path,transit,775,790,12:55,13:10,15
28,33,central_path,transit,775,790,12:55,13:10,15
28,34,central_path,transit,775,790,12:55,13:10,15
28,35,central_path,transit,775,790,12:55,13:10,15
29,30,central_path,transit,775,790,12:55,13:10,15
29,31,central_path,transit,775,790,12:55,13:10,15
29,32,central_path,transit,775,790,12:55,13:10,15
29,33,central_path,transit,775,790,12:55,13:10,15
29,34,central_path,transit,775,790,12:55,13:10,15
29,35,central_path,transit,775,790,12:55,13:10,15
30,31,central_path,transit,775,790,12:55,13:10,15
30,32,central_path,transit,775,790,12:55,13:10,15
30,33,central_path,transit,775,790,12:55,13:10,15
30,34,central_path,transit,775,790,12:55,13:10,15
30,35,central_path,transit,775,790,12:55,13:10,15
31,32,central_path,transit,775,790,12:55,13:10,15
31,33,central_path,transit,775,790,12:55,13:10,15
31,34,central_path,transit,775,790,12:55,13:10,15
31,35,central_path,transit,775,790,12:55,13:10,15
32,33,central_path,transit,775,790,12:55,13:10,15
32,34,central_path,transit,775,790,12:55,13:10,15
32,35,central_path,transit,775,790,12:55,13:10,15
33,34,central_path,transit,775,790,12:55,13:10,15
33,35,central_path,transit,775,790,12:55,13:10,15
34,35,central_path,transit,775,790,12:55,13:10,15
31,32,administration,work,790,925,13:10,15:25,135
31,33,administration,work,790,925,13:10,15:25,135
31,34,administration,work,790,925,13:10,15:25,135
31,35,administration,work,790,925,13:10,15:25,135
32,33,administration,work,790,925,13:10,15:25,135
32,34,administration,work,790,925,13:10,15:25,135
32,35,administration,work,790,925,13:10,15:25,135
33,34,administration,work,790,925,13:10,15:25,135
33,35,administration,work,790,925,13:10,15:25,135
34,35,administration,work,790,925,13:10,15:25,135
29,30,clinic,work,790,925,13:10,15:25,135
21,22,depot,work,790,925,13:10,15:25,135
21,23,depot,work,790,925,13:10,15:25,135
21,24,depot,work,790,925,13:10,15:25,135
22,23,depot,work,790,925,13:10,15:25,135
22,24,depot,work,790,925,13:10,15:25,135
23,24,depot,work,790,925,13:10,15:25,135
10,11,greenhouse,work,790,925,13:10,15:25,135
10,12,greenhouse,work,790,925,13:10,15:25,135
10,13,greenhouse,work,790,925,13:10,15:25,135
10,14,greenhouse,work,790,925,13:10,15:25,135
10,15,greenhouse,work,790,925,13:10,15:25,135
11,12,greenhouse,work,790,925,13:10,15:25,135
11,13,greenhouse,work,790,925,13:10,15:25,135
11,14,greenhouse,work,790,925,13:10,15:25,135
11,15,greenhouse,work,790,925,13:10,15:25,135
12,13,greenhouse,work,790,925,13:10,15:25,135
12,14,greenhouse,work,790,925,13:10,15:25,135
12,15,greenhouse,work,790,925,13:10,15:25,135
13,14,greenhouse,work,790,925,13:10,15:25,135
13,15,greenhouse,work,790,925,13:10,15:25,135
14,15,greenhouse,work,790,925,13:10,15:25,135
0,1,mine_a,work,790,925,13:10,15:25,135
0,2,mine_a,work,790,925,13:10,15:25,135
0,3,mine_a,work,790,925,13:10,15:25,135
0,4,mine_a,work,790,925,13:10,15:25,135
1,2,mine_a,work,790,925,13:10,15:25,135
1,3,mine_a,work,790,925,13:10,15:25,135
1,4,mine_a,work,790,925,13:10,15:25,135
2,3,mine_a,work,790,925,13:10,15:25,135
2,4,mine_a,work,790,925,13:10,15:25,135
3,4,mine_a,work,790,925,13:10,15:25,135
5,6,mine_b,work,790,925,13:10,15:25,135
5,7,mine_b,work,790,925,13:10,15:25,135
5,8,mine_b,work,790,925,13:10,15:25,135
5,9,mine_b,work,790,925,13:10,15:25,135
6,7,mine_b,work,790,925,13:10,15:25,135
6,8,mine_b,work,790,925,13:10,15:25,135
6,9,mine_b,work,790,925,13:10,15:25,135
7,8,mine_b,work,790,925,13:10,15:25,135
7,9,mine_b,work,790,925,13:10,15:25,135
8,9,mine_b,work,790,925,13:10,15:25,135
25,26,security_post,work,790,925,13:10,15:25,135
25,27,security_post,work,790,925,13:10,15:25,135
25,28,security_post,work,790,925,13:10,15:25,135
26,27,security_post,work,790,925,13:10,15:25,135
26,28,security_post,work,790,925,13:10,15:25,135
27,28,security_post,work,790,925,13:10,15:25,135
16,17,workshop,work,790,925,13:10,15:25,135
16,18,workshop,work,790,925,13:10,15:25,135
16,19,workshop,work,790,925,13:10,15:25,135
16,20,workshop,work,790,925,13:10,15:25,135
17,18,workshop,work,790,925,13:10,15:25,135
17,19,workshop,work,790,925,13:10,15:25,135
17,20,workshop,work,790,925,13:10,15:25,135
18,19,workshop,work,790,925,13:10,15:25,135
18,20,workshop,work,790,925,13:10,15:25,135
19,20,workshop,work,790,925,13:10,15:25,135
0,6,social_01,social,925,960,15:25,16:00,35
0,12,social_01,social,925,960,15:25,16:00,35
0,18,social_01,social,925,960,15:25,16:00,35
0,24,social_01,social,925,960,15:25,16:00,35
0,30,social_01,social,925,960,15:25,16:00,35
6,12,social_01,social,925,960,15:25,16:00,35
6,18,social_01,social,925,960,15:25,16:00,35
6,24,social_01,social,925,960,15:25,16:00,35
6,30,social_01,social,925,960,15:25,16:00,35
12,18,social_01,social,925,960,15:25,16:00,35
12,24,social_01,social,925,960,15:25,16:00,35
12,30,social_01,social,925,960,15:25,16:00,35
18,24,social_01,social,925,960,15:25,16:00,35
18,30,social_01,social,925,960,15:25,16:00,35
24,30,social_01,social,925,960,15:25,16:00,35
1,7,social_02,social,925,960,15:25,16:00,35
1,13,social_02,social,925,960,15:25,16:00,35
1,19,social_02,social,925,960,15:25,16:00,35
1,25,social_02,social,925,960,15:25,16:00,35
1,31,social_02,social,925,960,15:25,16:00,35
7,13,social_02,social,925,960,15:25,16:00,35
7,19,social_02,social,925,960,15:25,16:00,35
7,25,social_02,social,925,960,15:25,16:00,35
7,31,social_02,social,925,960,15:25,16:00,35
13,19,social_02,social,925,960,15:25,16:00,35
13,25,social_02,social,925,960,15:25,16:00,35
13,31,social_02,social,925,960,15:25,16:00,35
19,25,social_02,social,925,960,15:25,16:00,35
19,31,social_02,social,925,960,15:25,16:00,35
25,31,social_02,social,925,960,15:25,16:00,35
2,8,social_03,social,925,960,15:25,16:00,35
2,14,social_03,social,925,960,15:25,16:00,35
2,20,social_03,social,925,960,15:25,16:00,35
2,26,social_03,social,925,960,15:25,16:00,35
2,32,social_03,social,925,960,15:25,16:00,35
8,14,social_03,social,925,960,15:25,16:00,35
8,20,social_03,social,925,960,15:25,16:00,35
8,26,social_03,social,925,960,15:25,16:00,35
8,32,social_03,social,925,960,15:25,16:00,35
14,20,social_03,social,925,960,15:25,16:00,35
14,26,social_03,social,925,960,15:25,16:00,35
14,32,social_03,social,925,960,15:25,16:00,35
20,26,social_03,social,925,960,15:25,16:00,35
20,32,social_03,social,925,960,15:25,16:00,35
26,32,social_03,social,925,960,15:25,16:00,35
3,9,social_04,social,925,960,15:25,16:00,35
3,15,social_04,social,925,960,15:25,16:00,35
3,21,social_04,social,925,960,15:25,16:00,35
3,27,social_04,social,925,960,15:25,16:00,35
3,33,social_04,social,925,960,15:25,16:00,35
9,15,social_04,social,925,960,15:25,16:00,35
9,21,social_04,social,925,960,15:25,16:00,35
9,27,social_04,social,925,960,15:25,16:00,35
9,33,social_04,social,925,960,15:25,16:00,35
15,21,social_04,social,925,960,15:25,16:00,35
15,27,social_04,social,925,960,15:25,16:00,35
15,33,social_04,social,925,960,15:25,16:00,35
21,27,social_04,social,925,960,15:25,16:00,35
21,33,social_04,social,925,960,15:25,16:00,35
27,33,social_04,social,925,960,15:25,16:00,35
4,10,social_05,social,925,960,15:25,16:00,35
4,16,social_05,social,925,960,15:25,16:00,35
4,22,social_05,social,925,960,15:25,16:00,35
4,28,social_05,social,925,960,15:25,16:00,35
4,34,social_05,social,925,960,15:25,16:00,35
10,16,social_05,social,925,960,15:25,16:00,35
10,22,social_05,social,925,960,15:25,16:00,35
10,28,social_05,social,925,960,15:25,16:00,35
10,34,social_05,social,925,960,15:25,16:00,35
16,22,social_05,social,925,960,15:25,16:00,35
16,28,social_05,social,925,960,15:25,16:00,35
16,34,social_05,social,925,960,15:25,16:00,35
22,28,social_05,social,925,960,15:25,16:00,35
22,34,social_05,social,925,960,15:25,16:00,35
28,34,social_05,social,925,960,15:25,16:00,35
5,11,social_06,social,925,960,15:25,16:00,35
5,17,social_06,social,925,960,15:25,16:00,35
5,23,social_06,social,925,960,15:25,16:00,35
5,29,social_06,social,925,960,15:25,16:00,35
5,35,social_06,social,925,960,15:25,16:00,35
11,17,social_06,social,925,960,15:25,16:00,35
11,23,social_06,social,925,960,15:25,16:00,35
11,29,social_06,social,925,960,15:25,16:00,35
11,35,social_06,social,925,960,15:25,16:00,35
17,23,social_06,social,925,960,15:25,16:00,35
17,29,social_06,social,925,960,15:25,16:00,35
17,35,social_06,social,925,960,15:25,16:00,35
23,29,social_06,social,925,960,15:25,16:00,35
23,35,social_06,social,925,960,15:25,16:00,35
29,35,social_06,social,925,960,15:25,16:00,35
