run,pair_interactions,group_interactions,social_interactions,world_interactions,total_interactions,social_cognitive_cycles,world_cognition_triggers,world_cognitive_cycles,total_cognitive_cycles,generated_event_records,generated_fact_records,social_memory_records,world_memory_records,total_memory_records,total_generated_vector_records
1,150,5,155,2091,2246,536,405,497,1033,4492,4492,320,2091,2411,11395
2,135,8,143,1980,2123,530,384,479,1009,4246,4246,298,1980,2278,10770
3,158,12,170,2023,2193,586,374,463,1049,4386,4386,368,2023,2391,11163
4,160,4,164,1961,2125,520,385,490,1010,4250,4250,337,1961,2298,10798
5,148,9,157,2060,2217,537,361,448,985,4434,4434,329,2060,2389,11257
6,159,11,170,1978,2148,521,394,485,1006,4296,4296,362,1978,2340,10932
7,145,7,152,2007,2159,519,408,496,1015,4318,4318,322,2007,2329,10965
8,146,5,151,2011,2162,500,357,429,929,4324,4324,314,2011,2325,10973
9,169,10,179,1969,2148,623,347,425,1048,4296,4296,380,1969,2349,10941
10,172,6,178,2023,2201,552,371,469,1021,4402,4402,365,2023,2388,11192
11,157,13,170,1992,2162,557,363,450,1007,4324,4324,369,1992,2361,11009
12,141,12,153,2053,2206,528,404,492,1020,4412,4412,339,2053,2392,11216
13,151,9,160,1948,2108,536,352,434,970,4216,4216,331,1948,2279,10711
14,145,13,158,1957,2115,573,395,475,1048,4230,4230,342,1957,2299,10759
15,157,10,167,2056,2223,583,404,492,1075,4446,4446,356,2056,2412,11304
16,160,17,177,2039,2216,614,370,438,1052,4432,4432,383,2039,2422,11286
17,156,9,165,2102,2267,542,377,456,998,4534,4534,343,2102,2445,11513
18,139,9,148,2054,2202,533,402,494,1027,4404,4404,316,2054,2370,11178
19,162,18,180,1928,2108,633,369,449,1082,4216,4216,396,1928,2324,10756
20,159,12,171,2112,2283,570,435,531,1101,4566,4566,367,2112,2479,11611
21,148,11,159,1972,2131,543,385,471,1014,4262,4262,335,1972,2307,10831
22,137,6,143,2005,2148,497,360,448,945,4296,4296,299,2005,2304,10896
23,158,10,168,2032,2200,569,369,443,1012,4400,4400,354,2032,2386,11186
24,154,12,166,2061,2227,554,410,506,1060,4454,4454,351,2061,2412,11320
25,142,10,152,2037,2189,518,387,483,1001,4378,4378,322,2037,2359,11115
26,145,9,154,1992,2146,491,355,440,931,4292,4292,328,1992,2320,10904
27,155,5,160,2134,2294,489,408,493,982,4588,4588,329,2134,2463,11639
28,153,12,165,2061,2226,527,423,514,1041,4452,4452,350,2061,2411,11315
29,175,14,189,2019,2208,648,356,434,1082,4416,4416,411,2019,2430,11262
30,156,13,169,2065,2234,576,375,457,1033,4468,4468,357,2065,2422,11358
31,131,10,141,1962,2103,487,390,493,980,4206,4206,305,1962,2267,10679
32,156,12,168,2020,2188,557,374,451,1008,4376,4376,362,2020,2382,11134
33,183,8,191,1970,2161,633,349,428,1061,4322,4322,398,1970,2368,11012
34,152,12,164,2070,2234,563,405,502,1065,4468,4468,352,2070,2422,11358
35,166,13,179,1974,2153,624,355,430,1054,4306,4306,378,1974,2352,10964
36,171,14,185,2124,2309,624,417,509,1133,4618,4618,397,2124,2521,11757
37,156,5,161,1974,2135,570,388,468,1038,4270,4270,331,1974,2305,10845
38,141,17,158,2049,2207,552,359,448,1000,4414,4414,354,2049,2403,11231
39,156,5,161,2041,2202,539,383,480,1019,4404,4404,331,2041,2372,11180
40,157,12,169,2003,2172,591,358,446,1037,4344,4344,357,2003,2360,11048
41,173,12,185,1976,2161,662,371,449,1111,4322,4322,399,1976,2375,11019
42,166,8,174,1938,2112,611,378,457,1068,4224,4224,366,1938,2304,10752
43,158,14,172,2026,2198,613,395,475,1088,4396,4396,368,2026,2394,11186
44,164,19,183,2051,2234,648,360,435,1083,4468,4468,406,2051,2457,11393
45,127,9,136,2039,2175,471,376,447,918,4350,4350,294,2039,2333,11033
46,150,14,164,2047,2211,570,386,467,1037,4422,4422,358,2047,2405,11249
47,131,12,143,2040,2183,481,412,505,986,4366,4366,315,2040,2355,11087
48,161,13,174,2084,2258,634,376,456,1090,4516,4516,376,2084,2460,11492
49,173,10,183,2059,2242,640,388,466,1106,4484,4484,383,2059,2442,11410
50,145,12,157,2066,2223,570,362,445,1015,4446,4446,337,2066,2403,11295
51,171,8,179,2043,2222,610,395,480,1090,4444,4444,380,2043,2423,11311
52,147,15,162,2097,2259,536,375,460,996,4518,4518,352,2097,2449,11485
53,152,12,164,2039,2203,558,416,511,1069,4406,4406,350,2039,2389,11201
54,152,11,163,2076,2239,526,415,510,1036,4478,4478,343,2076,2419,11375
55,158,6,164,2023,2187,543,378,460,1003,4374,4374,340,2023,2363,11111
56,150,11,161,2064,2225,516,383,458,974,4450,4450,347,2064,2411,11311
57,143,10,153,2028,2181,537,380,471,1008,4362,4362,324,2028,2352,11076
58,148,10,158,2046,2204,564,384,469,1033,4408,4408,333,2046,2379,11195
59,163,11,174,2045,2219,588,381,471,1059,4438,4438,362,2045,2407,11283
60,146,9,155,2023,2178,519,389,462,981,4356,4356,325,2023,2348,11060
61,150,8,158,1964,2122,537,375,468,1005,4244,4244,332,1964,2296,10784
62,135,11,146,1981,2127,532,391,474,1006,4254,4254,320,1981,2301,10809
63,165,14,179,2022,2201,628,397,487,1115,4402,4402,388,2022,2410,11214
64,132,11,143,1972,2115,512,375,459,971,4230,4230,308,1972,2280,10740
65,125,18,143,2072,2215,535,400,497,1032,4430,4430,323,2072,2395,11255
66,149,10,159,2009,2168,533,355,436,969,4336,4336,345,2009,2354,11026
67,168,9,177,2064,2241,634,355,438,1072,4482,4482,375,2064,2439,11403
68,166,7,173,2103,2276,553,400,505,1058,4552,4552,357,2103,2460,11564
69,145,13,158,2151,2309,545,423,520,1065,4618,4618,338,2151,2489,11725
70,158,11,169,1992,2161,578,378,470,1048,4322,4322,358,1992,2350,10994
71,152,13,165,1964,2129,580,387,474,1054,4258,4258,358,1964,2322,10838
72,133,14,147,1975,2122,503,377,454,957,4244,4244,319,1975,2294,10782
73,135,9,144,2083,2227,487,376,458,945,4454,4454,302,2083,2385,11293
74,139,8,147,1993,2140,519,366,453,972,4280,4280,310,1993,2303,10863
75,165,8,173,1998,2171,551,387,487,1038,4342,4342,362,1998,2360,11044
76,170,4,174,2047,2221,587,349,422,1009,4442,4442,357,2047,2404,11288
77,185,11,196,2131,2327,665,387,475,1140,4654,4654,410,2131,2541,11849
78,148,7,155,2039,2194,510,363,451,961,4388,4388,323,2039,2362,11138
79,128,9,137,2077,2214,474,378,471,945,4428,4428,291,2077,2368,11224
80,156,16,172,2042,2214,580,380,468,1048,4428,4428,372,2042,2414,11270
81,148,11,159,1974,2133,513,386,468,981,4266,4266,341,1974,2315,10847
82,153,12,165,1961,2126,587,380,469,1056,4252,4252,353,1961,2314,10818
83,140,7,147,2094,2241,482,406,486,968,4482,4482,306,2094,2400,11364
84,138,3,141,2044,2185,441,379,462,903,4370,4370,286,2044,2330,11070
85,143,8,151,1963,2114,470,365,441,911,4228,4228,314,1963,2277,10733
86,161,8,169,2074,2243,567,417,499,1066,4486,4486,353,2074,2427,11399
87,172,13,185,2031,2216,636,381,465,1101,4432,4432,392,2031,2423,11287
88,151,8,159,2022,2181,498,426,495,993,4362,4362,336,2022,2358,11082
89,161,9,170,2020,2190,580,381,461,1041,4380,4380,355,2020,2375,11135
90,127,15,142,2057,2199,491,422,526,1017,4398,4398,314,2057,2371,11167
91,154,11,165,2028,2193,554,393,509,1063,4386,4386,347,2028,2375,11147
92,158,7,165,2043,2208,591,380,469,1060,4416,4416,343,2043,2386,11218
93,142,12,154,1972,2126,506,370,446,952,4252,4252,334,1972,2306,10810
94,135,9,144,1997,2141,487,406,505,992,4282,4282,303,1997,2300,10864
95,131,14,145,1998,2143,509,380,452,961,4286,4286,317,1998,2315,10887
96,140,11,151,2093,2244,511,438,529,1040,4488,4488,325,2093,2418,11394
97,147,8,155,2059,2214,520,380,467,987,4428,4428,325,2059,2384,11240
98,129,13,142,2066,2208,478,392,472,950,4416,4416,307,2066,2373,11205
99,150,18,168,2075,2243,533,385,470,1003,4486,4486,367,2075,2442,11414
100,166,10,176,2099,2275,594,409,492,1086,4550,4550,375,2099,2474,11574
101,147,8,155,2039,2194,484,355,421,905,4388,4388,325,2039,2364,11140
102,142,11,153,2033,2186,511,395,480,991,4372,4372,326,2033,2359,11103
103,147,11,158,2007,2165,497,417,524,1021,4330,4330,336,2007,2343,11003
104,161,9,170,2089,2259,537,412,512,1049,4518,4518,356,2089,2445,11481
105,163,9,172,1961,2133,579,358,432,1011,4266,4266,367,1961,2328,10860
106,156,12,168,2075,2243,578,385,477,1055,4486,4486,363,2075,2438,11410
107,151,7,158,2083,2241,533,365,438,971,4482,4482,333,2083,2416,11380
108,137,10,147,2002,2149,440,376,463,903,4298,4298,309,2002,2311,10907
109,158,11,169,2084,2253,549,404,498,1047,4506,4506,357,2084,2441,11453
110,162,9,171,1948,2119,577,343,424,1001,4238,4238,354,1948,2302,10778
111,154,11,165,2045,2210,559,385,483,1042,4420,4420,353,2045,2398,11238
112,134,10,144,2095,2239,507,403,494,1001,4478,4478,312,2095,2407,11363
113,160,7,167,2053,2220,529,415,489,1018,4440,4440,354,2053,2407,11287
114,148,8,156,2026,2182,537,398,491,1028,4364,4364,332,2026,2358,11086
115,160,14,174,2072,2246,595,393,470,1065,4492,4492,377,2072,2449,11433
116,137,11,148,2054,2202,528,396,484,1012,4404,4404,320,2054,2374,11182
117,144,8,152,2099,2251,521,392,486,1007,4502,4502,324,2099,2423,11427
118,144,6,150,2060,2210,489,380,457,946,4420,4420,311,2060,2371,11211
119,138,8,146,2042,2188,510,412,511,1021,4376,4376,307,2042,2349,11101
120,147,9,156,2101,2257,518,409,489,1007,4514,4514,328,2101,2429,11457
121,125,6,131,2022,2153,440,367,431,871,4306,4306,275,2022,2297,10909
122,139,10,149,2021,2170,513,355,430,943,4340,4340,313,2021,2334,11014
123,151,8,159,2026,2185,523,375,448,971,4370,4370,333,2026,2359,11099
124,160,7,167,1993,2160,539,394,481,1020,4320,4320,345,1993,2338,10978
125,145,9,154,1971,2125,496,406,491,987,4250,4250,326,1971,2297,10797
126,144,10,154,2048,2202,539,381,467,1006,4404,4404,325,2048,2373,11181
127,143,14,157,2009,2166,523,396,480,1003,4332,4332,340,2009,2349,11013
128,144,9,153,2031,2184,550,427,532,1082,4368,4368,323,2031,2354,11090
129,176,6,182,1946,2128,579,336,407,986,4256,4256,373,1946,2319,10831
130,139,8,147,2048,2195,478,379,466,944,4390,4390,310,2048,2358,11138
131,154,13,167,2014,2181,536,388,484,1020,4362,4362,355,2014,2369,11093
132,156,13,169,1967,2136,537,355,428,965,4272,4272,356,1967,2323,10867
133,152,12,164,1998,2162,580,362,432,1012,4324,4324,351,1998,2349,10997
134,164,8,172,2136,2308,590,380,462,1052,4616,4616,364,2136,2500,11732
135,145,19,164,2099,2263,620,397,471,1091,4526,4526,369,2099,2468,11520
136,128,12,140,2108,2248,508,373,453,961,4496,4496,304,2108,2412,11404
137,142,12,154,2114,2268,525,407,501,1026,4536,4536,332,2114,2446,11518
138,157,5,162,2076,2238,542,376,463,1005,4476,4476,332,2076,2408,11360
139,136,9,145,2041,2186,513,389,465,978,4372,4372,312,2041,2353,11097
140,145,8,153,1994,2147,505,369,460,965,4294,4294,321,1994,2315,10903
141,171,11,182,1994,2176,631,351,437,1068,4352,4352,391,1994,2385,11089
142,176,5,181,1959,2140,568,379,474,1042,4280,4280,369,1959,2328,10888
143,153,7,160,2033,2193,522,381,471,993,4386,4386,335,2033,2368,11140
144,153,9,162,2092,2254,576,417,510,1086,4508,4508,346,2092,2438,11454
145,142,11,153,2003,2156,541,397,494,1035,4312,4312,330,2003,2333,10957
146,158,7,165,2034,2199,529,371,448,977,4398,4398,344,2034,2378,11174
147,148,12,160,1949,2109,513,385,465,978,4218,4218,343,1949,2292,10728
148,140,8,148,2020,2168,483,366,439,922,4336,4336,310,2020,2330,11002
149,140,8,148,1983,2131,497,383,469,966,4262,4262,317,1983,2300,10824
150,142,9,151,2034,2185,492,385,475,967,4370,4370,321,2034,2355,11095
151,159,11,170,2012,2182,563,401,514,1077,4364,4364,362,2012,2374,11102
152,147,9,156,2013,2169,505,369,449,954,4338,4338,331,2013,2344,11020
153,140,11,151,2120,2271,501,385,474,975,4542,4542,324,2120,2444,11528
154,149,7,156,1995,2151,516,400,488,1004,4302,4302,321,1995,2316,10920
155,138,13,151,2118,2269,518,425,518,1036,4538,4538,332,2118,2450,11526
156,176,10,186,1911,2097,608,345,421,1029,4194,4194,387,1911,2298,10686
157,152,20,172,2011,2183,661,412,506,1167,4366,4366,388,2011,2399,11131
158,164,9,173,2001,2174,549,385,469,1018,4348,4348,363,2001,2364,11060
159,160,9,169,2066,2235,538,402,498,1036,4470,4470,356,2066,2422,11362
160,155,15,170,2076,2246,631,387,468,1099,4492,4492,373,2076,2449,11433
161,148,9,157,2074,2231,546,395,487,1033,4462,4462,330,2074,2404,11328
162,181,8,189,2056,2245,657,393,482,1139,4490,4490,395,2056,2451,11431
163,171,6,177,1993,2170,599,368,445,1044,4340,4340,366,1993,2359,11039
164,168,12,180,1987,2167,630,336,409,1039,4334,4334,382,1987,2369,11037
165,134,14,148,2058,2206,517,422,527,1044,4412,4412,320,2058,2378,11202
166,146,9,155,1927,2082,515,370,455,970,4164,4164,328,1927,2255,10583
167,154,15,169,1958,2127,589,410,496,1085,4254,4254,372,1958,2330,10838
168,145,11,156,2024,2180,573,399,481,1054,4360,4360,338,2024,2362,11082
169,149,4,153,2117,2270,501,420,512,1013,4540,4540,315,2117,2432,11512
170,150,12,162,2057,2219,550,401,487,1037,4438,4438,348,2057,2405,11281
171,148,9,157,2036,2193,525,388,483,1008,4386,4386,330,2036,2366,11138
172,165,10,175,1996,2171,607,398,495,1102,4342,4342,373,1996,2369,11053
173,156,8,164,1988,2152,551,357,443,994,4304,4304,352,1988,2340,10948
174,138,14,152,2015,2167,551,396,480,1031,4334,4334,334,2015,2349,11017
175,156,9,165,2045,2210,531,392,478,1009,4420,4420,345,2045,2390,11230
176,149,6,155,2072,2227,525,404,477,1002,4454,4454,327,2072,2399,11307
177,164,6,170,2026,2196,532,356,440,972,4392,4392,350,2026,2376,11160
178,137,11,148,2018,2166,475,373,462,937,4332,4332,312,2018,2330,10994
179,154,12,166,2080,2246,550,428,516,1066,4492,4492,352,2080,2432,11416
180,155,14,169,2106,2275,588,408,495,1083,4550,4550,368,2106,2474,11574
181,147,7,154,2053,2207,510,407,498,1008,4414,4414,322,2053,2375,11203
182,153,9,162,2099,2261,565,404,508,1073,4522,4522,343,2099,2442,11486
183,165,9,174,2012,2186,567,340,416,983,4372,4372,365,2012,2377,11121
184,162,14,176,1979,2155,581,376,451,1032,4310,4310,380,1979,2359,10979
185,143,8,151,2034,2185,515,397,490,1005,4370,4370,317,2034,2351,11091
186,155,8,163,1992,2155,584,366,458,1042,4310,4310,344,1992,2336,10956
187,131,9,140,2090,2230,470,395,485,955,4460,4460,300,2090,2390,11310
188,145,14,159,1988,2147,513,379,469,982,4294,4294,342,1988,2330,10918
189,169,6,175,1978,2153,585,361,443,1028,4306,4306,358,1978,2336,10948
190,134,11,145,2019,2164,504,380,472,976,4328,4328,311,2019,2330,10986
191,157,9,166,2045,2211,596,348,424,1020,4422,4422,349,2045,2394,11238
192,162,12,174,2018,2192,610,333,414,1024,4384,4384,375,2018,2393,11161
193,130,8,138,2002,2140,495,363,449,944,4280,4280,295,2002,2297,10857
194,135,13,148,2003,2151,493,352,421,914,4302,4302,318,2003,2321,10925
195,152,11,163,2081,2244,560,377,463,1023,4488,4488,349,2081,2430,11406
196,144,8,152,2091,2243,513,361,448,961,4486,4486,319,2091,2410,11382
197,172,8,180,1995,2175,651,351,444,1095,4350,4350,375,1995,2370,11070
198,159,5,164,2097,2261,538,382,458,996,4522,4522,336,2097,2433,11477
199,141,15,156,2055,2211,566,355,425,991,4422,4422,339,2055,2394,11238
200,146,11,157,1989,2146,518,384,470,988,4292,4292,330,1989,2319,10903
201,156,4,160,2032,2192,512,381,463,975,4384,4384,326,2032,2358,11126
202,170,10,180,2063,2243,610,353,435,1045,4486,4486,391,2063,2454,11426
203,153,14,167,2046,2213,564,390,463,1027,4426,4426,362,2046,2408,11260
204,150,7,157,2062,2219,519,420,513,1032,4438,4438,329,2062,2391,11267
205,143,12,155,2128,2283,548,400,491,1039,4566,4566,337,2128,2465,11597
206,160,9,169,2027,2196,590,381,448,1038,4392,4392,351,2027,2378,11162
207,165,8,173,2064,2237,537,409,500,1037,4474,4474,362,2064,2426,11374
208,137,19,156,2070,2226,577,423,506,1083,4452,4452,347,2070,2417,11321
209,174,11,185,2021,2206,662,372,439,1101,4412,4412,391,2021,2412,11236
210,135,14,149,2114,2263,511,390,469,980,4526,4526,327,2114,2441,11493
211,162,11,173,2057,2230,572,361,435,1007,4460,4460,369,2057,2426,11346
212,147,13,160,2065,2225,582,392,462,1044,4450,4450,347,2065,2412,11312
213,126,12,138,2035,2173,428,375,468,896,4346,4346,299,2035,2334,11026
214,151,12,163,1938,2101,525,354,427,952,4202,4202,349,1938,2287,10691
215,148,6,154,2064,2218,505,378,455,960,4436,4436,322,2064,2386,11258
216,143,11,154,2038,2192,530,373,469,999,4384,4384,332,2038,2370,11138
217,156,21,177,2005,2182,616,381,471,1087,4364,4364,398,2005,2403,11131
218,150,11,161,2075,2236,575,385,466,1041,4472,4472,349,2075,2424,11368
219,156,17,173,2089,2262,632,418,508,1140,4524,4524,383,2089,2472,11520
220,168,9,177,2064,2241,625,400,476,1101,4482,4482,368,2064,2432,11396
221,140,7,147,2017,2164,494,402,486,980,4328,4328,311,2017,2328,10984
222,170,3,173,1986,2159,585,361,448,1033,4318,4318,355,1986,2341,10977
223,156,9,165,2055,2220,560,354,427,987,4440,4440,346,2055,2401,11281
224,160,14,174,2029,2203,624,380,459,1083,4406,4406,370,2029,2399,11211
225,156,10,166,2038,2204,572,387,453,1025,4408,4408,350,2038,2388,11204
226,179,5,184,1986,2170,604,371,457,1061,4340,4340,376,1986,2362,11042
227,152,9,161,2094,2255,566,392,476,1042,4510,4510,342,2094,2436,11456
228,139,11,150,1960,2110,513,393,472,985,4220,4220,321,1960,2281,10721
229,140,10,150,2085,2235,507,417,511,1018,4470,4470,321,2085,2406,11346
230,164,14,178,2056,2234,594,427,524,1118,4468,4468,385,2056,2441,11377
231,131,7,138,2020,2158,452,374,452,904,4316,4316,291,2020,2311,10943
232,176,7,183,1984,2167,603,351,433,1036,4334,4334,380,1984,2364,11032
233,165,9,174,2009,2183,638,392,484,1122,4366,4366,361,2009,2370,11102
234,155,13,168,2061,2229,588,408,493,1081,4458,4458,365,2061,2426,11342
235,145,12,157,2044,2201,511,372,434,945,4402,4402,334,2044,2378,11182
236,153,10,163,2020,2183,549,360,442,991,4366,4366,344,2020,2364,11096
237,138,12,150,2057,2207,559,409,496,1055,4414,4414,331,2057,2388,11216
238,157,8,165,2070,2235,565,393,477,1042,4470,4470,344,2070,2414,11354
239,164,14,178,1972,2150,590,391,476,1066,4300,4300,383,1972,2355,10955
240,145,7,152,2031,2183,505,373,468,973,4366,4366,320,2031,2351,11083
241,172,10,182,2088,2270,641,408,501,1142,4540,4540,391,2088,2479,11559
242,133,9,142,1955,2097,475,389,468,943,4194,4194,302,1955,2257,10645
243,133,5,138,1983,2121,457,399,499,956,4242,4242,287,1983,2270,10754
244,155,11,166,2082,2248,589,362,436,1025,4496,4496,356,2082,2438,11430
245,164,5,169,1976,2145,559,376,445,1004,4290,4290,347,1976,2323,10903
246,134,12,146,2014,2160,505,379,470,975,4320,4320,317,2014,2331,10971
247,150,11,161,2036,2197,524,376,454,978,4394,4394,339,2036,2375,11163
248,156,9,165,2003,2168,573,383,461,1034,4336,4336,343,2003,2346,11018
249,140,10,150,2091,2241,518,395,477,995,4482,4482,324,2091,2415,11379
250,157,10,167,2047,2214,585,380,459,1044,4428,4428,350,2047,2397,11253
251,162,8,170,2069,2239,565,413,505,1070,4478,4478,351,2069,2420,11376
252,154,12,166,2062,2228,537,371,448,985,4456,4456,350,2062,2412,11324
253,144,10,154,2063,2217,486,416,505,991,4434,4434,326,2063,2389,11257
254,135,7,142,2070,2212,502,413,500,1002,4424,4424,299,2070,2369,11217
255,149,8,157,1985,2142,481,398,476,957,4284,4284,325,1985,2310,10878
256,180,12,192,2028,2220,685,375,457,1142,4440,4440,415,2028,2443,11323
257,143,6,149,2090,2239,500,407,500,1000,4478,4478,312,2090,2402,11358
258,141,9,150,2044,2194,472,364,452,924,4388,4388,313,2044,2357,11133
259,157,17,174,2048,2222,620,397,494,1114,4444,4444,386,2048,2434,11322
260,165,10,175,1980,2155,604,360,435,1039,4310,4310,367,1980,2347,10967
261,148,7,155,2018,2173,495,398,495,990,4346,4346,321,2018,2339,11031
262,147,12,159,2015,2174,542,385,478,1020,4348,4348,344,2015,2359,11055
263,140,13,153,2059,2212,544,361,443,987,4424,4424,340,2059,2399,11247
264,150,6,156,2047,2203,518,384,462,980,4406,4406,323,2047,2370,11182
265,121,11,132,2134,2266,497,371,454,951,4532,4532,294,2134,2428,11492
266,146,10,156,1996,2152,562,361,451,1013,4304,4304,337,1996,2333,10941
267,154,8,162,2025,2187,544,418,504,1048,4374,4374,339,2025,2364,11112
268,150,12,162,2073,2235,552,423,531,1083,4470,4470,348,2073,2421,11361
269,161,6,167,2145,2312,563,411,488,1051,4624,4624,346,2145,2491,11739
270,159,9,168,2087,2255,579,386,465,1044,4510,4510,353,2087,2440,11460
271,144,9,153,2092,2245,533,395,482,1015,4490,4490,320,2092,2412,11392
272,148,14,162,2129,2291,537,424,528,1065,4582,4582,361,2129,2490,11654
273,154,9,163,2050,2213,564,386,466,1030,4426,4426,344,2050,2394,11246
274,156,12,168,2084,2252,562,393,478,1040,4504,4504,353,2084,2437,11445
275,146,11,157,2038,2195,540,372,456,996,4390,4390,343,2038,2381,11161
276,153,8,161,1985,2146,516,399,475,991,4292,4292,339,1985,2324,10908
277,162,13,175,1999,2174,615,353,433,1048,4348,4348,375,1999,2374,11070
278,138,13,151,2041,2192,555,377,454,1009,4384,4384,339,2041,2380,11148
279,154,9,163,2078,2241,544,416,505,1049,4482,4482,346,2078,2424,11388
280,144,11,155,2128,2283,547,401,496,1043,4566,4566,330,2128,2458,11590
281,170,10,180,2099,2279,606,391,480,1086,4558,4558,380,2099,2479,11595
282,158,6,164,1978,2142,510,369,446,956,4284,4284,338,1978,2316,10884
283,154,7,161,2072,2233,542,368,446,988,4466,4466,332,2072,2404,11336
284,146,10,156,2083,2239,533,404,488,1021,4478,4478,325,2083,2408,11364
285,169,3,172,2041,2213,573,389,477,1050,4426,4426,351,2041,2392,11244
286,155,16,171,1941,2112,609,361,452,1061,4224,4224,375,1941,2316,10764
287,139,7,146,1946,2092,473,394,485,958,4184,4184,302,1946,2248,10616
288,140,11,151,2009,2160,505,363,453,958,4320,4320,321,2009,2330,10970
289,160,5,165,1972,2137,555,379,455,1010,4274,4274,338,1972,2310,10858
290,143,12,155,2014,2169,530,375,456,986,4338,4338,338,2014,2352,11028
291,141,14,155,2083,2238,553,391,483,1036,4476,4476,344,2083,2427,11379
292,159,17,176,2045,2221,595,388,466,1061,4442,4442,384,2045,2429,11313
293,157,8,165,2089,2254,547,381,467,1014,4508,4508,343,2089,2432,11448
294,161,9,170,1987,2157,556,378,476,1032,4314,4314,361,1987,2348,10976
295,162,7,169,1997,2166,571,389,467,1038,4332,4332,354,1997,2351,11015
296,158,10,168,2066,2234,551,401,485,1036,4468,4468,351,2066,2417,11353
297,134,9,143,1998,2141,497,383,459,956,4282,4282,307,1998,2305,10869
298,145,10,155,2063,2218,562,426,530,1092,4436,4436,330,2063,2393,11265
299,149,18,167,1991,2158,597,344,411,1008,4316,4316,362,1991,2353,10985
300,160,13,173,2046,2219,624,399,489,1113,4438,4438,375,2046,2421,11297
301,150,10,160,2068,2228,543,398,497,1040,4456,4456,344,2068,2412,11324
302,148,12,160,2026,2186,618,404,495,1113,4372,4372,349,2026,2375,11119
303,149,7,156,2062,2218,524,387,487,1011,4436,4436,326,2062,2388,11260
304,166,13,179,1985,2164,603,369,451,1054,4328,4328,380,1985,2365,11021
305,142,6,148,2056,2204,469,359,447,916,4408,4408,305,2056,2361,11177
306,162,7,169,1995,2164,536,389,468,1004,4328,4328,350,1995,2345,11001
307,162,11,173,2064,2237,576,385,475,1051,4474,4474,368,2064,2432,11380
308,156,7,163,2063,2226,541,376,462,1003,4452,4452,333,2063,2396,11300
309,144,14,158,2011,2169,536,373,442,978,4338,4338,350,2011,2361,11037
310,136,8,144,2052,2196,508,415,519,1027,4392,4392,306,2052,2358,11142
311,140,6,146,2089,2235,497,367,441,938,4470,4470,303,2089,2392,11332
312,141,11,152,2032,2184,502,399,483,985,4368,4368,328,2032,2360,11096
313,166,10,176,1983,2159,620,380,459,1079,4318,4318,371,1983,2354,10990
314,155,10,165,1910,2075,526,333,407,933,4150,4150,347,1910,2257,10557
315,139,6,145,2116,2261,467,407,495,962,4522,4522,303,2116,2419,11463
316,184,13,197,1988,2185,672,409,495,1167,4370,4370,418,1988,2406,11146
317,125,7,132,2088,2220,453,408,495,948,4440,4440,276,2088,2364,11244
318,143,6,149,1979,2128,470,354,431,901,4256,4256,311,1979,2290,10802
319,147,9,156,2003,2159,515,386,473,988,4318,4318,329,2003,2332,10968
320,166,10,176,1993,2169,569,381,475,1044,4338,4338,369,1993,2362,11038
321,156,9,165,2077,2242,563,403,491,1054,4484,4484,346,2077,2423,11391
322,144,13,157,2048,2205,563,394,485,1048,4410,4410,346,2048,2394,11214
323,142,14,156,2078,2234,565,433,523,1088,4468,4468,343,2078,2421,11357
324,162,8,170,2008,2178,563,351,434,997,4356,4356,355,2008,2363,11075
325,145,11,156,2018,2174,563,381,458,1021,4348,4348,331,2018,2349,11045
326,148,10,158,2052,2210,513,395,480,993,4420,4420,332,2052,2384,11224
327,156,10,166,2131,2297,565,450,543,1108,4594,4594,352,2131,2483,11671
328,138,10,148,2089,2237,482,375,435,917,4474,4474,315,2089,2404,11352
329,163,11,174,2020,2194,570,398,483,1053,4388,4388,368,2020,2388,11164
330,143,9,152,2033,2185,511,364,441,952,4370,4370,320,2033,2353,11093
331,147,6,153,2083,2236,518,382,462,980,4472,4472,317,2083,2400,11344
332,163,9,172,2039,2211,578,357,438,1016,4422,4422,356,2039,2395,11239
333,165,9,174,1953,2127,590,389,485,1075,4254,4254,369,1953,2322,10830
334,149,13,162,2044,2206,539,394,465,1004,4412,4412,347,2044,2391,11215
335,144,10,154,1992,2146,500,377,446,946,4292,4292,327,1992,2319,10903
336,141,15,156,2061,2217,511,422,516,1027,4434,4434,337,2061,2398,11266
337,136,12,148,2071,2219,507,370,441,948,4438,4438,318,2071,2389,11265
338,141,9,150,2004,2154,511,418,515,1026,4308,4308,320,2004,2324,10940
339,140,4,144,2046,2190,484,360,438,922,4380,4380,297,2046,2343,11103
340,138,7,145,1947,2092,478,375,465,943,4184,4184,306,1947,2253,10621
341,151,10,161,2004,2165,574,373,448,1022,4330,4330,340,2004,2344,11004
342,153,12,165,1998,2163,548,378,458,1006,4326,4326,354,1998,2352,11004
343,140,5,145,2066,2211,497,383,468,965,4422,4422,299,2066,2365,11209
344,130,18,148,2029,2177,553,392,479,1032,4354,4354,336,2029,2365,11073
345,142,9,151,1999,2150,506,394,487,993,4300,4300,324,1999,2323,10923
346,142,5,147,2072,2219,472,376,457,929,4438,4438,304,2072,2376,11252
347,155,8,163,2033,2196,529,365,443,972,4392,4392,344,2033,2377,11161
348,142,14,156,2095,2251,540,401,500,1040,4502,4502,340,2095,2435,11439
349,154,10,164,1979,2143,542,380,461,1003,4286,4286,346,1979,2325,10897
350,158,8,166,2049,2215,508,386,460,968,4430,4430,347,2049,2396,11256
351,144,10,154,2002,2156,511,366,441,952,4312,4312,328,2002,2330,10954
352,144,9,153,2077,2230,556,390,466,1022,4460,4460,319,2077,2396,11316
353,140,10,150,2045,2195,503,381,464,967,4390,4390,316,2045,2361,11141
354,162,12,174,2044,2218,597,400,487,1084,4436,4436,370,2044,2414,11286
355,132,9,141,2084,2225,498,390,464,962,4450,4450,300,2084,2384,11284
356,149,12,161,1996,2157,533,397,487,1020,4314,4314,343,1996,2339,10967
357,142,14,156,2089,2245,528,369,443,971,4490,4490,336,2089,2425,11405
358,159,11,170,2011,2181,590,369,452,1042,4362,4362,365,2011,2376,11100
359,169,5,174,2088,2262,580,408,510,1090,4524,4524,362,2088,2450,11498
360,144,7,151,2093,2244,482,395,485,967,4488,4488,316,2093,2409,11385
361,153,13,166,2016,2182,576,413,490,1066,4364,4364,358,2016,2374,11102
362,153,11,164,2028,2192,542,393,473,1015,4384,4384,350,2028,2378,11146
363,141,12,153,2091,2244,531,442,548,1079,4488,4488,327,2091,2418,11394
364,138,8,146,1987,2133,481,416,507,988,4266,4266,309,1987,2296,10828
365,162,11,173,2031,2204,570,386,475,1045,4408,4408,364,2031,2395,11211
366,158,12,170,1986,2156,613,368,441,1054,4312,4312,359,1986,2345,10969
367,128,14,142,2029,2171,481,374,467,948,4342,4342,313,2029,2342,11026
368,173,7,180,2062,2242,554,401,494,1048,4484,4484,375,2062,2437,11405
369,166,13,179,1987,2166,648,374,462,1110,4332,4332,391,1987,2378,11042
370,178,9,187,2038,2225,574,396,476,1050,4450,4450,394,2038,2432,11332
371,167,10,177,2032,2209,591,354,417,1008,4418,4418,376,2032,2408,11244
372,167,10,177,2108,2285,590,426,533,1123,4570,4570,372,2108,2480,11620
373,148,9,157,2012,2169,547,414,511,1058,4338,4338,329,2012,2341,11017
374,160,8,168,2027,2195,593,383,476,1069,4390,4390,355,2027,2382,11162
375,136,8,144,2105,2249,454,407,499,953,4498,4498,300,2105,2405,11401
376,158,13,171,2122,2293,575,415,512,1087,4586,4586,372,2122,2494,11666
377,153,8,161,2049,2210,513,402,489,1002,4420,4420,333,2049,2382,11222
378,144,13,157,1967,2124,545,347,421,966,4248,4248,343,1967,2310,10806
379,175,7,182,1978,2160,611,368,441,1052,4320,4320,379,1978,2357,10997
380,140,7,147,2006,2153,465,374,460,925,4306,4306,304,2006,2310,10922
381,144,7,151,2104,2255,517,386,473,990,4510,4510,316,2104,2420,11440
382,153,14,167,2006,2173,587,384,474,1061,4346,4346,358,2006,2364,11056
383,162,9,171,2093,2264,593,394,482,1075,4528,4528,365,2093,2458,11514
384,165,7,172,2075,2247,587,426,505,1092,4494,4494,358,2075,2433,11421
385,147,13,160,2051,2211,526,392,485,1011,4422,4422,339,2051,2390,11234
386,127,13,140,2001,2141,518,393,475,993,4282,4282,301,2001,2302,10866
387,141,13,154,1935,2089,532,390,475,1007,4178,4178,333,1935,2268,10624
388,160,11,171,2030,2201,598,349,419,1017,4402,4402,363,2030,2393,11197
389,155,19,174,2008,2182,602,386,463,1065,4364,4364,387,2008,2395,11123
390,134,7,141,2105,2246,470,395,496,966,4492,4492,294,2105,2399,11383
391,140,13,153,2015,2168,589,377,459,1048,4336,4336,340,2015,2355,11027
392,144,13,157,2001,2158,531,392,492,1023,4316,4316,341,2001,2342,10974
393,164,8,172,2019,2191,564,382,467,1031,4382,4382,362,2019,2381,11145
394,164,14,178,2105,2283,614,402,489,1103,4566,4566,386,2105,2491,11623
395,146,12,158,2096,2254,531,399,493,1024,4508,4508,339,2096,2435,11451
396,137,12,149,2048,2197,529,396,483,1012,4394,4394,324,2048,2372,11160
397,149,11,160,1972,2132,562,360,443,1005,4264,4264,347,1972,2319,10847
398,145,4,149,2105,2254,474,396,480,954,4508,4508,303,2105,2408,11424
399,157,12,169,2056,2225,604,389,472,1076,4450,4450,367,2056,2423,11323
400,131,11,142,2002,2144,502,370,445,947,4288,4288,306,2002,2308,10884
401,143,8,151,2072,2223,478,392,467,945,4446,4446,320,2072,2392,11284
402,163,11,174,1948,2122,615,370,443,1058,4244,4244,365,1948,2313,10801
403,175,12,187,2004,2191,624,374,446,1070,4382,4382,396,2004,2400,11164
404,146,12,158,2060,2218,545,392,474,1019,4436,4436,338,2060,2398,11270
405,158,12,170,2019,2189,589,386,473,1062,4378,4378,365,2019,2384,11140
406,139,12,151,2003,2154,522,405,496,1018,4308,4308,328,2003,2331,10947
407,165,9,174,2074,2248,577,403,500,1077,4496,4496,364,2074,2438,11430
408,147,10,157,2018,2175,546,379,453,999,4350,4350,333,2018,2351,11051
409,165,8,173,2146,2319,599,386,456,1055,4638,4638,364,2146,2510,11786
410,161,11,172,2013,2185,558,386,482,1040,4370,4370,374,2013,2387,11127
411,142,12,154,1992,2146,517,387,469,986,4292,4292,334,1992,2326,10910
412,165,7,172,2007,2179,588,389,478,1066,4358,4358,362,2007,2369,11085
413,148,6,154,1990,2144,541,368,445,986,4288,4288,317,1990,2307,10883
414,157,9,166,2043,2209,552,424,517,1069,4418,4418,347,2043,2390,11226
415,146,9,155,2074,2229,536,399,475,1011,4458,4458,322,2074,2396,11312
416,151,10,161,1997,2158,559,344,422,981,4316,4316,339,1997,2336,10968
417,129,15,144,2033,2177,498,382,477,975,4354,4354,313,2033,2346,11054
418,168,9,177,2119,2296,603,396,469,1072,4592,4592,375,2119,2494,11678
419,140,5,145,2018,2163,456,417,525,981,4326,4326,296,2018,2314,10966
420,140,7,147,2061,2208,515,394,500,1015,4416,4416,309,2061,2370,11202
421,155,9,164,2071,2235,560,397,479,1039,4470,4470,344,2071,2415,11355
422,160,11,171,2011,2182,582,401,485,1067,4364,4364,364,2011,2375,11103
423,189,10,199,1998,2197,623,386,460,1083,4394,4394,414,1998,2412,11200
424,163,14,177,2100,2277,652,408,503,1155,4554,4554,382,2100,2482,11590
425,135,12,147,1997,2144,500,365,430,930,4288,4288,317,1997,2314,10890
426,150,9,159,2080,2239,533,398,488,1021,4478,4478,336,2080,2416,11372
427,147,4,151,2041,2192,502,380,476,978,4384,4384,306,2041,2347,11115
428,150,12,162,2063,2225,546,395,471,1017,4450,4450,354,2063,2417,11317
429,176,11,187,2021,2208,643,406,486,1129,4416,4416,401,2021,2422,11254
430,178,9,187,2007,2194,629,383,466,1095,4388,4388,389,2007,2396,11172
431,140,15,155,1987,2142,523,374,448,971,4284,4284,333,1987,2320,10888
432,153,16,169,2043,2212,622,377,465,1087,4424,4424,369,2043,2412,11260
433,136,15,151,2010,2161,504,372,452,956,4322,4322,329,2010,2339,10983
434,164,12,176,1997,2173,610,358,437,1047,4346,4346,380,1997,2377,11069
435,161,14,175,2031,2206,625,352,422,1047,4412,4412,380,2031,2411,11235
436,151,22,173,2026,2199,651,395,479,1130,4398,4398,390,2026,2416,11212
437,155,7,162,2047,2209,568,394,491,1059,4418,4418,339,2047,2386,11222
438,141,15,156,2076,2232,508,386,480,988,4464,4464,337,2076,2413,11341
439,134,10,144,1998,2142,460,379,461,921,4284,4284,309,1998,2307,10875
440,165,10,175,1949,2124,578,380,461,1039,4248,4248,365,1949,2314,10810
441,153,13,166,2058,2224,570,388,463,1033,4448,4448,359,2058,2417,11313
442,143,7,150,1981,2131,520,374,457,977,4262,4262,320,1981,2301,10825
443,148,11,159,2112,2271,581,408,506,1087,4542,4542,343,2112,2455,11539
444,145,11,156,2076,2232,545,374,463,1008,4464,4464,337,2076,2413,11341
445,139,11,150,2027,2177,526,400,478,1004,4354,4354,318,2027,2345,11053
446,160,9,169,2002,2171,622,402,483,1105,4342,4342,355,2002,2357,11041
447,153,9,162,2001,2163,583,356,434,1017,4326,4326,344,2001,2345,10997
448,159,12,171,1928,2099,515,330,401,916,4198,4198,363,1928,2291,10687
449,151,10,161,2055,2216,548,418,512,1060,4432,4432,342,2055,2397,11261
450,152,9,161,2075,2236,572,428,526,1098,4472,4472,339,2075,2414,11358
451,124,18,142,2142,2284,488,377,457,945,4568,4568,324,2142,2466,11602
452,138,7,145,1971,2116,468,391,469,937,4232,4232,303,1971,2274,10738
453,147,5,152,2032,2184,510,378,468,978,4368,4368,314,2032,2346,11082
454,154,11,165,1967,2132,543,356,423,966,4264,4264,352,1967,2319,10847
455,153,15,168,2075,2243,589,381,459,1048,4486,4486,362,2075,2437,11409
456,163,7,170,1981,2151,573,358,448,1021,4302,4302,351,1981,2332,10936
457,130,11,141,2081,2222,482,419,522,1004,4444,4444,300,2081,2381,11269
458,165,11,176,2001,2177,595,372,465,1060,4354,4354,376,2001,2377,11085
459,162,11,173,2054,2227,596,422,518,1114,4454,4454,367,2054,2421,11329
460,162,15,177,1981,2158,617,379,456,1073,4316,4316,392,1981,2373,11005
461,135,13,148,2068,2216,488,394,491,979,4432,4432,324,2068,2392,11256
462,152,8,160,2013,2173,515,396,487,1002,4346,4346,337,2013,2350,11042
463,156,16,172,2054,2226,562,406,486,1048,4452,4452,377,2054,2431,11335
464,145,9,154,2006,2160,511,369,440,951,4320,4320,325,2006,2331,10971
465,159,10,169,2044,2213,564,355,433,997,4426,4426,360,2044,2404,11256
466,133,6,139,2106,2245,460,407,500,960,4490,4490,291,2106,2397,11377
467,144,11,155,1987,2142,523,392,476,999,4284,4284,338,1987,2325,10893
468,153,7,160,1973,2133,513,357,434,947,4266,4266,335,1973,2308,10840
469,150,9,159,2016,2175,522,358,437,959,4350,4350,335,2016,2351,11051
470,137,10,147,2071,2218,476,426,512,988,4436,4436,308,2071,2379,11251
471,137,12,149,2048,2197,469,411,516,985,4394,4394,324,2048,2372,11160
472,145,7,152,1962,2114,499,364,462,961,4228,4228,315,1962,2277,10733
473,164,8,172,2003,2175,555,391,482,1037,4350,4350,361,2003,2364,11064
474,145,14,159,2063,2222,567,418,520,1087,4444,4444,347,2063,2410,11298
475,162,13,175,2056,2231,576,387,476,1052,4462,4462,375,2056,2431,11355
476,154,13,167,2057,2224,595,386,484,1079,4448,4448,359,2057,2416,11312
477,158,11,169,2003,2172,587,389,470,1057,4344,4344,359,2003,2362,11050
478,140,18,158,2007,2165,576,373,452,1028,4330,4330,354,2007,2361,11021
479,154,13,167,2006,2173,583,402,483,1066,4346,4346,357,2006,2363,11055
480,150,9,159,2018,2177,528,408,509,1037,4354,4354,331,2018,2349,11057
481,164,10,174,2118,2292,614,420,511,1125,4584,4584,369,2118,2487,11655
482,154,10,164,1956,2120,573,350,440,1013,4240,4240,344,1956,2300,10780
483,171,10,181,2020,2201,596,388,479,1075,4402,4402,379,2020,2399,11203
484,149,9,158,2001,2159,536,363,442,978,4318,4318,331,2001,2332,10968
485,145,12,157,2041,2198,579,372,453,1032,4396,4396,344,2041,2385,11177
486,148,11,159,2067,2226,526,421,513,1039,4452,4452,336,2067,2403,11307
487,162,7,169,2110,2279,535,422,512,1047,4558,4558,357,2110,2467,11583
488,148,10,158,2059,2217,499,404,502,1001,4434,4434,334,2059,2393,11261
489,144,11,155,2087,2242,524,378,460,984,4484,4484,331,2087,2418,11386
490,143,10,153,1955,2108,521,376,455,976,4216,4216,331,1955,2286,10718
491,175,12,187,2044,2231,633,372,439,1072,4462,4462,394,2044,2438,11362
492,164,8,172,2089,2261,550,408,490,1040,4522,4522,360,2089,2449,11493
493,178,14,192,2011,2203,674,379,469,1143,4406,4406,412,2011,2423,11235
494,140,9,149,2009,2158,514,374,457,971,4316,4316,321,2009,2330,10962
495,157,11,168,2051,2219,548,378,453,1001,4438,4438,354,2051,2405,11281
496,156,11,167,2044,2211,574,373,454,1028,4422,4422,366,2044,2410,11254
497,140,13,153,2017,2170,505,369,446,951,4340,4340,326,2017,2343,11023
498,136,7,143,2013,2156,477,411,504,981,4312,4312,300,2013,2313,10937
499,155,12,167,2048,2215,568,408,499,1067,4430,4430,357,2048,2405,11265
500,153,9,162,2033,2195,581,351,433,1014,4390,4390,345,2033,2378,11158
501,145,9,154,2038,2192,511,393,476,987,4384,4384,327,2038,2365,11133
502,121,19,140,2003,2143,475,376,460,935,4286,4286,316,2003,2319,10891
503,163,8,171,1983,2154,557,357,437,994,4308,4308,355,1983,2338,10954
504,148,12,160,2050,2210,534,367,438,972,4420,4420,341,2050,2391,11231
505,160,13,173,2085,2258,565,434,538,1103,4516,4516,364,2085,2449,11481
506,153,11,164,2070,2234,592,388,484,1076,4468,4468,351,2070,2421,11357
507,142,8,150,1989,2139,516,363,441,957,4278,4278,311,1989,2300,10856
508,144,18,162,2009,2171,547,360,445,992,4342,4342,357,2009,2366,11050
509,148,5,153,2042,2195,480,378,461,941,4390,4390,315,2042,2357,11137
510,145,13,158,2014,2172,560,360,429,989,4344,4344,350,2014,2364,11052
511,158,9,167,2005,2172,529,377,447,976,4344,4344,353,2005,2358,11046
512,144,15,159,2059,2218,548,396,487,1035,4436,4436,351,2059,2410,11282
513,161,13,174,1996,2170,605,352,432,1037,4340,4340,375,1996,2371,11051
514,149,11,160,2017,2177,541,350,425,966,4354,4354,347,2017,2364,11072
515,137,6,143,1929,2072,456,365,452,908,4144,4144,293,1929,2222,10510
516,142,10,152,1966,2118,530,374,469,999,4236,4236,321,1966,2287,10759
517,158,7,165,1961,2126,541,362,453,994,4252,4252,345,1961,2306,10810
518,149,17,166,2038,2204,581,404,501,1082,4408,4408,363,2038,2401,11217
519,149,12,161,2086,2247,565,400,491,1056,4494,4494,346,2086,2432,11420
520,135,8,143,2014,2157,488,360,437,925,4314,4314,304,2014,2318,10946
521,120,10,130,2018,2148,424,420,507,931,4296,4296,276,2018,2294,10886
522,139,9,148,1970,2118,562,371,454,1016,4236,4236,317,1970,2287,10759
523,144,7,151,1990,2141,501,392,482,983,4282,4282,311,1990,2301,10865
524,153,6,159,2112,2271,532,411,502,1034,4542,4542,328,2112,2440,11524
525,133,7,140,2053,2193,479,374,453,932,4386,4386,295,2053,2348,11120
526,156,6,162,1986,2148,574,368,447,1021,4296,4296,338,1986,2324,10916
527,153,12,165,1949,2114,545,385,479,1024,4228,4228,352,1949,2301,10757
528,127,14,141,2101,2242,489,397,494,983,4484,4484,311,2101,2412,11380
529,149,12,161,2066,2227,584,423,519,1103,4454,4454,350,2066,2416,11324
530,137,9,146,1974,2120,502,381,454,956,4240,4240,312,1974,2286,10766
531,155,15,170,2048,2218,586,410,498,1084,4436,4436,365,2048,2413,11285
532,126,13,139,2064,2203,481,415,514,995,4406,4406,307,2064,2371,11183
533,163,5,168,2081,2249,537,378,469,1006,4498,4498,347,2081,2428,11424
534,141,12,153,2025,2178,533,395,487,1020,4356,4356,327,2025,2352,11064
535,156,8,164,2013,2177,526,363,450,976,4354,4354,344,2013,2357,11065
536,137,8,145,2041,2186,485,413,501,986,4372,4372,308,2041,2349,11093
537,158,4,162,2016,2178,530,384,464,994,4356,4356,331,2016,2347,11059
538,162,11,173,2024,2197,608,389,478,1086,4394,4394,365,2024,2389,11177
539,158,11,169,2116,2285,569,400,478,1047,4570,4570,358,2116,2474,11614
540,171,10,181,1998,2179,593,385,479,1072,4358,4358,375,1998,2373,11089
541,135,12,147,2048,2195,554,384,476,1030,4390,4390,324,2048,2372,11152
542,133,9,142,2004,2146,477,383,474,951,4292,4292,301,2004,2305,10889
543,148,14,162,1994,2156,551,386,458,1009,4312,4312,346,1994,2340,10964
544,156,15,171,2020,2191,663,411,500,1163,4382,4382,368,2020,2388,11152
545,163,7,170,2073,2243,581,392,470,1051,4486,4486,358,2073,2431,11403
546,159,1,160,2001,2161,485,342,421,906,4322,4322,321,2001,2322,10966
547,154,13,167,2096,2263,567,393,477,1044,4526,4526,359,2096,2455,11507
548,140,10,150,2005,2155,541,386,470,1011,4310,4310,325,2005,2330,10950
549,139,8,147,1967,2114,520,398,481,1001,4228,4228,304,1967,2271,10727
550,158,13,171,2071,2242,597,417,512,1109,4484,4484,373,2071,2444,11412
551,170,4,174,2029,2203,589,379,472,1061,4406,4406,356,2029,2385,11197
552,162,14,176,2065,2241,569,359,439,1008,4482,4482,380,2065,2445,11409
553,137,13,150,2072,2222,494,399,505,999,4444,4444,321,2072,2393,11281
554,152,17,169,2096,2265,608,388,460,1068,4530,4530,372,2096,2468,11528
555,133,4,137,2069,2206,457,383,460,917,4412,4412,283,2069,2352,11176
556,150,13,163,1943,2106,546,367,438,984,4212,4212,351,1943,2294,10718
557,155,8,163,1982,2145,545,357,442,987,4290,4290,334,1982,2316,10896
558,135,12,147,1967,2114,486,392,465,951,4228,4228,320,1967,2287,10743
559,153,14,167,2080,2247,544,378,450,994,4494,4494,361,2080,2441,11429
560,138,10,148,2005,2153,496,373,468,964,4306,4306,314,2005,2319,10931
561,159,11,170,2102,2272,532,416,512,1044,4544,4544,359,2102,2461,11549
562,140,11,151,2104,2255,530,407,496,1026,4510,4510,321,2104,2425,11445
563,147,6,153,1993,2146,468,397,486,954,4292,4292,317,1993,2310,10894
564,152,9,161,2046,2207,529,350,434,963,4414,4414,345,2046,2391,11219
565,161,10,171,1996,2167,571,367,450,1021,4334,4334,368,1996,2364,11032
566,156,6,162,2023,2185,497,400,499,996,4370,4370,334,2023,2357,11097
567,139,8,147,2013,2160,487,370,445,932,4320,4320,311,2013,2324,10964
568,155,12,167,1997,2164,573,345,426,999,4328,4328,359,1997,2356,11012
569,170,11,181,2052,2233,632,359,436,1068,4466,4466,377,2052,2429,11361
570,158,9,167,2071,2238,536,392,479,1015,4476,4476,349,2071,2420,11372
571,149,7,156,2003,2159,522,352,431,953,4318,4318,330,2003,2333,10969
572,138,9,147,1974,2121,515,352,421,936,4242,4242,310,1974,2284,10768
573,160,13,173,2079,2252,599,410,500,1099,4504,4504,370,2079,2449,11457
574,165,15,180,2009,2189,575,396,492,1067,4378,4378,390,2009,2399,11155
575,147,9,156,2073,2229,530,374,447,977,4458,4458,331,2073,2404,11320
576,158,5,163,2014,2177,535,416,502,1037,4354,4354,332,2014,2346,11054
577,148,13,161,2041,2202,582,387,468,1050,4404,4404,346,2041,2387,11195
578,147,5,152,2031,2183,506,350,423,929,4366,4366,318,2031,2349,11081
579,160,13,173,2019,2192,580,425,511,1091,4384,4384,373,2019,2392,11160
580,168,10,178,2056,2234,558,375,464,1022,4468,4468,370,2056,2426,11362
581,166,8,174,2060,2234,585,401,487,1072,4468,4468,365,2060,2425,11361
582,140,9,149,2001,2150,539,394,491,1030,4300,4300,315,2001,2316,10916
583,154,6,160,2043,2203,536,393,477,1013,4406,4406,331,2043,2374,11186
584,147,10,157,1985,2142,507,380,456,963,4284,4284,334,1985,2319,10887
585,128,11,139,1967,2106,480,363,439,919,4212,4212,296,1967,2263,10687
586,158,13,171,2078,2249,602,404,486,1088,4498,4498,370,2078,2448,11444
587,151,11,162,2028,2190,577,366,449,1026,4380,4380,347,2028,2375,11135
588,145,9,154,1984,2138,522,365,452,974,4276,4276,328,1984,2312,10864
589,149,8,157,2015,2172,558,380,455,1013,4344,4344,330,2015,2345,11033
590,172,7,179,1989,2168,627,370,465,1092,4336,4336,368,1989,2357,11029
591,171,8,179,2105,2284,614,382,463,1077,4568,4568,370,2105,2475,11611
592,169,7,176,2014,2190,540,362,455,995,4380,4380,363,2014,2377,11137
593,142,10,152,2022,2174,515,410,507,1022,4348,4348,324,2022,2346,11042
594,164,7,171,1951,2122,579,391,469,1048,4244,4244,354,1951,2305,10793
595,162,8,170,2146,2316,550,411,508,1058,4632,4632,356,2146,2502,11766
596,161,12,173,2016,2189,587,373,443,1030,4378,4378,374,2016,2390,11146
597,144,11,155,1999,2154,546,385,465,1011,4308,4308,338,1999,2337,10953
598,167,7,174,2005,2179,588,359,444,1032,4358,4358,361,2005,2366,11082
599,140,11,151,2042,2193,513,385,450,963,4386,4386,318,2042,2360,11132
600,127,11,138,2018,2156,464,339,411,875,4312,4312,297,2018,2315,10939
601,149,4,153,2084,2237,482,379,464,946,4474,4474,311,2084,2395,11343
602,167,4,171,2043,2214,563,393,477,1040,4428,4428,349,2043,2392,11248
603,150,8,158,2008,2166,526,388,477,1003,4332,4332,332,2008,2340,11004
604,149,6,155,2030,2185,535,366,444,979,4370,4370,322,2030,2352,11092
605,150,13,163,1969,2132,556,410,500,1056,4264,4264,348,1969,2317,10845
606,141,8,149,2000,2149,492,392,468,960,4298,4298,312,2000,2312,10908
607,137,11,148,1993,2141,509,400,463,972,4282,4282,315,1993,2308,10872
608,128,5,133,2025,2158,480,373,464,944,4316,4316,279,2025,2304,10936
609,188,11,199,1977,2176,645,369,443,1088,4352,4352,418,1977,2395,11099
610,156,7,163,2012,2175,524,346,428,952,4350,4350,341,2012,2353,11053
611,153,18,171,1912,2083,636,343,416,1052,4166,4166,376,1912,2288,10620
612,161,8,169,2052,2221,577,386,464,1041,4442,4442,354,2052,2406,11290
613,147,7,154,2016,2170,510,374,454,964,4340,4340,319,2016,2335,11015
614,137,10,147,2014,2161,505,414,504,1009,4322,4322,315,2014,2329,10973
615,161,11,172,2042,2214,603,396,486,1089,4428,4428,361,2042,2403,11259
616,167,4,171,2062,2233,575,403,479,1054,4466,4466,350,2062,2412,11344
617,135,3,138,2125,2263,435,401,502,937,4526,4526,280,2125,2405,11457
618,129,11,140,2035,2175,471,369,452,923,4350,4350,305,2035,2340,11040
619,169,11,180,2010,2190,631,383,465,1096,4380,4380,380,2010,2390,11150
620,153,8,161,2037,2198,502,354,433,935,4396,4396,341,2037,2378,11170
621,155,10,165,2044,2209,545,390,475,1020,4418,4418,351,2044,2395,11231
622,163,7,170,2062,2232,535,389,471,1006,4464,4464,352,2062,2414,11342
623,171,15,186,2029,2215,622,390,488,1110,4430,4430,402,2029,2431,11291
624,150,8,158,2026,2184,546,376,458,1004,4368,4368,331,2026,2357,11093
625,158,7,165,2048,2213,536,380,466,1002,4426,4426,343,2048,2391,11243
626,143,10,153,2041,2194,516,392,477,993,4388,4388,332,2041,2373,11149
627,154,11,165,1982,2147,568,359,432,1000,4294,4294,354,1982,2336,10924
628,149,9,158,1905,2063,522,388,471,993,4126,4126,337,1905,2242,10494
629,163,9,172,2135,2307,577,410,495,1072,4614,4614,361,2135,2496,11724
630,164,9,173,2035,2208,583,386,467,1050,4416,4416,360,2035,2395,11227
631,143,11,154,2023,2177,535,403,494,1029,4354,4354,330,2023,2353,11061
632,139,9,148,1989,2137,499,396,480,979,4274,4274,315,1989,2304,10852
633,154,6,160,2040,2200,555,346,412,967,4400,4400,331,2040,2371,11171
634,169,10,179,1974,2153,594,379,464,1058,4306,4306,378,1974,2352,10964
635,161,12,173,2043,2216,604,386,460,1064,4432,4432,367,2043,2410,11274
636,154,19,173,2039,2212,599,375,470,1069,4424,4424,387,2039,2426,11274
637,157,5,162,2033,2195,523,381,457,980,4390,4390,335,2033,2368,11148
638,163,11,174,2042,2216,612,424,519,1131,4432,4432,377,2042,2419,11283
639,139,7,146,2048,2194,474,361,445,919,4388,4388,307,2048,2355,11131
640,156,5,161,2041,2202,556,394,485,1041,4404,4404,334,2041,2375,11183
641,170,16,186,2020,2206,628,389,472,1100,4412,4412,402,2020,2422,11246
642,146,7,153,2080,2233,504,404,505,1009,4466,4466,322,2080,2402,11334
643,141,8,149,1937,2086,484,382,459,943,4172,4172,316,1937,2253,10597
644,144,9,153,2014,2167,491,366,445,936,4334,4334,323,2014,2337,11005
645,176,9,185,2023,2208,604,382,457,1061,4416,4416,388,2023,2411,11243
646,150,10,160,1988,2148,530,391,482,1012,4296,4296,340,1988,2328,10920
647,153,14,167,2070,2237,567,377,451,1018,4474,4474,359,2070,2429,11377
648,138,7,145,2009,2154,473,353,441,914,4308,4308,305,2009,2314,10930
649,162,7,169,2055,2224,559,380,466,1025,4448,4448,353,2055,2408,11304
650,151,10,161,2108,2269,503,403,475,978,4538,4538,340,2108,2448,11524
651,177,7,184,2096,2280,578,411,492,1070,4560,4560,383,2096,2479,11599
652,131,7,138,2031,2169,474,379,444,918,4338,4338,286,2031,2317,10993
653,156,13,169,2039,2208,579,394,484,1063,4416,4416,367,2039,2406,11238
654,144,7,151,1962,2113,511,365,442,953,4226,4226,320,1962,2282,10734
655,158,12,170,2055,2225,577,379,454,1031,4450,4450,362,2055,2417,11317
656,139,10,149,2011,2160,511,398,495,1006,4320,4320,322,2011,2333,10973
657,162,9,171,2013,2184,599,347,414,1013,4368,4368,366,2013,2379,11115
658,144,15,159,2100,2259,576,431,519,1095,4518,4518,348,2100,2448,11484
659,179,10,189,1994,2183,659,368,446,1105,4366,4366,394,1994,2388,11120
660,150,13,163,1904,2067,538,351,425,963,4134,4134,347,1904,2251,10519
661,142,5,147,1990,2137,499,379,448,947,4274,4274,304,1990,2294,10842
662,135,10,145,2052,2197,514,398,490,1004,4394,4394,309,2052,2361,11149
663,141,13,154,2038,2192,563,363,448,1011,4384,4384,330,2038,2368,11136
664,164,4,168,2102,2270,548,425,529,1077,4540,4540,347,2102,2449,11529
665,159,9,168,2007,2175,565,391,480,1045,4350,4350,353,2007,2360,11060
666,154,10,164,1995,2159,569,374,452,1021,4318,4318,349,1995,2344,10980
667,168,11,179,2052,2231,593,361,442,1035,4462,4462,380,2052,2432,11356
668,137,8,145,2067,2212,491,403,506,997,4424,4424,309,2067,2376,11224
669,163,12,175,2026,2201,593,371,444,1037,4402,4402,373,2026,2399,11203
670,145,13,158,2030,2188,530,377,451,981,4376,4376,338,2030,2368,11120
671,160,11,171,2041,2212,592,408,495,1087,4424,4424,372,2041,2413,11261
672,141,11,152,2024,2176,531,419,508,1039,4352,4352,323,2024,2347,11051
673,156,12,168,2097,2265,574,389,471,1045,4530,4530,364,2097,2461,11521
674,147,7,154,2078,2232,504,384,476,980,4464,4464,321,2078,2399,11327
675,152,7,159,1996,2155,516,355,434,950,4310,4310,331,1996,2327,10947
676,158,7,165,1962,2127,556,390,475,1031,4254,4254,344,1962,2306,10814
677,171,9,180,1973,2153,599,362,435,1034,4306,4306,378,1973,2351,10963
678,151,6,157,2081,2238,510,394,482,992,4476,4476,328,2081,2409,11361
679,146,7,153,1963,2116,537,357,439,976,4232,4232,328,1963,2291,10755
680,134,15,149,2055,2204,497,401,488,985,4408,4408,325,2055,2380,11196
681,160,8,168,2016,2184,570,355,426,996,4368,4368,359,2016,2375,11111
682,156,10,166,2006,2172,579,334,404,983,4344,4344,347,2006,2353,11041
683,142,11,153,2019,2172,534,392,475,1009,4344,4344,319,2019,2338,11026
684,146,10,156,2032,2188,529,364,437,966,4376,4376,336,2032,2368,11120
685,156,7,163,1996,2159,540,382,466,1006,4318,4318,343,1996,2339,10975
686,133,13,146,2039,2185,506,392,486,992,4370,4370,318,2039,2357,11097
687,157,4,161,2030,2191,545,393,486,1031,4382,4382,330,2030,2360,11124
688,154,9,163,2016,2179,539,388,468,1007,4358,4358,342,2016,2358,11074
689,139,6,145,1984,2129,520,389,485,1005,4258,4258,304,1984,2288,10804
690,168,15,183,2047,2230,655,399,482,1137,4460,4460,399,2047,2446,11366
691,159,7,166,2047,2213,588,377,467,1055,4426,4426,344,2047,2391,11243
692,143,10,153,2042,2195,527,379,463,990,4390,4390,330,2042,2372,11152
693,136,11,147,1999,2146,511,395,471,982,4292,4292,314,1999,2313,10897
694,135,14,149,2063,2212,538,401,484,1022,4424,4424,325,2063,2388,11236
695,144,8,152,1984,2136,480,354,443,923,4272,4272,323,1984,2307,10851
696,153,8,161,2082,2243,534,378,471,1005,4486,4486,341,2082,2423,11395
697,141,15,156,2039,2195,556,412,495,1051,4390,4390,343,2039,2382,11162
698,150,8,158,2098,2256,564,379,459,1023,4512,4512,334,2098,2432,11456
699,157,14,171,1980,2151,589,383,469,1058,4302,4302,368,1980,2348,10952
700,169,9,178,2022,2200,558,379,473,1031,4400,4400,370,2022,2392,11192
701,152,8,160,2013,2173,542,360,440,982,4346,4346,336,2013,2349,11041
702,149,4,153,2082,2235,468,437,544,1012,4470,4470,320,2082,2402,11342
703,147,9,156,2150,2306,517,401,498,1015,4612,4612,329,2150,2479,11703
704,159,8,167,2023,2190,535,403,495,1030,4380,4380,349,2023,2372,11132
705,187,11,198,2046,2244,662,375,464,1126,4488,4488,415,2046,2461,11437
706,180,11,191,1990,2181,638,362,443,1081,4362,4362,406,1990,2396,11120
707,132,10,142,1957,2099,470,374,464,934,4198,4198,301,1957,2258,10654
708,149,14,163,2014,2177,547,387,471,1018,4354,4354,360,2014,2374,11082
709,161,9,170,2018,2188,565,402,505,1070,4376,4376,356,2018,2374,11126
710,154,12,166,2063,2229,595,400,490,1085,4458,4458,356,2063,2419,11335
711,152,14,166,2022,2188,578,367,447,1025,4376,4376,354,2022,2376,11128
712,151,10,161,2030,2191,559,389,468,1027,4382,4382,349,2030,2379,11143
713,153,9,162,2082,2244,540,406,483,1023,4488,4488,341,2082,2423,11399
714,153,14,167,1996,2163,563,394,502,1065,4326,4326,363,1996,2359,11011
715,161,16,177,2013,2190,647,371,457,1104,4380,4380,390,2013,2403,11163
716,156,10,166,1964,2130,561,385,478,1039,4260,4260,358,1964,2322,10842
717,129,7,136,1994,2130,448,377,454,902,4260,4260,285,1994,2279,10799
718,153,8,161,2070,2231,507,413,504,1011,4462,4462,336,2070,2406,11330
719,181,11,192,1960,2152,644,382,469,1113,4304,4304,407,1960,2367,10975
720,138,13,151,2006,2157,521,365,450,971,4314,4314,329,2006,2335,10963
721,160,8,168,2064,2232,528,425,518,1046,4464,4464,356,2064,2420,11348
722,148,12,160,2015,2175,578,404,496,1074,4350,4350,344,2015,2359,11059
723,148,10,158,2041,2199,544,389,473,1017,4398,4398,329,2041,2370,11166
724,167,9,176,2030,2206,607,377,456,1063,4412,4412,371,2030,2401,11225
725,160,8,168,1947,2115,576,369,459,1035,4230,4230,347,1947,2294,10754
726,161,13,174,2111,2285,579,383,456,1035,4570,4570,371,2111,2482,11622
727,160,16,176,2064,2240,636,365,454,1090,4480,4480,376,2064,2440,11400
728,142,7,149,2058,2207,489,412,499,988,4414,4414,316,2058,2374,11202
729,167,8,175,2068,2243,564,396,485,1049,4486,4486,368,2068,2436,11408
730,146,9,155,1955,2110,522,396,483,1005,4220,4220,329,1955,2284,10724
731,162,9,171,2185,2356,568,427,517,1085,4712,4712,357,2185,2542,11966
732,135,13,148,2023,2171,519,375,470,989,4342,4342,325,2023,2348,11032
733,167,8,175,1934,2109,619,373,460,1079,4218,4218,368,1934,2302,10738
734,148,12,160,2073,2233,530,356,429,959,4466,4466,343,2073,2416,11348
735,163,11,174,1996,2170,590,394,470,1060,4340,4340,368,1996,2364,11044
736,159,19,178,2089,2267,653,393,471,1124,4534,4534,395,2089,2484,11552
737,161,5,166,2085,2251,533,385,465,998,4502,4502,338,2085,2423,11427
738,141,19,160,1984,2144,582,399,494,1076,4288,4288,356,1984,2340,10916
739,165,13,178,2006,2184,589,381,465,1054,4368,4368,384,2006,2390,11126
740,145,16,161,2009,2170,588,364,443,1031,4340,4340,360,2009,2369,11049
741,182,5,187,1999,2186,605,360,434,1039,4372,4372,388,1999,2387,11131
742,155,12,167,2034,2201,540,360,445,985,4402,4402,349,2034,2383,11187
743,163,9,172,2069,2241,567,392,476,1043,4482,4482,361,2069,2430,11394
744,157,6,163,2090,2253,565,363,439,1004,4506,4506,343,2090,2433,11445
745,148,7,155,2040,2195,527,397,476,1003,4390,4390,323,2040,2363,11143
746,132,11,143,1993,2136,501,379,475,976,4272,4272,306,1993,2299,10843
747,157,15,172,2084,2256,619,396,491,1110,4512,4512,371,2084,2455,11479
748,161,9,170,1973,2143,560,381,459,1019,4286,4286,363,1973,2336,10908
749,167,7,174,2015,2189,553,392,471,1024,4378,4378,358,2015,2373,11129
750,170,12,182,2055,2237,583,371,452,1035,4474,4474,386,2055,2441,11389
751,151,13,164,2065,2229,548,421,508,1056,4458,4458,352,2065,2417,11333
752,156,12,168,2004,2172,607,394,470,1077,4344,4344,358,2004,2362,11050
753,144,7,151,2039,2190,489,400,495,984,4380,4380,317,2039,2356,11116
754,181,12,193,1994,2187,644,379,460,1104,4374,4374,410,1994,2404,11152
755,158,13,171,1975,2146,591,381,453,1044,4292,4292,368,1975,2343,10927
756,133,8,141,2124,2265,477,449,567,1044,4530,4530,298,2124,2422,11482
757,153,11,164,2053,2217,562,398,507,1069,4434,4434,350,2053,2403,11271
758,144,13,157,2070,2227,559,369,446,1005,4454,4454,345,2070,2415,11323
759,153,10,163,2053,2216,611,403,498,1109,4432,4432,350,2053,2403,11267
760,144,10,154,2059,2213,512,390,471,983,4426,4426,325,2059,2384,11236
761,152,8,160,2003,2163,568,413,496,1064,4326,4326,336,2003,2339,10991
762,147,15,162,2007,2169,554,354,443,997,4338,4338,348,2007,2355,11031
763,150,9,159,2027,2186,544,380,465,1009,4372,4372,334,2027,2361,11105
764,153,11,164,2096,2260,565,401,494,1059,4520,4520,355,2096,2451,11491
765,143,12,155,2020,2175,514,393,476,990,4350,4350,334,2020,2354,11054
766,165,12,177,2016,2193,588,383,459,1047,4386,4386,373,2016,2389,11161
767,144,11,155,2051,2206,558,407,491,1049,4412,4412,335,2051,2386,11210
768,139,10,149,2035,2184,534,408,506,1040,4368,4368,322,2035,2357,11093
769,161,14,175,2082,2257,566,412,507,1073,4514,4514,381,2082,2463,11491
770,152,6,158,2006,2164,530,367,443,973,4328,4328,324,2006,2330,10986
771,151,5,156,2015,2171,529,386,468,997,4342,4342,323,2015,2338,11022
772,156,7,163,2006,2169,551,387,466,1017,4338,4338,345,2006,2351,11027
773,162,8,170,1941,2111,572,367,453,1025,4222,4222,359,1941,2300,10744
774,149,9,158,1971,2129,550,359,454,1004,4258,4258,335,1971,2306,10822
775,158,6,164,1986,2150,542,367,452,994,4300,4300,342,1986,2328,10928
776,164,12,176,1999,2175,577,369,436,1013,4350,4350,377,1999,2376,11076
777,175,10,185,2029,2214,622,407,493,1115,4428,4428,388,2029,2417,11273
778,153,11,164,2049,2213,560,402,485,1045,4426,4426,351,2049,2400,11252
779,153,6,159,2043,2202,528,400,488,1016,4404,4404,331,2043,2374,11182
780,138,9,147,2020,2167,498,397,472,970,4334,4334,309,2020,2329,10997
781,164,4,168,1988,2156,582,361,447,1029,4312,4312,342,1988,2330,10954
782,135,12,147,2036,2183,545,375,454,999,4366,4366,320,2036,2356,11088
783,172,5,177,2036,2213,589,403,485,1074,4426,4426,369,2036,2405,11257
784,172,10,182,2030,2212,600,390,478,1078,4424,4424,386,2030,2416,11264
785,146,8,154,2007,2161,538,363,456,994,4322,4322,322,2007,2329,10973
786,161,7,168,2050,2218,569,385,467,1036,4436,4436,352,2050,2402,11274
787,169,14,183,1957,2140,661,360,452,1113,4280,4280,395,1957,2352,10912
788,170,10,180,2012,2192,670,374,463,1133,4384,4384,385,2012,2397,11165
789,159,6,165,1983,2148,560,410,499,1059,4296,4296,343,1983,2326,10918
790,148,11,159,2024,2183,563,374,470,1033,4366,4366,348,2024,2372,11104
791,169,5,174,1996,2170,608,350,418,1026,4340,4340,361,1996,2357,11037
792,152,8,160,2110,2270,561,404,501,1062,4540,4540,333,2110,2443,11523
793,147,11,158,2017,2175,531,356,443,974,4350,4350,337,2017,2354,11054
794,162,6,168,2038,2206,587,386,471,1058,4412,4412,344,2038,2382,11206
795,154,7,161,2059,2220,543,357,437,980,4440,4440,337,2059,2396,11276
796,134,11,145,1983,2128,519,380,476,995,4256,4256,316,1983,2299,10811
797,148,14,162,2058,2220,569,402,473,1042,4440,4440,346,2058,2404,11284
798,160,9,169,2063,2232,553,380,472,1025,4464,4464,351,2063,2414,11342
799,142,13,155,2007,2162,522,380,453,975,4324,4324,326,2007,2333,10981
800,156,10,166,2063,2229,567,401,491,1058,4458,4458,345,2063,2408,11324
801,120,6,126,2075,2201,397,392,485,882,4402,4402,261,2075,2336,11140
802,135,14,149,2063,2212,518,401,487,1005,4424,4424,326,2063,2389,11237
803,162,12,174,2025,2199,601,358,414,1015,4398,4398,370,2025,2395,11191
804,160,12,172,2070,2242,620,362,439,1059,4484,4484,373,2070,2443,11411
805,155,10,165,2009,2174,533,380,475,1008,4348,4348,353,2009,2362,11058
806,156,9,165,1985,2150,546,351,423,969,4300,4300,342,1985,2327,10927
807,149,10,159,2077,2236,540,393,485,1025,4472,4472,337,2077,2414,11358
808,151,8,159,2039,2198,537,399,493,1030,4396,4396,333,2039,2372,11164
809,148,15,163,1977,2140,560,368,443,1003,4280,4280,354,1977,2331,10891
810,152,11,163,2045,2208,565,393,467,1032,4416,4416,344,2045,2389,11221
811,168,12,180,2057,2237,612,351,419,1031,4474,4474,381,2057,2438,11386
812,145,14,159,2036,2195,540,390,476,1016,4390,4390,345,2036,2381,11161
813,144,10,154,2003,2157,529,380,462,991,4314,4314,327,2003,2330,10958
814,161,17,178,2054,2232,599,408,503,1102,4464,4464,392,2054,2446,11374
815,164,11,175,2060,2235,590,375,464,1054,4470,4470,372,2060,2432,11372
816,148,10,158,2021,2179,528,369,437,965,4358,4358,335,2021,2356,11072
817,149,6,155,2055,2210,526,374,460,986,4420,4420,321,2055,2376,11216
818,155,15,170,2064,2234,594,374,466,1060,4468,4468,377,2064,2441,11377
819,169,10,179,2034,2213,559,393,477,1036,4426,4426,378,2034,2412,11264
820,151,12,163,2065,2228,584,391,482,1066,4456,4456,348,2065,2413,11325
821,165,8,173,1982,2155,598,374,462,1060,4310,4310,369,1982,2351,10971
822,129,13,142,1962,2104,462,358,435,897,4208,4208,306,1962,2268,10684
823,152,12,164,1998,2162,562,354,431,993,4324,4324,349,1998,2347,10995
824,146,8,154,2008,2162,552,373,462,1014,4324,4324,321,2008,2329,10977
825,159,12,171,2037,2208,574,397,493,1067,4416,4416,362,2037,2399,11231
826,159,12,171,2051,2222,563,383,466,1029,4444,4444,359,2051,2410,11298
827,178,6,184,1987,2171,630,425,518,1148,4342,4342,389,1987,2376,11060
828,161,5,166,2096,2262,539,378,465,1004,4524,4524,339,2096,2435,11483
829,162,13,175,2053,2228,579,389,479,1058,4456,4456,373,2053,2426,11338
830,167,13,180,2048,2228,600,369,436,1036,4456,4456,387,2048,2435,11347
831,153,10,163,2118,2281,553,389,488,1041,4562,4562,343,2118,2461,11585
832,169,8,177,1998,2175,600,390,473,1073,4350,4350,371,1998,2369,11069
833,157,8,165,2025,2190,542,383,469,1011,4380,4380,343,2025,2368,11128
834,144,7,151,2025,2176,529,344,430,959,4352,4352,316,2025,2341,11045
835,165,7,172,2010,2182,542,382,458,1000,4364,4364,353,2010,2363,11091
836,152,11,163,1979,2142,550,400,484,1034,4284,4284,354,1979,2333,10901
837,156,16,172,2120,2292,614,421,499,1113,4584,4584,375,2120,2495,11663
838,129,11,140,2040,2180,464,367,436,900,4360,4360,308,2040,2348,11068
839,158,8,166,2036,2202,575,365,450,1025,4404,4404,347,2036,2383,11191
840,161,14,175,2006,2181,578,372,459,1037,4362,4362,378,2006,2384,11108
841,149,10,159,2014,2173,546,418,503,1049,4346,4346,336,2014,2350,11042
842,137,13,150,2017,2167,517,366,461,978,4334,4334,327,2017,2344,11012
843,157,8,165,1995,2160,586,388,475,1061,4320,4320,342,1995,2337,10977
844,147,9,156,2045,2201,528,367,453,981,4402,4402,325,2045,2370,11174
845,144,11,155,1972,2127,541,393,488,1029,4254,4254,331,1972,2303,10811
846,140,14,154,2031,2185,529,423,509,1038,4370,4370,337,2031,2368,11108
847,141,11,152,2007,2159,528,351,444,972,4318,4318,324,2007,2331,10967
848,158,13,171,2076,2247,586,412,496,1082,4494,4494,369,2076,2445,11433
849,142,11,153,2022,2175,545,412,503,1048,4350,4350,332,2022,2354,11054
850,156,11,167,2057,2224,585,388,484,1069,4448,4448,356,2057,2413,11309
851,140,3,143,1941,2084,470,389,469,939,4168,4168,292,1941,2233,10569
852,139,14,153,2054,2207,531,383,479,1010,4414,4414,331,2054,2385,11213
853,160,11,171,2025,2196,558,402,484,1042,4392,4392,362,2025,2387,11171
854,155,15,170,2038,2208,591,382,462,1053,4416,4416,375,2038,2413,11245
855,149,11,160,2031,2191,588,395,470,1058,4382,4382,342,2031,2373,11137
856,150,7,157,2006,2163,508,364,441,949,4326,4326,328,2006,2334,10986
857,153,13,166,1960,2126,558,348,430,988,4252,4252,364,1960,2324,10828
858,189,12,201,1990,2191,717,382,464,1181,4382,4382,435,1990,2425,11189
859,141,16,157,1974,2131,540,411,511,1051,4262,4262,345,1974,2319,10843
860,155,10,165,2100,2265,512,348,436,948,4530,4530,343,2100,2443,11503
861,140,11,151,2074,2225,551,408,508,1059,4450,4450,325,2074,2399,11299
862,145,8,153,2074,2227,500,407,493,993,4454,4454,320,2074,2394,11302
863,162,12,174,2023,2197,578,379,452,1030,4394,4394,371,2023,2394,11182
864,177,12,189,2087,2276,652,346,422,1074,4552,4552,398,2087,2485,11589
865,145,12,157,2021,2178,587,354,430,1017,4356,4356,339,2021,2360,11072
866,152,7,159,2041,2200,514,401,497,1011,4400,4400,334,2041,2375,11175
867,146,6,152,2024,2176,499,382,470,969,4352,4352,311,2024,2335,11039
868,138,13,151,2070,2221,525,403,488,1013,4442,4442,325,2070,2395,11279
869,144,7,151,2094,2245,470,412,513,983,4490,4490,317,2094,2411,11391
870,155,7,162,2020,2182,548,392,476,1024,4364,4364,337,2020,2357,11085
871,145,6,151,1969,2120,509,353,428,937,4240,4240,313,1969,2282,10762
872,143,9,152,2033,2185,552,381,468,1020,4370,4370,321,2033,2354,11094
873,123,13,136,2015,2151,465,402,498,963,4302,4302,296,2015,2311,10915
874,155,10,165,2052,2217,560,396,486,1046,4434,4434,345,2052,2397,11265
875,146,8,154,2005,2159,495,391,475,970,4318,4318,321,2005,2326,10962
876,132,6,138,2102,2240,445,410,502,947,4480,4480,289,2102,2391,11351
877,148,14,162,2064,2226,578,374,467,1045,4452,4452,354,2064,2418,11322
878,174,12,186,1956,2142,619,351,428,1047,4284,4284,398,1956,2354,10922
879,147,11,158,2120,2278,518,392,498,1016,4556,4556,340,2120,2460,11572
880,161,7,168,1972,2140,587,403,500,1087,4280,4280,349,1972,2321,10881
881,159,8,167,2009,2176,529,391,474,1003,4352,4352,344,2009,2353,11057
882,165,7,172,2055,2227,578,425,523,1101,4454,4454,361,2055,2416,11324
883,164,9,173,2062,2235,580,374,465,1045,4470,4470,371,2062,2433,11373
884,152,16,168,2065,2233,625,361,446,1071,4466,4466,371,2065,2436,11368
885,147,10,157,2003,2160,537,395,486,1023,4320,4320,336,2003,2339,10979
886,142,15,157,2076,2233,531,433,526,1057,4466,4466,339,2076,2415,11347
887,166,10,176,2089,2265,577,421,519,1096,4530,4530,376,2089,2465,11525
888,149,8,157,2048,2205,507,370,460,967,4410,4410,324,2048,2372,11192
889,173,10,183,2047,2230,650,382,467,1117,4460,4460,387,2047,2434,11354
890,135,9,144,2052,2196,452,389,483,935,4392,4392,304,2052,2356,11140
891,150,8,158,2084,2242,537,403,494,1031,4484,4484,330,2084,2414,11382
892,165,14,179,2077,2256,621,423,512,1133,4512,4512,385,2077,2462,11486
893,155,10,165,2058,2223,566,375,459,1025,4446,4446,344,2058,2402,11294
894,124,13,137,2038,2175,485,383,459,944,4350,4350,308,2038,2346,11046
895,142,12,154,1994,2148,538,367,447,985,4296,4296,334,1994,2328,10920
896,152,10,162,2042,2204,552,370,441,993,4408,4408,342,2042,2384,11200
897,151,13,164,2022,2186,585,375,447,1032,4372,4372,354,2022,2376,11120
898,151,14,165,2040,2205,593,392,477,1070,4410,4410,357,2040,2397,11217
899,129,10,139,2008,2147,471,365,431,902,4294,4294,296,2008,2304,10892
900,143,16,159,2042,2201,556,395,499,1055,4402,4402,347,2042,2389,11193
901,154,5,159,2029,2188,502,359,440,942,4376,4376,329,2029,2358,11110
902,169,7,176,2094,2270,559,396,491,1050,4540,4540,368,2094,2462,11542
903,167,11,178,2047,2225,607,392,477,1084,4450,4450,376,2047,2423,11323
904,169,14,183,2053,2236,646,381,461,1107,4472,4472,392,2053,2445,11389
905,155,14,169,2091,2260,599,410,505,1104,4520,4520,368,2091,2459,11499
906,177,14,191,2027,2218,622,387,473,1095,4436,4436,413,2027,2440,11312
907,141,13,154,2052,2206,580,367,437,1017,4412,4412,333,2052,2385,11209
908,163,15,178,2080,2258,599,420,512,1111,4516,4516,385,2080,2465,11497
909,176,7,183,2022,2205,628,393,483,1111,4410,4410,380,2022,2402,11222
910,164,7,171,1976,2147,552,380,478,1030,4294,4294,359,1976,2335,10923
911,141,14,155,2056,2211,565,401,476,1041,4422,4422,335,2056,2391,11235
912,165,13,178,2072,2250,593,394,478,1071,4500,4500,381,2072,2453,11453
913,161,13,174,2026,2200,612,371,447,1059,4400,4400,380,2026,2406,11206
914,158,12,170,2014,2184,594,376,462,1056,4368,4368,361,2014,2375,11111
915,165,11,176,2162,2338,591,436,534,1125,4676,4676,373,2162,2535,11887
916,156,10,166,2035,2201,557,384,449,1006,4402,4402,352,2035,2387,11191
917,142,15,157,2118,2275,546,420,516,1062,4550,4550,347,2118,2465,11565
918,147,9,156,2036,2192,533,386,480,1013,4384,4384,328,2036,2364,11132
919,154,12,166,2083,2249,581,356,436,1017,4498,4498,358,2083,2441,11437
920,147,8,155,2039,2194,496,376,465,961,4388,4388,327,2039,2366,11142
921,148,7,155,1971,2126,544,341,413,957,4252,4252,324,1971,2295,10799
922,142,13,155,2076,2231,528,402,493,1021,4462,4462,332,2076,2408,11332
923,153,6,159,1993,2152,523,377,458,981,4304,4304,329,1993,2322,10930
924,141,11,152,2029,2181,551,393,479,1030,4362,4362,326,2029,2355,11079
925,145,5,150,2034,2184,493,350,419,912,4368,4368,314,2034,2348,11084
926,148,7,155,2104,2259,520,373,466,986,4518,4518,324,2104,2428,11464
927,149,11,160,2086,2246,554,404,491,1045,4492,4492,341,2086,2427,11411
928,145,5,150,2101,2251,508,397,506,1014,4502,4502,307,2101,2408,11412
929,169,9,178,2011,2189,592,366,457,1049,4378,4378,374,2011,2385,11141
930,141,12,153,2045,2198,541,389,459,1000,4396,4396,329,2045,2374,11166
931,152,10,162,1975,2137,537,388,470,1007,4274,4274,344,1975,2319,10867
932,178,11,189,2102,2291,616,411,491,1107,4582,4582,397,2102,2499,11663
933,159,8,167,2090,2257,568,401,485,1053,4514,4514,350,2090,2440,11468
934,140,10,150,2060,2210,521,398,502,1023,4420,4420,318,2060,2378,11218
935,151,12,163,2012,2175,527,366,438,965,4350,4350,352,2012,2364,11064
936,159,10,169,1951,2120,558,368,452,1010,4240,4240,365,1951,2316,10796
937,151,13,164,2013,2177,569,373,460,1029,4354,4354,353,2013,2366,11074
938,147,10,157,1985,2142,563,373,446,1009,4284,4284,331,1985,2316,10884
939,162,11,173,1961,2134,573,355,427,1000,4268,4268,370,1961,2331,10867
940,166,9,175,2003,2178,557,355,424,981,4356,4356,371,2003,2374,11086
941,160,12,172,2103,2275,563,400,499,1062,4550,4550,362,2103,2465,11565
942,145,8,153,2093,2246,509,382,459,968,4492,4492,322,2093,2415,11399
943,168,10,178,1994,2172,609,371,449,1058,4344,4344,378,1994,2372,11060
944,149,9,158,2015,2173,567,402,494,1061,4346,4346,331,2015,2346,11038
945,143,7,150,2026,2176,522,371,468,990,4352,4352,316,2026,2342,11046
946,149,3,152,1989,2141,463,368,443,906,4282,4282,308,1989,2297,10861
947,160,8,168,2092,2260,540,390,471,1011,4520,4520,348,2092,2440,11480
948,142,13,155,2085,2240,561,401,491,1052,4480,4480,344,2085,2429,11389
949,161,6,167,2051,2218,579,391,474,1053,4436,4436,352,2051,2403,11275
950,150,8,158,2112,2270,509,397,501,1010,4540,4540,330,2112,2442,11522
951,163,8,171,1932,2103,541,358,444,985,4206,4206,356,1932,2288,10700
952,173,11,184,2051,2235,651,413,503,1154,4470,4470,393,2051,2444,11384
953,147,8,155,2034,2189,521,396,493,1014,4378,4378,331,2034,2365,11121
954,132,11,143,1986,2129,477,390,487,964,4258,4258,310,1986,2296,10812
955,138,13,151,2011,2162,446,390,483,929,4324,4324,327,2011,2338,10986
956,163,18,181,2041,2222,602,398,492,1094,4444,4444,403,2041,2444,11332
957,179,11,190,2023,2213,658,368,455,1113,4426,4426,401,2023,2424,11276
958,160,7,167,1999,2166,576,374,454,1030,4332,4332,351,1999,2350,11014
959,148,16,164,2014,2178,559,390,481,1040,4356,4356,361,2014,2375,11087
960,170,9,179,1928,2107,616,357,429,1045,4214,4214,376,1928,2304,10732
961,185,14,199,2066,2265,695,360,442,1137,4530,4530,429,2066,2495,11555
962,179,10,189,2045,2234,665,386,475,1140,4468,4468,397,2045,2442,11378
963,157,9,166,2030,2196,582,371,460,1042,4392,4392,347,2030,2377,11161
964,144,6,150,2036,2186,540,381,463,1003,4372,4372,316,2036,2352,11096
965,156,11,167,2054,2221,535,422,522,1057,4442,4442,353,2054,2407,11291
966,140,7,147,2035,2182,478,415,501,979,4364,4364,309,2035,2344,11072
967,128,16,144,2086,2230,507,408,500,1007,4460,4460,317,2086,2403,11323
968,160,6,166,1995,2161,552,375,456,1008,4322,4322,347,1995,2342,10986
969,136,14,150,2042,2192,518,391,480,998,4384,4384,327,2042,2369,11137
970,148,14,162,2038,2200,584,372,452,1036,4400,4400,352,2038,2390,11190
971,135,10,145,1975,2120,511,380,464,975,4240,4240,313,1975,2288,10768
972,157,12,169,2076,2245,616,388,480,1096,4490,4490,362,2076,2438,11418
973,162,7,169,2000,2169,545,388,478,1023,4338,4338,356,2000,2356,11032
974,137,6,143,2037,2180,463,398,501,964,4360,4360,298,2037,2335,11055
975,142,7,149,2010,2159,519,371,447,966,4318,4318,308,2010,2318,10954
976,140,16,156,2012,2168,549,418,494,1043,4336,4336,338,2012,2350,11022
977,131,10,141,1950,2091,478,351,431,909,4182,4182,300,1950,2250,10614
978,154,12,166,2046,2212,588,399,494,1082,4424,4424,356,2046,2402,11250
979,140,8,148,1992,2140,518,370,441,959,4280,4280,309,1992,2301,10861
980,171,8,179,2117,2296,576,355,443,1019,4592,4592,373,2117,2490,11674
981,148,9,157,2023,2180,535,412,505,1040,4360,4360,329,2023,2352,11072
982,161,10,171,2090,2261,593,367,457,1050,4522,4522,366,2090,2456,11500
983,167,12,179,1955,2134,609,347,429,1038,4268,4268,380,1955,2335,10871
984,132,13,145,2027,2172,459,379,463,922,4344,4344,319,2027,2346,11034
985,145,14,159,2056,2215,590,399,487,1077,4430,4430,350,2056,2406,11266
986,157,11,168,2071,2239,591,416,518,1109,4478,4478,366,2071,2437,11393
987,141,13,154,2035,2189,540,360,443,983,4378,4378,338,2035,2373,11129
988,164,13,177,2094,2271,587,401,485,1072,4542,4542,375,2094,2469,11553
989,174,10,184,1977,2161,637,385,457,1094,4322,4322,386,1977,2363,11007
990,136,9,145,2052,2197,472,385,463,935,4394,4394,305,2052,2357,11145
991,139,8,147,2006,2153,475,397,482,957,4306,4306,311,2006,2317,10929
992,142,7,149,2033,2182,518,360,429,947,4364,4364,315,2033,2348,11076
993,151,5,156,2040,2196,495,375,465,960,4392,4392,321,2040,2361,11145
994,150,9,159,2025,2184,502,406,502,1004,4368,4368,335,2025,2360,11096
995,174,12,186,2049,2235,662,410,501,1163,4470,4470,396,2049,2445,11385
996,143,7,150,2082,2232,504,396,491,995,4464,4464,314,2082,2396,11324
997,139,15,154,2051,2205,564,364,440,1004,4410,4410,339,2051,2390,11210
998,173,7,180,2054,2234,588,373,455,1043,4468,4468,370,2054,2424,11360
999,171,7,178,2010,2188,568,364,458,1026,4376,4376,367,2010,2377,11129
1000,153,9,162,1998,2160,546,361,436,982,4320,4320,344,1998,2342,10982
1001,142,11,153,2022,2175,548,388,462,1010,4350,4350,328,2022,2350,11050
1002,155,12,167,2145,2312,610,453,558,1168,4624,4624,367,2145,2512,11760
1003,136,9,145,2054,2199,493,389,493,986,4398,4398,306,2054,2360,11156
1004,165,8,173,2021,2194,587,379,452,1039,4388,4388,362,2021,2383,11159
1005,166,12,178,2139,2317,626,404,503,1129,4634,4634,383,2139,2522,11790
1006,145,5,150,2065,2215,467,434,539,1006,4430,4430,311,2065,2376,11236
1007,147,4,151,2011,2162,503,357,432,935,4324,4324,307,2011,2318,10966
1008,142,8,150,2129,2279,536,387,473,1009,4558,4558,317,2129,2446,11562
1009,156,9,165,2011,2176,533,396,479,1012,4352,4352,344,2011,2355,11059
1010,154,12,166,2058,2224,556,375,469,1025,4448,4448,358,2058,2416,11312
1011,153,12,165,2177,2342,577,424,509,1086,4684,4684,356,2177,2533,11901
1012,146,6,152,1983,2135,505,395,482,987,4270,4270,318,1983,2301,10841
1013,162,10,172,2077,2249,565,416,511,1076,4498,4498,365,2077,2442,11438
1014,162,10,172,2109,2281,571,416,501,1072,4562,4562,362,2109,2471,11595
1015,141,13,154,1993,2147,499,367,457,956,4294,4294,333,1993,2326,10914
1016,140,7,147,2066,2213,476,412,495,971,4426,4426,309,2066,2375,11227
1017,142,9,151,2079,2230,501,379,445,946,4460,4460,319,2079,2398,11318
1018,159,9,168,2033,2201,577,377,466,1043,4402,4402,356,2033,2389,11193
1019,156,14,170,2038,2208,592,379,471,1063,4416,4416,368,2038,2406,11238
1020,167,14,181,2083,2264,623,380,463,1086,4528,4528,391,2083,2474,11530
1021,160,8,168,2109,2277,532,389,463,995,4554,4554,347,2109,2456,11564
1022,169,13,182,1998,2180,634,395,496,1130,4360,4360,395,1998,2393,11113
1023,154,9,163,2069,2232,573,386,477,1050,4464,4464,345,2069,2414,11342
1024,143,11,154,2083,2237,528,372,441,969,4474,4474,330,2083,2413,11361
1025,159,12,171,2032,2203,593,381,465,1058,4406,4406,367,2032,2399,11211
1026,180,11,191,1979,2170,610,385,482,1092,4340,4340,396,1979,2375,11055
1027,158,8,166,2033,2199,626,391,485,1111,4398,4398,349,2033,2382,11178
1028,155,9,164,2083,2247,490,394,484,974,4494,4494,348,2083,2431,11419
1029,139,12,151,2087,2238,512,410,496,1008,4476,4476,326,2087,2413,11365
1030,152,11,163,2051,2214,579,395,487,1066,4428,4428,354,2051,2405,11261
1031,131,10,141,2051,2192,491,389,472,963,4384,4384,306,2051,2357,11125
1032,133,9,142,2042,2184,476,418,498,974,4368,4368,295,2042,2337,11073
1033,147,7,154,2094,2248,554,387,485,1039,4496,4496,327,2094,2421,11413
1034,142,14,156,2041,2197,550,350,418,968,4394,4394,341,2041,2382,11170
1035,152,10,162,2001,2163,555,383,475,1030,4326,4326,350,2001,2351,11003
1036,138,7,145,1992,2137,467,420,510,977,4274,4274,305,1992,2297,10845
1037,136,11,147,2010,2157,498,361,428,926,4314,4314,313,2010,2323,10951
1038,141,7,148,2051,2199,511,399,479,990,4398,4398,313,2051,2364,11160
1039,150,8,158,2032,2190,527,389,484,1011,4380,4380,330,2032,2362,11122
1040,149,9,158,1973,2131,521,391,479,1000,4262,4262,334,1973,2307,10831
1041,132,13,145,1951,2096,493,387,469,962,4192,4192,315,1951,2266,10650
1042,152,6,158,2050,2208,534,413,503,1037,4416,4416,326,2050,2376,11208
1043,157,9,166,2093,2259,563,414,511,1074,4518,4518,350,2093,2443,11479
1044,126,8,134,2005,2139,431,397,485,916,4278,4278,286,2005,2291,10847
1045,156,15,171,2113,2284,568,395,480,1048,4568,4568,370,2113,2483,11619
1046,148,13,161,2029,2190,568,367,441,1009,4380,4380,356,2029,2385,11145
1047,142,7,149,2051,2200,460,366,444,904,4400,4400,309,2051,2360,11160
1048,160,12,172,1987,2159,577,368,447,1024,4318,4318,371,1987,2358,10994
1049,140,8,148,2109,2257,512,369,467,979,4514,4514,309,2109,2418,11446
1050,160,12,172,2040,2212,602,401,478,1080,4424,4424,367,2040,2407,11255
1051,149,6,155,2013,2168,535,359,444,979,4336,4336,324,2013,2337,11009
1052,167,11,178,1950,2128,611,381,482,1093,4256,4256,377,1950,2327,10839
1053,164,10,174,1991,2165,573,376,447,1020,4330,4330,363,1991,2354,11014
1054,146,9,155,2085,2240,518,363,450,968,4480,4480,325,2085,2410,11370
1055,148,12,160,1973,2133,542,368,453,995,4266,4266,337,1973,2310,10842
1056,162,15,177,2030,2207,622,415,520,1142,4414,4414,385,2030,2415,11243
1057,159,14,173,2082,2255,603,421,519,1122,4510,4510,379,2082,2461,11481
1058,147,10,157,1954,2111,558,371,446,1004,4222,4222,337,1954,2291,10735
1059,148,12,160,2074,2234,555,407,486,1041,4468,4468,344,2074,2418,11354
1060,154,10,164,1975,2139,501,382,482,983,4278,4278,344,1975,2319,10875
1061,155,9,164,2001,2165,552,395,490,1042,4330,4330,347,2001,2348,11008
1062,159,15,174,1983,2157,582,360,436,1018,4314,4314,371,1983,2354,10982
1063,145,15,160,2048,2208,580,372,450,1030,4416,4416,347,2048,2395,11227
1064,157,5,162,1995,2157,528,373,453,981,4314,4314,340,1995,2335,10963
1065,162,12,174,2072,2246,530,373,458,988,4492,4492,371,2072,2443,11427
1066,129,10,139,2006,2145,472,385,474,946,4290,4290,295,2006,2301,10881
1067,166,9,175,1991,2166,561,357,447,1008,4332,4332,363,1991,2354,11018
1068,155,10,165,2038,2203,555,395,480,1035,4406,4406,347,2038,2385,11197
1069,152,8,160,1904,2064,511,345,413,924,4128,4128,336,1904,2240,10496
1070,174,9,183,1996,2179,624,386,475,1099,4358,4358,389,1996,2385,11101
1071,157,12,169,2016,2185,573,359,431,1004,4370,4370,357,2016,2373,11113
1072,136,12,148,2018,2166,511,377,463,974,4332,4332,317,2018,2335,10999
1073,147,7,154,2019,2173,513,374,438,951,4346,4346,318,2019,2337,11029
1074,183,16,199,2052,2251,635,405,500,1135,4502,4502,428,2052,2480,11484
1075,137,12,149,2084,2233,516,356,440,956,4466,4466,320,2084,2404,11336
1076,150,8,158,2020,2178,536,392,485,1021,4356,4356,331,2020,2351,11063
1077,134,9,143,1975,2118,471,368,443,914,4236,4236,301,1975,2276,10748
1078,154,9,163,2002,2165,578,395,494,1072,4330,4330,353,2002,2355,11015
1079,144,7,151,2083,2234,490,407,490,980,4468,4468,314,2083,2397,11333
1080,161,13,174,2045,2219,635,397,492,1127,4438,4438,381,2045,2426,11302
1081,146,7,153,1988,2141,535,369,456,991,4282,4282,321,1988,2309,10873
1082,167,8,175,2090,2265,536,393,480,1016,4530,4530,363,2090,2453,11513
1083,139,6,145,1973,2118,476,399,493,969,4236,4236,300,1973,2273,10745
1084,145,9,154,2034,2188,499,379,471,970,4376,4376,320,2034,2354,11106
1085,160,5,165,2013,2178,521,393,480,1001,4356,4356,338,2013,2351,11063
1086,160,8,168,1982,2150,589,353,422,1011,4300,4300,354,1982,2336,10936
1087,143,10,153,2047,2200,545,395,474,1019,4400,4400,328,2047,2375,11175
1088,173,4,177,1995,2172,579,408,495,1074,4344,4344,364,1995,2359,11047
1089,151,15,166,2001,2167,573,372,440,1013,4334,4334,360,2001,2361,11029
1090,162,13,175,2032,2207,561,382,455,1016,4414,4414,378,2032,2410,11238
1091,149,5,154,2066,2220,524,400,496,1020,4440,4440,313,2066,2379,11259
1092,148,13,161,2044,2205,569,391,478,1047,4410,4410,346,2044,2390,11210
1093,158,16,174,1964,2138,590,362,436,1026,4276,4276,373,1964,2337,10889
1094,145,13,158,2079,2237,566,404,497,1063,4474,4474,342,2079,2421,11369
1095,175,8,183,2050,2233,591,383,468,1059,4466,4466,385,2050,2435,11367
1096,154,7,161,1990,2151,511,351,427,938,4302,4302,335,1990,2325,10929
1097,157,12,169,2032,2201,578,356,419,997,4402,4402,363,2032,2395,11199
1098,145,10,155,2039,2194,533,361,439,972,4388,4388,334,2039,2373,11149
1099,134,6,140,2029,2169,465,401,485,950,4338,4338,290,2029,2319,10995
1100,129,8,137,2015,2152,469,393,486,955,4304,4304,290,2015,2305,10913
1101,157,7,164,2101,2265,508,379,471,979,4530,4530,342,2101,2443,11503
1102,150,10,160,2071,2231,544,393,463,1007,4462,4462,340,2071,2411,11335
1103,176,8,184,1923,2107,637,395,497,1134,4214,4214,386,1923,2309,10737
1104,161,10,171,2003,2174,588,424,510,1098,4348,4348,361,2003,2364,11060
1105,166,17,183,2056,2239,625,418,498,1123,4478,4478,398,2056,2454,11410
1106,155,12,167,2050,2217,601,389,494,1095,4434,4434,357,2050,2407,11275
1107,169,12,181,2060,2241,602,388,456,1058,4482,4482,388,2060,2448,11412
1108,165,7,172,1975,2147,545,387,459,1004,4294,4294,362,1975,2337,10925
1109,147,12,159,2027,2186,569,421,515,1084,4372,4372,342,2027,2369,11113
1110,142,11,153,2031,2184,547,385,485,1032,4368,4368,331,2031,2362,11098
1111,161,17,178,2075,2253,646,367,453,1099,4506,4506,396,2075,2471,11483
1112,169,4,173,2012,2185,559,345,407,966,4370,4370,358,2012,2370,11110
1113,153,11,164,2097,2261,577,387,464,1041,4522,4522,355,2097,2452,11496
1114,147,9,156,1982,2138,533,364,447,980,4276,4276,329,1982,2311,10863
1115,163,9,172,2102,2274,583,410,512,1095,4548,4548,362,2102,2464,11560
1116,163,12,175,2027,2202,617,422,520,1137,4404,4404,377,2027,2404,11212
1117,158,16,174,2024,2198,567,381,475,1042,4396,4396,379,2024,2403,11195
1118,161,13,174,2066,2240,600,433,529,1129,4480,4480,374,2066,2440,11400
1119,155,9,164,2080,2244,554,408,508,1062,4488,4488,347,2080,2427,11403
1120,165,12,177,2026,2203,629,388,473,1102,4406,4406,385,2026,2411,11223
1121,148,13,161,2000,2161,563,408,507,1070,4322,4322,347,2000,2347,10991
1122,151,6,157,2032,2189,488,396,465,953,4378,4378,322,2032,2354,11110
1123,160,10,170,2038,2208,527,370,457,984,4416,4416,360,2038,2398,11230
1124,144,15,159,2079,2238,551,358,427,978,4476,4476,350,2079,2429,11381
1125,154,9,163,2070,2233,516,384,460,976,4466,4466,345,2070,2415,11347
1126,149,12,161,2038,2199,575,385,478,1053,4398,4398,351,2038,2389,11185
1127,154,8,162,2058,2220,523,357,437,960,4440,4440,339,2058,2397,11277
1128,147,10,157,2082,2239,525,414,521,1046,4478,4478,334,2082,2416,11372
1129,154,19,173,2036,2209,641,362,452,1093,4418,4418,387,2036,2423,11259
1130,161,9,170,2043,2213,548,395,476,1024,4426,4426,352,2043,2395,11247
1131,150,8,158,2082,2240,530,373,452,982,4480,4480,331,2082,2413,11373
1132,187,13,200,2031,2231,695,355,425,1120,4462,4462,432,2031,2463,11387
1133,168,7,175,2032,2207,525,371,470,995,4414,4414,361,2032,2393,11221
1134,166,17,183,2001,2184,656,389,485,1141,4368,4368,407,2001,2408,11144
1135,164,8,172,2079,2251,570,368,449,1019,4502,4502,365,2079,2444,11448
1136,181,5,186,1939,2125,580,360,428,1008,4250,4250,380,1939,2319,10819
1137,142,8,150,2056,2206,505,378,454,959,4412,4412,321,2056,2377,11201
1138,143,11,154,2036,2190,543,413,502,1045,4380,4380,331,2036,2367,11127
1139,164,9,173,2013,2186,572,389,467,1039,4372,4372,363,2013,2376,11120
1140,150,15,165,2070,2235,571,385,467,1038,4470,4470,364,2070,2434,11374
1141,156,13,169,2011,2180,579,366,456,1035,4360,4360,360,2011,2371,11091
1142,162,7,169,1976,2145,574,351,431,1005,4290,4290,356,1976,2332,10912
1143,162,8,170,2117,2287,513,402,488,1001,4574,4574,357,2117,2474,11622
1144,146,12,158,1986,2144,528,365,447,975,4288,4288,340,1986,2326,10902
1145,124,13,137,2021,2158,469,395,486,955,4316,4316,299,2021,2320,10952
1146,157,7,164,1963,2127,522,403,494,1016,4254,4254,339,1963,2302,10810
1147,160,6,166,2062,2228,557,366,446,1003,4456,4456,342,2062,2404,11316
1148,162,8,170,1979,2149,582,378,463,1045,4298,4298,354,1979,2333,10929
1149,154,9,163,2045,2208,589,372,452,1041,4416,4416,340,2045,2385,11217
1150,156,14,170,2029,2199,563,386,471,1034,4398,4398,369,2029,2398,11194
1151,176,9,185,2083,2268,607,404,487,1094,4536,4536,388,2083,2471,11543
1152,160,12,172,2013,2185,579,381,447,1026,4370,4370,367,2013,2380,11120
1153,145,5,150,2049,2199,477,370,459,936,4398,4398,315,2049,2364,11160
1154,159,15,174,2014,2188,580,390,490,1070,4376,4376,381,2014,2395,11147
1155,140,9,149,2065,2214,515,422,516,1031,4428,4428,313,2065,2378,11234
1156,141,8,149,1982,2131,552,344,428,980,4262,4262,315,1982,2297,10821
1157,159,7,166,2021,2187,536,416,507,1043,4374,4374,345,2021,2366,11114
1158,156,12,168,2018,2186,595,384,469,1064,4372,4372,360,2018,2378,11122
1159,167,9,176,2032,2208,594,376,462,1056,4416,4416,366,2032,2398,11230
1160,136,10,146,2050,2196,469,386,471,940,4392,4392,309,2050,2359,11143
1161,130,11,141,2043,2184,523,403,499,1022,4368,4368,306,2043,2349,11085
1162,159,10,169,2061,2230,599,371,456,1055,4460,4460,363,2061,2424,11344
1163,148,13,161,2013,2174,564,379,462,1026,4348,4348,354,2013,2367,11063
1164,160,9,169,1979,2148,609,365,446,1055,4296,4296,355,1979,2334,10926
1165,153,8,161,2079,2240,534,406,504,1038,4480,4480,335,2079,2414,11374
1166,143,6,149,1971,2120,464,346,413,877,4240,4240,310,1971,2281,10761
1167,135,3,138,1965,2103,443,357,433,876,4206,4206,281,1965,2246,10658
1168,130,5,135,2107,2242,466,391,484,950,4484,4484,281,2107,2388,11356
1169,170,6,176,2046,2222,599,387,472,1071,4444,4444,364,2046,2410,11298
1170,149,8,157,1956,2113,488,392,479,967,4226,4226,328,1956,2284,10736
1171,170,8,178,1917,2095,609,346,427,1036,4190,4190,376,1917,2293,10673
1172,139,11,150,2035,2185,534,380,458,992,4370,4370,323,2035,2358,11098
1173,144,9,153,2042,2195,515,388,483,998,4390,4390,318,2042,2360,11140
1174,153,9,162,2007,2169,567,412,509,1076,4338,4338,345,2007,2352,11028
1175,164,9,173,2032,2205,562,414,501,1063,4410,4410,360,2032,2392,11212
1176,175,13,188,2146,2334,641,402,496,1137,4668,4668,393,2146,2539,11875
1177,139,8,147,2060,2207,454,382,480,934,4414,4414,309,2060,2369,11197
1178,155,6,161,2031,2192,556,378,458,1014,4384,4384,338,2031,2369,11137
1179,137,12,149,2062,2211,532,397,495,1027,4422,4422,327,2062,2389,11233
1180,146,18,164,2026,2190,627,372,458,1085,4380,4380,366,2026,2392,11152
1181,157,13,170,2013,2183,587,405,481,1068,4366,4366,364,2013,2377,11109
1182,141,14,155,1979,2134,514,366,446,960,4268,4268,336,1979,2315,10851
1183,180,14,194,2033,2227,662,445,543,1205,4454,4454,412,2033,2445,11353
1184,179,15,194,2041,2235,647,369,441,1088,4470,4470,421,2041,2462,11402
1185,160,10,170,1993,2163,560,382,482,1042,4326,4326,358,1993,2351,11003
1186,154,10,164,2019,2183,552,386,471,1023,4366,4366,351,2019,2370,11102
1187,165,6,171,1942,2113,557,378,455,1012,4226,4226,355,1942,2297,10749
1188,159,8,167,2015,2182,572,377,434,1006,4364,4364,354,2015,2369,11097
1189,160,11,171,2049,2220,582,414,508,1090,4440,4440,362,2049,2411,11291
1190,139,8,147,2016,2163,468,391,467,935,4326,4326,307,2016,2323,10975
1191,154,6,160,2065,2225,506,372,457,963,4450,4450,338,2065,2403,11303
1192,137,6,143,2078,2221,464,391,496,960,4442,4442,296,2078,2374,11258
1193,154,4,158,2030,2188,501,378,456,957,4376,4376,321,2030,2351,11103
1194,152,11,163,2047,2210,545,406,489,1034,4420,4420,351,2047,2398,11238
1195,157,11,168,2008,2176,584,384,464,1048,4352,4352,353,2008,2361,11065
1196,161,9,170,2045,2215,592,371,444,1036,4430,4430,356,2045,2401,11261
1197,156,15,171,1985,2156,599,373,469,1068,4312,4312,369,1985,2354,10978
1198,144,10,154,2004,2158,527,398,482,1009,4316,4316,328,2004,2332,10964
1199,166,9,175,2073,2248,580,415,496,1076,4496,4496,362,2073,2435,11427
1200,162,10,172,2046,2218,562,409,488,1050,4436,4436,365,2046,2411,11283
1201,164,9,173,1948,2121,588,379,461,1049,4242,4242,360,1948,2308,10792
1202,152,17,169,2008,2177,631,384,474,1105,4354,4354,378,2008,2386,11094
1203,149,14,163,2045,2208,566,399,498,1064,4416,4416,352,2045,2397,11229
1204,159,13,172,1988,2160,591,388,467,1058,4320,4320,378,1988,2366,11006
1205,142,11,153,2017,2170,491,400,495,986,4340,4340,326,2017,2343,11023
1206,135,13,148,2019,2167,497,387,462,959,4334,4334,320,2019,2339,11007
1207,168,16,184,2033,2217,638,367,446,1084,4434,4434,400,2033,2433,11301
1208,131,11,142,2155,2297,498,417,513,1011,4594,4594,301,2155,2456,11644
1209,155,5,160,2026,2186,465,408,510,975,4372,4372,328,2026,2354,11098
1210,147,14,161,2118,2279,550,417,520,1070,4558,4558,353,2118,2471,11587
1211,132,10,142,2112,2254,527,396,485,1012,4508,4508,311,2112,2423,11439
1212,155,8,163,2023,2186,500,386,464,964,4372,4372,337,2023,2360,11104
1213,128,6,134,1989,2123,459,375,461,920,4246,4246,283,1989,2272,10764
1214,149,5,154,2051,2205,499,415,512,1011,4410,4410,315,2051,2366,11186
1215,160,3,163,1996,2159,525,374,450,975,4318,4318,332,1996,2328,10964
1216,170,11,181,2022,2203,586,359,448,1034,4406,4406,376,2022,2398,11210
1217,151,10,161,2020,2181,553,377,451,1004,4362,4362,349,2020,2369,11093
1218,138,11,149,2075,2224,500,410,507,1007,4448,4448,324,2075,2399,11295
1219,157,14,171,2054,2225,596,374,464,1060,4450,4450,365,2054,2419,11319
1220,161,12,173,2066,2239,558,406,497,1055,4478,4478,370,2066,2436,11392
1221,173,17,190,1984,2174,624,378,460,1084,4348,4348,415,1984,2399,11095
1222,171,13,184,2052,2236,620,397,489,1109,4472,4472,396,2052,2448,11392
1223,129,8,137,2038,2175,462,392,474,936,4350,4350,289,2038,2327,11027
1224,137,7,144,2066,2210,466,366,442,908,4420,4420,302,2066,2368,11208
1225,160,7,167,2029,2196,529,380,455,984,4392,4392,344,2029,2373,11157
1226,141,11,152,1991,2143,482,396,478,960,4286,4286,328,1991,2319,10891
1227,145,15,160,1907,2067,571,348,419,990,4134,4134,351,1907,2258,10526
1228,157,16,173,2010,2183,587,385,467,1054,4366,4366,374,2010,2384,11116
1229,137,13,150,2020,2170,539,382,472,1011,4340,4340,325,2020,2345,11025
1230,130,7,137,1990,2127,453,377,466,919,4254,4254,291,1990,2281,10789
1231,152,10,162,1954,2116,560,375,463,1023,4232,4232,345,1954,2299,10763
1232,159,6,165,2047,2212,531,378,456,987,4424,4424,340,2047,2387,11235
1233,156,15,171,2013,2184,583,380,462,1045,4368,4368,373,2013,2386,11122
1234,153,4,157,2051,2208,474,378,455,929,4416,4416,321,2051,2372,11204
1235,161,10,171,1975,2146,559,361,455,1014,4292,4292,355,1975,2330,10914
1236,157,8,165,1995,2160,533,365,441,974,4320,4320,345,1995,2340,10980
1237,155,8,163,2008,2171,549,386,470,1019,4342,4342,343,2008,2351,11035
1238,157,11,168,2056,2224,572,368,445,1017,4448,4448,366,2056,2422,11318
1239,168,8,176,2131,2307,558,408,504,1062,4614,4614,366,2131,2497,11725
1240,144,12,156,1995,2151,542,389,491,1033,4302,4302,337,1995,2332,10936
1241,127,13,140,1996,2136,496,389,473,969,4272,4272,305,1996,2301,10845
1242,135,10,145,2052,2197,516,420,506,1022,4394,4394,314,2052,2366,11154
1243,148,11,159,1988,2147,564,384,464,1028,4294,4294,338,1988,2326,10914
1244,134,17,151,1924,2075,527,332,398,925,4150,4150,342,1924,2266,10566
1245,148,8,156,1989,2145,524,425,510,1034,4290,4290,327,1989,2316,10896
1246,164,11,175,2030,2205,597,404,478,1075,4410,4410,372,2030,2402,11222
1247,144,6,150,2091,2241,511,372,464,975,4482,4482,314,2091,2405,11369
1248,137,9,146,2044,2190,474,360,441,915,4380,4380,307,2044,2351,11111
1249,152,10,162,2011,2173,534,366,448,982,4346,4346,339,2011,2350,11042
1250,172,11,183,2046,2229,607,413,501,1108,4458,4458,387,2046,2433,11349
1251,158,4,162,2000,2162,515,359,435,950,4324,4324,330,2000,2330,10978
1252,156,15,171,1979,2150,608,384,482,1090,4300,4300,368,1979,2347,10947
1253,149,15,164,2032,2196,541,389,468,1009,4392,4392,354,2032,2386,11170
1254,138,16,154,2002,2156,540,381,462,1002,4312,4312,338,2002,2340,10964
1255,144,11,155,2046,2201,523,373,458,981,4402,4402,332,2046,2378,11182
1256,144,14,158,2073,2231,559,385,474,1033,4462,4462,342,2073,2415,11339
1257,161,5,166,2015,2181,570,393,468,1038,4362,4362,341,2015,2356,11080
1258,144,9,153,2015,2168,499,381,478,977,4336,4336,325,2015,2340,11012
1259,142,7,149,2001,2150,483,391,465,948,4300,4300,312,2001,2313,10913
1260,154,10,164,2060,2224,553,373,464,1017,4448,4448,345,2060,2405,11301
1261,154,5,159,2046,2205,496,379,465,961,4410,4410,331,2046,2377,11197
1262,143,9,152,2036,2188,498,399,488,986,4376,4376,325,2036,2361,11113
1263,158,11,169,2001,2170,546,366,438,984,4340,4340,356,2001,2357,11037
1264,136,6,142,2041,2183,504,397,484,988,4366,4366,296,2041,2337,11069
1265,151,8,159,2048,2207,551,365,435,986,4414,4414,335,2048,2383,11211
1266,135,18,153,2001,2154,558,383,459,1017,4308,4308,347,2001,2348,10964
1267,172,9,181,2028,2209,606,404,493,1099,4418,4418,378,2028,2406,11242
1268,159,7,166,2050,2216,521,379,443,964,4432,4432,345,2050,2395,11259
1269,139,9,148,2075,2223,504,415,513,1017,4446,4446,318,2075,2393,11285
1270,146,18,164,2108,2272,593,420,504,1097,4544,4544,367,2108,2475,11563
1271,150,14,164,2010,2174,560,384,464,1024,4348,4348,360,2010,2370,11066
1272,166,7,173,1990,2163,554,342,410,964,4326,4326,358,1990,2348,11000
1273,143,4,147,2132,2279,477,427,521,998,4558,4558,303,2132,2435,11551
1274,151,7,158,2021,2179,531,365,437,968,4358,4358,331,2021,2352,11068
1275,155,7,162,2013,2175,522,384,478,1000,4350,4350,339,2013,2352,11052
1276,183,9,192,2098,2290,634,391,478,1112,4580,4580,401,2098,2499,11659
1277,156,12,168,2009,2177,575,378,460,1035,4354,4354,358,2009,2367,11075
1278,176,10,186,2077,2263,620,380,465,1085,4526,4526,390,2077,2467,11519
1279,153,12,165,2002,2167,552,386,468,1020,4334,4334,350,2002,2352,11020
1280,154,7,161,2082,2243,518,394,508,1026,4486,4486,333,2082,2415,11387
1281,149,9,158,2024,2182,526,385,465,991,4364,4364,334,2024,2358,11086
1282,178,12,190,2047,2237,663,368,458,1121,4474,4474,400,2047,2447,11395
1283,148,12,160,2048,2208,563,386,455,1018,4416,4416,341,2048,2389,11221
1284,142,9,151,2061,2212,507,393,483,990,4424,4424,323,2061,2384,11232
1285,136,8,144,2013,2157,480,361,449,929,4314,4314,301,2013,2314,10942
1286,150,6,156,2044,2200,481,404,497,978,4400,4400,323,2044,2367,11167
1287,144,12,156,2007,2163,526,371,459,985,4326,4326,334,2007,2341,10993
1288,147,12,159,2087,2246,541,379,464,1005,4492,4492,337,2087,2424,11408
1289,145,12,157,2053,2210,511,370,456,967,4420,4420,335,2053,2388,11228
1290,154,8,162,1965,2127,533,379,463,996,4254,4254,335,1965,2300,10808
1291,151,10,161,1978,2139,548,369,446,994,4278,4278,346,1978,2324,10880
1292,141,9,150,2062,2212,521,390,477,998,4424,4424,315,2062,2377,11225
1293,156,8,164,2052,2216,543,387,469,1012,4432,4432,345,2052,2397,11261
1294,151,10,161,2016,2177,546,402,489,1035,4354,4354,340,2016,2356,11064
1295,159,11,170,1984,2154,592,356,436,1028,4308,4308,364,1984,2348,10964
1296,149,10,159,2044,2203,529,399,484,1013,4406,4406,337,2044,2381,11193
1297,151,9,160,2088,2248,531,388,474,1005,4496,4496,342,2088,2430,11422
1298,139,16,155,2029,2184,555,399,497,1052,4368,4368,340,2029,2369,11105
1299,160,6,166,2099,2265,574,383,463,1037,4530,4530,341,2099,2440,11500
1300,143,7,150,2095,2245,507,406,494,1001,4490,4490,320,2095,2415,11395
1301,154,17,171,2054,2225,611,374,466,1077,4450,4450,388,2054,2442,11342
1302,155,12,167,2036,2203,562,369,462,1024,4406,4406,361,2036,2397,11209
1303,157,16,173,1998,2171,606,374,460,1066,4342,4342,373,1998,2371,11055
1304,150,9,159,2027,2186,540,393,483,1023,4372,4372,337,2027,2364,11108
1305,163,8,171,2136,2307,595,417,508,1103,4614,4614,358,2136,2494,11722
1306,142,5,147,2076,2223,488,402,482,970,4446,4446,304,2076,2380,11272
1307,152,14,166,2060,2226,567,367,446,1013,4452,4452,359,2060,2419,11323
1308,154,8,162,2076,2238,522,386,480,1002,4476,4476,340,2076,2416,11368
1309,156,9,165,1952,2117,580,340,412,992,4234,4234,347,1952,2299,10767
1310,144,5,149,2060,2209,478,385,472,950,4418,4418,309,2060,2369,11205
1311,150,4,154,2147,2301,484,425,519,1003,4602,4602,319,2147,2466,11670
1312,138,7,145,2083,2228,521,391,498,1019,4456,4456,306,2083,2389,11301
1313,168,13,181,2049,2230,592,384,473,1065,4460,4460,384,2049,2433,11353
1314,138,8,146,2042,2188,501,368,447,948,4376,4376,306,2042,2348,11100
1315,147,7,154,1991,2145,493,359,437,930,4290,4290,322,1991,2313,10893
1316,154,13,167,2094,2261,556,417,499,1055,4522,4522,364,2094,2458,11502
1317,144,8,152,2058,2210,507,370,450,957,4420,4420,320,2058,2378,11218
1318,155,4,159,2156,2315,500,420,523,1023,4630,4630,323,2156,2479,11739
1319,127,9,136,2124,2260,464,416,496,960,4520,4520,292,2124,2416,11456
1320,144,8,152,2042,2194,497,379,465,962,4388,4388,318,2042,2360,11136
1321,133,15,148,2044,2192,515,397,479,994,4384,4384,322,2044,2366,11134
1322,177,6,183,1952,2135,565,383,469,1034,4270,4270,378,1952,2330,10870
1323,143,10,153,2053,2206,519,396,475,994,4412,4412,323,2053,2376,11200
1324,133,11,144,2125,2269,508,396,481,989,4538,4538,314,2125,2439,11515
1325,162,13,175,2024,2199,591,378,464,1055,4398,4398,377,2024,2401,11197
1326,155,9,164,1994,2158,538,383,466,1004,4316,4316,353,1994,2347,10979
1327,177,12,189,2068,2257,664,390,494,1158,4514,4514,403,2068,2471,11499
1328,157,10,167,2041,2208,600,382,470,1070,4416,4416,349,2041,2390,11222
1329,156,12,168,2001,2169,546,400,498,1044,4338,4338,357,2001,2358,11034
1330,144,11,155,2063,2218,518,389,480,998,4436,4436,325,2063,2388,11260
1331,151,10,161,2047,2208,553,389,479,1032,4416,4416,342,2047,2389,11221
1332,155,6,161,2003,2164,509,398,464,973,4328,4328,337,2003,2340,10996
1333,150,11,161,2000,2161,584,356,442,1026,4322,4322,351,2000,2351,10995
1334,163,11,174,2052,2226,563,392,487,1050,4452,4452,369,2052,2421,11325
1335,170,13,183,1960,2143,637,379,467,1104,4286,4286,392,1960,2352,10924
1336,165,10,175,2052,2227,591,390,457,1048,4454,4454,370,2052,2422,11330
1337,156,4,160,1998,2158,537,396,482,1019,4316,4316,325,1998,2323,10955
1338,140,11,151,2138,2289,496,392,484,980,4578,4578,327,2138,2465,11621
1339,168,5,173,2011,2184,548,399,505,1053,4368,4368,352,2011,2363,11099
1340,159,9,168,2086,2254,558,391,479,1037,4508,4508,354,2086,2440,11456
1341,163,10,173,1993,2166,582,403,486,1068,4332,4332,360,1993,2353,11017
1342,182,10,192,2025,2217,638,365,454,1092,4434,4434,407,2025,2432,11300
1343,169,8,177,1978,2155,573,387,478,1051,4310,4310,370,1978,2348,10968
1344,165,16,181,1994,2175,646,359,462,1108,4350,4350,392,1994,2386,11086
1345,143,6,149,2037,2186,510,409,517,1027,4372,4372,307,2037,2344,11088
1346,166,13,179,2044,2223,568,394,474,1042,4446,4446,383,2044,2427,11319
1347,147,10,157,2053,2210,507,429,520,1027,4420,4420,332,2053,2385,11225
1348,145,15,160,2071,2231,569,388,482,1051,4462,4462,349,2071,2420,11344
1349,166,4,170,2037,2207,560,391,472,1032,4414,4414,347,2037,2384,11212
1350,136,8,144,1979,2123,510,395,466,976,4246,4246,306,1979,2285,10777
1351,164,10,174,2147,2321,561,386,458,1019,4642,4642,361,2147,2508,11792
1352,152,10,162,2092,2254,552,361,448,1000,4508,4508,350,2092,2442,11458
1353,145,6,151,1943,2094,510,363,441,951,4188,4188,315,1943,2258,10634
1354,146,12,158,2042,2200,513,401,492,1005,4400,4400,342,2042,2384,11184
1355,176,10,186,1969,2155,587,391,480,1067,4310,4310,391,1969,2360,10980
1356,165,8,173,2057,2230,573,382,463,1036,4460,4460,365,2057,2422,11342
1357,144,9,153,2051,2204,509,389,463,972,4408,4408,327,2051,2378,11194
1358,158,10,168,2047,2215,594,394,489,1083,4430,4430,358,2047,2405,11265
1359,147,6,153,2078,2231,560,379,467,1027,4462,4462,317,2078,2395,11319
1360,140,12,152,1992,2144,519,373,440,959,4288,4288,328,1992,2320,10896
1361,149,9,158,2040,2198,540,421,524,1064,4396,4396,336,2040,2376,11168
1362,157,7,164,1992,2156,548,374,471,1019,4312,4312,344,1992,2336,10960
1363,122,8,130,1986,2116,428,400,485,913,4232,4232,271,1986,2257,10721
1364,151,13,164,1974,2138,555,363,441,996,4276,4276,358,1974,2332,10884
1365,143,11,154,2058,2212,505,390,491,996,4424,4424,327,2058,2385,11233
1366,152,15,167,2077,2244,597,395,480,1077,4488,4488,367,2077,2444,11420
1367,135,8,143,2032,2175,493,369,426,919,4350,4350,310,2032,2342,11042
1368,133,13,146,2027,2173,489,380,472,961,4346,4346,314,2027,2341,11033
1369,146,10,156,2128,2284,572,404,513,1085,4568,4568,339,2128,2467,11603
1370,136,12,148,2031,2179,498,354,439,937,4358,4358,320,2031,2351,11067
1371,152,7,159,2090,2249,543,410,512,1055,4498,4498,330,2090,2420,11416
1372,165,19,184,2047,2231,635,416,502,1137,4462,4462,408,2047,2455,11379
1373,158,10,168,1997,2165,570,369,436,1006,4330,4330,354,1997,2351,11011
1374,150,6,156,2020,2176,535,374,452,987,4352,4352,325,2020,2345,11049
1375,148,5,153,2028,2181,496,386,463,959,4362,4362,322,2028,2350,11074
1376,139,9,148,1981,2129,453,366,458,911,4258,4258,309,1981,2290,10806
1377,158,5,163,2022,2185,508,378,455,963,4370,4370,340,2022,2362,11102
1378,158,7,165,2038,2203,567,390,460,1027,4406,4406,344,2038,2382,11194
1379,157,13,170,2037,2207,606,390,490,1096,4414,4414,363,2037,2400,11228
1380,140,10,150,2000,2150,500,387,466,966,4300,4300,317,2000,2317,10917
1381,148,8,156,2072,2228,510,404,494,1004,4456,4456,329,2072,2401,11313
1382,148,11,159,2091,2250,517,410,494,1011,4500,4500,333,2091,2424,11424
1383,167,13,180,2018,2198,615,354,419,1034,4396,4396,384,2018,2402,11194
1384,141,9,150,2041,2191,540,393,485,1025,4382,4382,325,2041,2366,11130
1385,171,10,181,2054,2235,598,413,500,1098,4470,4470,381,2054,2435,11375
1386,132,10,142,2045,2187,480,368,450,930,4374,4374,304,2045,2349,11097
1387,174,8,182,2064,2246,624,377,450,1074,4492,4492,378,2064,2442,11426
1388,160,8,168,1962,2130,564,386,474,1038,4260,4260,347,1962,2309,10829
1389,144,6,150,1996,2146,506,381,477,983,4292,4292,313,1996,2309,10893
1390,160,12,172,2012,2184,558,395,483,1041,4368,4368,366,2012,2378,11114
1391,142,10,152,2012,2164,540,368,442,982,4328,4328,322,2012,2334,10990
1392,144,19,163,1996,2159,573,385,465,1038,4318,4318,369,1996,2365,11001
1393,140,16,156,2036,2192,543,430,515,1058,4384,4384,344,2036,2380,11148
1394,166,13,179,2049,2228,620,390,488,1108,4456,4456,386,2049,2435,11347
1395,155,9,164,2041,2205,555,367,438,993,4410,4410,345,2041,2386,11206
1396,165,13,178,2056,2234,604,368,453,1057,4468,4468,377,2056,2433,11369
1397,123,13,136,2054,2190,504,397,476,980,4380,4380,300,2054,2354,11114
1398,139,8,147,2055,2202,541,372,455,996,4404,4404,309,2055,2364,11172
1399,150,6,156,1955,2111,501,393,482,983,4222,4222,323,1955,2278,10722
1400,150,8,158,1989,2147,527,367,447,974,4294,4294,334,1989,2323,10911
1401,153,13,166,2019,2185,532,391,494,1026,4370,4370,355,2019,2374,11114
1402,144,13,157,2020,2177,529,379,462,991,4354,4354,339,2020,2359,11067
1403,150,10,160,2017,2177,544,392,479,1023,4354,4354,342,2017,2359,11067
1404,159,10,169,1988,2157,563,388,465,1028,4314,4314,363,1988,2351,10979
1405,151,12,163,2050,2213,564,386,483,1047,4426,4426,354,2050,2404,11256
1406,178,11,189,2127,2316,647,381,462,1109,4632,4632,397,2127,2524,11788
1407,146,10,156,2021,2177,523,386,457,980,4354,4354,335,2021,2356,11064
1408,173,11,184,2032,2216,635,393,469,1104,4432,4432,389,2032,2421,11285
1409,176,12,188,2017,2205,632,378,451,1083,4410,4410,399,2017,2416,11236
1410,149,11,160,2086,2246,534,412,500,1034,4492,4492,345,2086,2431,11415
1411,153,16,169,2028,2197,614,414,501,1115,4394,4394,371,2028,2399,11187
1412,161,7,168,2007,2175,525,359,450,975,4350,4350,354,2007,2361,11061
1413,153,15,168,1943,2111,554,382,458,1012,4222,4222,367,1943,2310,10754
1414,157,15,172,2033,2205,607,374,455,1062,4410,4410,367,2033,2400,11220
1415,159,14,173,2100,2273,616,377,457,1073,4546,4546,374,2100,2474,11566
1416,160,17,177,2031,2208,636,361,451,1087,4416,4416,385,2031,2416,11248
1417,147,11,158,2028,2186,515,384,455,970,4372,4372,335,2028,2363,11107
1418,147,8,155,2019,2174,524,397,494,1018,4348,4348,327,2019,2346,11042
1419,163,10,173,2028,2201,577,395,488,1065,4402,4402,364,2028,2392,11196
1420,143,12,155,2016,2171,501,406,502,1003,4342,4342,335,2016,2351,11035
1421,148,16,164,2053,2217,598,429,518,1116,4434,4434,363,2053,2416,11284
1422,188,12,200,2067,2267,635,398,491,1126,4534,4534,428,2067,2495,11563
1423,140,8,148,1981,2129,491,383,478,969,4258,4258,311,1981,2292,10808
1424,143,10,153,2040,2193,487,370,453,940,4386,4386,324,2040,2364,11136
1425,159,15,174,2025,2199,626,382,467,1093,4398,4398,378,2025,2403,11199
1426,146,7,153,2035,2188,491,407,492,983,4376,4376,324,2035,2359,11111
1427,162,8,170,1985,2155,549,370,445,994,4310,4310,357,1985,2342,10962
1428,124,13,137,2008,2145,460,410,499,959,4290,4290,294,2008,2302,10882
1429,150,14,164,2067,2231,533,393,481,1014,4462,4462,355,2067,2422,11346
1430,151,11,162,2014,2176,522,395,464,986,4352,4352,344,2014,2358,11062
1431,155,5,160,2055,2215,546,380,464,1010,4430,4430,331,2055,2386,11246
1432,157,20,177,2016,2193,618,395,477,1095,4386,4386,398,2016,2414,11186
1433,160,15,175,2038,2213,620,389,479,1099,4426,4426,376,2038,2414,11266
1434,157,13,170,1984,2154,578,368,443,1021,4308,4308,364,1984,2348,10964
1435,133,5,138,1897,2035,459,349,425,884,4070,4070,283,1897,2180,10320
1436,141,17,158,1956,2114,543,388,485,1028,4228,4228,349,1956,2305,10761
1437,170,11,181,2078,2259,583,362,448,1031,4518,4518,385,2078,2463,11499
1438,135,7,142,2001,2143,486,383,484,970,4286,4286,298,2001,2299,10871
1439,163,9,172,1996,2168,608,360,454,1062,4336,4336,365,1996,2361,11033
1440,179,9,188,1938,2126,636,388,476,1112,4252,4252,392,1938,2330,10834
1441,160,10,170,2039,2209,579,370,449,1028,4418,4418,368,2039,2407,11243
1442,160,10,170,2025,2195,580,375,457,1037,4390,4390,358,2025,2383,11163
1443,149,12,161,2072,2233,541,399,485,1026,4466,4466,343,2072,2415,11347
1444,161,11,172,2026,2198,569,359,439,1008,4396,4396,365,2026,2391,11183
1445,154,6,160,1984,2144,543,358,437,980,4288,4288,332,1984,2316,10892
1446,149,8,157,1968,2125,516,337,418,934,4250,4250,326,1968,2294,10794
1447,132,6,138,1955,2093,457,381,462,919,4186,4186,286,1955,2241,10613
1448,148,6,154,1990,2144,483,354,433,916,4288,4288,326,1990,2316,10892
1449,147,9,156,2081,2237,536,371,458,994,4474,4474,331,2081,2412,11360
1450,147,6,153,1968,2121,501,374,462,963,4242,4242,316,1968,2284,10768
1451,183,7,190,2085,2275,599,399,472,1071,4550,4550,390,2085,2475,11575
1452,155,11,166,2025,2191,554,372,440,994,4382,4382,359,2025,2384,11148
1453,152,8,160,1991,2151,530,368,451,981,4302,4302,336,1991,2327,10931
1454,138,11,149,2035,2184,501,375,453,954,4368,4368,318,2035,2353,11089
1455,161,7,168,2025,2193,570,392,474,1044,4386,4386,347,2025,2372,11144
1456,143,16,159,1934,2093,563,378,448,1011,4186,4186,352,1934,2286,10658
1457,141,16,157,2043,2200,543,383,460,1003,4400,4400,344,2043,2387,11187
1458,164,12,176,2034,2210,565,389,468,1033,4420,4420,379,2034,2413,11253
1459,153,14,167,2016,2183,541,361,436,977,4366,4366,361,2016,2377,11109
1460,150,10,160,2026,2186,558,363,446,1004,4372,4372,346,2026,2372,11116
1461,178,16,194,2099,2293,650,377,470,1120,4586,4586,415,2099,2514,11686
1462,150,10,160,2084,2244,541,381,456,997,4488,4488,337,2084,2421,11397
1463,157,6,163,2084,2247,496,394,484,980,4494,4494,338,2084,2422,11410
1464,150,13,163,1967,2130,571,352,453,1024,4260,4260,352,1967,2319,10839
1465,147,12,159,2083,2242,554,411,491,1045,4484,4484,341,2083,2424,11392
1466,142,11,153,2021,2174,535,393,493,1028,4348,4348,329,2021,2350,11046
1467,133,10,143,1985,2128,482,354,438,920,4256,4256,307,1985,2292,10804
1468,163,7,170,2074,2244,555,387,485,1040,4488,4488,353,2074,2427,11403
1469,143,8,151,2076,2227,518,393,491,1009,4454,4454,314,2076,2390,11298
1470,161,14,175,1998,2173,604,391,475,1079,4346,4346,375,1998,2373,11065
1471,151,13,164,2012,2176,542,402,495,1037,4352,4352,349,2012,2361,11065
1472,166,9,175,2025,2200,564,398,488,1052,4400,4400,370,2025,2395,11195
1473,168,11,179,2076,2255,612,399,483,1095,4510,4510,379,2076,2455,11475
1474,148,11,159,2005,2164,546,412,500,1046,4328,4328,343,2005,2348,11004
1475,147,5,152,1992,2144,499,385,477,976,4288,4288,314,1992,2306,10882
1476,155,13,168,1972,2140,646,403,501,1147,4280,4280,363,1972,2335,10895
1477,142,5,147,1962,2109,481,386,456,937,4218,4218,301,1962,2263,10699
1478,155,14,169,2108,2277,580,407,516,1096,4554,4554,366,2108,2474,11582
1479,159,16,175,2108,2283,652,388,470,1122,4566,4566,389,2108,2497,11629
1480,149,11,160,2038,2198,536,397,487,1023,4396,4396,338,2038,2376,11168
1481,156,11,167,2062,2229,537,404,488,1025,4458,4458,349,2062,2411,11327
1482,150,15,165,2004,2169,572,406,491,1063,4338,4338,358,2004,2362,11038
1483,143,6,149,2055,2204,473,359,424,897,4408,4408,309,2055,2364,11180
1484,142,11,153,2001,2154,490,425,538,1028,4308,4308,325,2001,2326,10942
1485,138,15,153,1984,2137,562,342,429,991,4274,4274,333,1984,2317,10865
1486,165,12,177,1937,2114,619,356,443,1062,4228,4228,381,1937,2318,10774
1487,160,7,167,2013,2180,575,367,455,1030,4360,4360,343,2013,2356,11076
1488,151,15,166,2064,2230,575,413,494,1069,4460,4460,358,2064,2422,11342
1489,150,6,156,2035,2191,525,393,479,1004,4382,4382,322,2035,2357,11121
1490,139,13,152,2060,2212,546,349,442,988,4424,4424,328,2060,2388,11236
1491,132,14,146,2032,2178,544,354,424,968,4356,4356,328,2032,2360,11072
1492,152,14,166,1984,2150,557,377,466,1023,4300,4300,362,1984,2346,10946
1493,141,13,154,1987,2141,530,413,503,1033,4282,4282,332,1987,2319,10883
1494,153,7,160,2045,2205,527,393,485,1012,4410,4410,330,2045,2375,11195
1495,156,11,167,2010,2177,571,369,442,1013,4354,4354,355,2010,2365,11073
1496,155,14,169,1953,2122,563,375,457,1020,4244,4244,376,1953,2329,10817
1497,156,10,166,2009,2175,573,353,422,995,4350,4350,355,2009,2364,11064
1498,138,17,155,2000,2155,579,389,472,1051,4310,4310,352,2000,2352,10972
1499,142,14,156,2046,2202,540,402,500,1040,4404,4404,339,2046,2385,11193
1500,152,13,165,2045,2210,585,406,496,1081,4420,4420,358,2045,2403,11243
1501,164,12,176,2040,2216,609,373,454,1063,4432,4432,372,2040,2412,11276
1502,160,16,176,2055,2231,624,404,494,1118,4462,4462,389,2055,2444,11368
1503,144,8,152,2025,2177,499,401,492,991,4354,4354,322,2025,2347,11055
1504,157,9,166,1928,2094,547,371,450,997,4188,4188,357,1928,2285,10661
1505,148,13,161,2082,2243,607,377,467,1074,4486,4486,354,2082,2436,11408
1506,174,11,185,1983,2168,611,395,482,1093,4336,4336,387,1983,2370,11042
1507,182,14,196,1962,2158,689,373,451,1140,4316,4316,418,1962,2380,11012
1508,153,9,162,1996,2158,520,397,464,984,4316,4316,340,1996,2336,10968
1509,174,6,180,2049,2229,589,414,499,1088,4458,4458,371,2049,2420,11336
1510,161,8,169,2097,2266,573,388,468,1041,4532,4532,356,2097,2453,11517
1511,143,11,154,1981,2135,582,396,496,1078,4270,4270,326,1981,2307,10847
1512,144,10,154,2104,2258,525,413,530,1055,4516,4516,333,2104,2437,11469
1513,163,11,174,2024,2198,618,384,464,1082,4396,4396,372,2024,2396,11188
1514,179,6,185,2140,2325,598,390,470,1068,4650,4650,381,2140,2521,11821
1515,152,9,161,2037,2198,547,387,496,1043,4396,4396,339,2037,2376,11168
1516,143,13,156,2050,2206,550,413,509,1059,4412,4412,342,2050,2392,11216
1517,168,10,178,2021,2199,618,394,478,1096,4398,4398,374,2021,2395,11191
1518,150,10,160,2018,2178,530,375,463,993,4356,4356,335,2018,2353,11065
1519,147,11,158,2168,2326,571,395,484,1055,4652,4652,337,2168,2505,11809
1520,159,8,167,2077,2244,567,378,453,1020,4488,4488,352,2077,2429,11405
1521,162,11,173,2025,2198,598,380,453,1051,4396,4396,362,2025,2387,11179
1522,159,13,172,1907,2079,601,376,453,1054,4158,4158,373,1907,2280,10596
1523,183,10,193,2084,2277,662,404,503,1165,4554,4554,415,2084,2499,11607
1524,147,9,156,2033,2189,542,366,445,987,4378,4378,328,2033,2361,11117
1525,147,3,150,2019,2169,460,382,466,926,4338,4338,308,2019,2327,11003
1526,151,11,162,2117,2279,549,384,464,1013,4558,4558,342,2117,2459,11575
1527,145,7,152,1958,2110,531,391,479,1010,4220,4220,318,1958,2276,10716
1528,138,8,146,1980,2126,502,374,453,955,4252,4252,308,1980,2288,10792
1529,139,14,153,2069,2222,510,379,455,965,4444,4444,333,2069,2402,11290
1530,152,13,165,2105,2270,533,407,509,1042,4540,4540,350,2105,2455,11535
1531,146,11,157,2160,2317,556,409,496,1052,4634,4634,332,2160,2492,11760
1532,161,10,171,1989,2160,574,338,416,990,4320,4320,357,1989,2346,10986
1533,158,14,172,2001,2173,599,386,450,1049,4346,4346,372,2001,2373,11065
1534,156,9,165,2075,2240,532,392,480,1012,4480,4480,348,2075,2423,11383
1535,153,10,163,2026,2189,540,399,506,1046,4378,4378,346,2026,2372,11128
1536,152,11,163,2020,2183,557,395,477,1034,4366,4366,347,2020,2367,11099
1537,176,16,192,2058,2250,687,396,503,1190,4500,4500,412,2058,2470,11470
1538,144,12,156,1999,2155,559,358,426,985,4310,4310,329,1999,2328,10948
1539,155,10,165,2047,2212,565,351,428,993,4424,4424,351,2047,2398,11246
1540,186,10,196,2092,2288,633,402,488,1121,4576,4576,411,2092,2503,11655
1541,171,10,181,2028,2209,633,386,475,1108,4418,4418,387,2028,2415,11251
1542,154,11,165,2084,2249,508,396,483,991,4498,4498,346,2084,2430,11426
1543,145,10,155,2086,2241,548,390,481,1029,4482,4482,334,2086,2420,11384
1544,149,11,160,2053,2213,568,390,481,1049,4426,4426,346,2053,2399,11251
1545,161,11,172,1993,2165,590,363,448,1038,4330,4330,373,1993,2366,11026
1546,159,7,166,1985,2151,525,360,427,952,4302,4302,353,1985,2338,10942
1547,151,9,160,2030,2190,512,360,437,949,4380,4380,339,2030,2369,11129
1548,160,5,165,1979,2144,526,350,432,958,4288,4288,342,1979,2321,10897
1549,161,8,169,2079,2248,566,417,508,1074,4496,4496,357,2079,2436,11428
1550,155,6,161,1973,2134,558,382,461,1019,4268,4268,337,1973,2310,10846
1551,150,9,159,1986,2145,525,375,461,986,4290,4290,330,1986,2316,10896
1552,143,5,148,2061,2209,489,390,489,978,4418,4418,309,2061,2370,11206
1553,152,11,163,2031,2194,543,392,473,1016,4388,4388,344,2031,2375,11151
1554,163,9,172,2040,2212,588,388,468,1056,4424,4424,367,2040,2407,11255
1555,160,10,170,1954,2124,565,407,490,1055,4248,4248,365,1954,2319,10815
1556,152,7,159,2043,2202,524,392,484,1008,4404,4404,333,2043,2376,11184
1557,134,10,144,2056,2200,519,415,512,1031,4400,4400,307,2056,2363,11163
1558,147,7,154,2094,2248,544,415,507,1051,4496,4496,325,2094,2419,11411
1559,158,13,171,1996,2167,595,392,478,1073,4334,4334,369,1996,2365,11033
1560,157,7,164,2028,2192,553,337,418,971,4384,4384,347,2028,2375,11143
1561,165,7,172,1975,2147,583,373,466,1049,4294,4294,354,1975,2329,10917
1562,153,7,160,2043,2203,561,427,513,1074,4406,4406,330,2043,2373,11185
1563,139,8,147,2072,2219,457,421,510,967,4438,4438,312,2072,2384,11260
1564,149,11,160,2050,2210,552,389,465,1017,4420,4420,341,2050,2391,11231
1565,154,12,166,2071,2237,551,369,465,1016,4474,4474,354,2071,2425,11373
1566,162,7,169,1992,2161,527,369,456,983,4322,4322,349,1992,2341,10985
1567,143,8,151,2030,2181,508,386,475,983,4362,4362,316,2030,2346,11070
1568,164,8,172,2053,2225,604,395,488,1092,4450,4450,360,2053,2413,11313
1569,167,8,175,2003,2178,606,371,443,1049,4356,4356,364,2003,2367,11079
1570,142,9,151,2060,2211,540,391,473,1013,4422,4422,321,2060,2381,11225
1571,150,14,164,1998,2162,549,391,467,1016,4324,4324,357,1998,2355,11003
1572,153,9,162,2011,2173,538,396,487,1025,4346,4346,343,2011,2354,11046
1573,160,18,178,2024,2202,604,386,477,1081,4404,4404,391,2024,2415,11223
1574,167,7,174,2051,2225,581,357,435,1016,4450,4450,362,2051,2413,11313
1575,149,12,161,2055,2216,566,340,419,985,4432,4432,348,2055,2403,11267
1576,163,9,172,1970,2142,572,377,464,1036,4284,4284,362,1970,2332,10900
1577,152,7,159,2059,2218,542,398,496,1038,4436,4436,330,2059,2389,11261
1578,170,7,177,2037,2214,616,392,482,1098,4428,4428,370,2037,2407,11263
1579,172,10,182,2024,2206,600,381,460,1060,4412,4412,384,2024,2408,11232
1580,152,8,160,2013,2173,550,364,439,989,4346,4346,339,2013,2352,11044
1581,174,9,183,2088,2271,626,410,491,1117,4542,4542,386,2088,2474,11558
1582,141,13,154,2064,2218,522,389,473,995,4436,4436,330,2064,2394,11266
1583,153,8,161,2006,2167,541,417,510,1051,4334,4334,339,2006,2345,11013
1584,147,11,158,2102,2260,565,402,485,1050,4520,4520,341,2102,2443,11483
1585,151,6,157,2035,2192,492,374,468,960,4384,4384,323,2035,2358,11126
1586,125,10,135,2037,2172,453,426,521,974,4344,4344,288,2037,2325,11013
1587,150,16,166,1995,2161,619,393,488,1107,4322,4322,370,1995,2365,11009
1588,149,16,165,2058,2223,574,411,491,1065,4446,4446,368,2058,2426,11318
1589,146,10,156,1994,2150,531,362,443,974,4300,4300,334,1994,2328,10928
1590,143,14,157,2040,2197,527,373,461,988,4394,4394,342,2040,2382,11170
1591,161,12,173,2068,2241,602,440,536,1138,4482,4482,367,2068,2435,11399
1592,163,12,175,2034,2209,553,384,469,1022,4418,4418,369,2034,2403,11239
1593,166,15,181,2055,2236,616,391,488,1104,4472,4472,387,2055,2442,11386
1594,153,8,161,2076,2237,523,417,519,1042,4474,4474,344,2076,2420,11368
1595,138,9,147,1999,2146,470,368,436,906,4292,4292,317,1999,2316,10900
1596,148,12,160,2089,2249,576,382,472,1048,4498,4498,340,2089,2429,11425
1597,162,6,168,2076,2244,570,434,539,1109,4488,4488,352,2076,2428,11404
1598,158,13,171,2098,2269,585,391,473,1058,4538,4538,367,2098,2465,11541
1599,145,11,156,1992,2148,538,392,479,1017,4296,4296,332,1992,2324,10916
1600,152,10,162,1980,2142,547,413,503,1050,4284,4284,342,1980,2322,10890
1601,173,8,181,2050,2231,620,377,448,1068,4462,4462,376,2050,2426,11350
1602,172,12,184,2067,2251,653,375,437,1090,4502,4502,399,2067,2466,11470
1603,147,9,156,2057,2213,530,395,485,1015,4426,4426,331,2057,2388,11240
1604,157,8,165,2046,2211,578,384,467,1045,4422,4422,345,2046,2391,11235
1605,146,7,153,1993,2146,508,366,436,944,4292,4292,324,1993,2317,10901
1606,163,13,176,1942,2118,594,373,448,1042,4236,4236,377,1942,2319,10791
1607,164,9,173,2071,2244,555,365,440,995,4488,4488,362,2071,2433,11409
1608,145,17,162,2051,2213,612,416,500,1112,4426,4426,359,2051,2410,11262
1609,146,15,161,2034,2195,545,417,524,1069,4390,4390,348,2034,2382,11162
1610,151,9,160,2042,2202,550,388,477,1027,4404,4404,346,2042,2388,11196
1611,141,12,153,2027,2180,518,388,479,997,4360,4360,330,2027,2357,11077
1612,156,10,166,1977,2143,604,367,437,1041,4286,4286,354,1977,2331,10903
1613,154,12,166,2097,2263,565,397,486,1051,4526,4526,354,2097,2451,11503
1614,151,17,168,2055,2223,601,372,463,1064,4446,4446,373,2055,2428,11320
1615,149,9,158,2050,2208,508,389,467,975,4416,4416,336,2050,2386,11218
1616,130,12,142,2017,2159,502,405,495,997,4318,4318,310,2017,2327,10963
1617,148,15,163,1993,2156,587,391,478,1065,4312,4312,351,1993,2344,10968
1618,136,9,145,2025,2170,488,393,475,963,4340,4340,309,2025,2334,11014
1619,158,15,173,2040,2213,603,380,465,1068,4426,4426,371,2040,2411,11263
1620,158,10,168,2018,2186,564,385,474,1038,4372,4372,353,2018,2371,11115
1621,148,7,155,2071,2226,528,378,455,983,4452,4452,325,2071,2396,11300
1622,148,11,159,2054,2213,516,409,503,1019,4426,4426,337,2054,2391,11243
1623,164,7,171,2055,2226,554,405,498,1052,4452,4452,354,2055,2409,11313
1624,153,10,163,2018,2181,533,392,492,1025,4362,4362,341,2018,2359,11083
1625,156,6,162,2021,2183,526,391,470,996,4366,4366,343,2021,2364,11096
1626,170,7,177,2093,2270,573,370,438,1011,4540,4540,365,2093,2458,11538
1627,156,11,167,2033,2200,579,385,472,1051,4400,4400,350,2033,2383,11183
1628,155,12,167,2049,2216,591,361,442,1033,4432,4432,356,2049,2405,11269
1629,140,6,146,2006,2152,451,375,449,900,4304,4304,303,2006,2309,10917
1630,152,11,163,2073,2236,540,399,484,1024,4472,4472,350,2073,2423,11367
1631,161,14,175,2046,2221,613,379,464,1077,4442,4442,380,2046,2426,11310
1632,158,10,168,2123,2291,593,393,492,1085,4582,4582,360,2123,2483,11647
1633,131,10,141,1941,2082,491,341,424,915,4164,4164,300,1941,2241,10569
1634,139,8,147,2048,2195,484,364,451,935,4390,4390,315,2048,2363,11143
1635,157,5,162,2002,2164,529,363,435,964,4328,4328,339,2002,2341,10997
1636,152,11,163,2067,2230,558,408,491,1049,4460,4460,348,2067,2415,11335
1637,154,8,162,2093,2255,536,426,508,1044,4510,4510,336,2093,2429,11449
1638,162,10,172,1968,2140,595,365,455,1050,4280,4280,365,1968,2333,10893
1639,163,4,167,2070,2237,534,378,464,998,4474,4474,341,2070,2411,11359
1640,146,12,158,2074,2232,551,403,501,1052,4464,4464,337,2074,2411,11339
1641,159,13,172,2048,2220,615,376,451,1066,4440,4440,372,2048,2420,11300
1642,133,13,146,2068,2214,488,394,480,968,4428,4428,318,2068,2386,11242
1643,151,15,166,2007,2173,595,422,513,1108,4346,4346,366,2007,2373,11065
1644,142,11,153,1989,2142,519,398,476,995,4284,4284,323,1989,2312,10880
1645,153,14,167,2129,2296,581,450,538,1119,4592,4592,365,2129,2494,11678
1646,153,10,163,2057,2220,554,410,491,1045,4440,4440,341,2057,2398,11278
1647,167,14,181,2166,2347,609,395,477,1086,4694,4694,390,2166,2556,11944
1648,155,16,171,2071,2242,608,376,463,1071,4484,4484,376,2071,2447,11415
1649,163,8,171,1973,2144,571,370,467,1038,4288,4288,360,1973,2333,10909
1650,155,16,171,1998,2169,621,390,464,1085,4338,4338,372,1998,2370,11046
1651,143,12,155,2078,2233,562,398,464,1026,4466,4466,334,2078,2412,11344
1652,184,16,200,2082,2282,688,367,447,1135,4564,4564,435,2082,2517,11645
1653,153,8,161,2016,2177,531,374,462,993,4354,4354,331,2016,2347,11055
1654,163,12,175,2015,2190,609,380,467,1076,4380,4380,371,2015,2386,11146
1655,149,10,159,2060,2219,550,377,472,1022,4438,4438,333,2060,2393,11269
1656,183,11,194,2059,2253,683,407,496,1179,4506,4506,411,2059,2470,11482
1657,135,10,145,2054,2199,546,410,501,1047,4398,4398,310,2054,2364,11160
1658,142,3,145,2051,2196,483,405,474,957,4392,4392,296,2051,2347,11131
1659,140,7,147,2024,2171,494,370,434,928,4342,4342,312,2024,2336,11020
1660,175,6,181,2033,2214,611,389,473,1084,4428,4428,375,2033,2408,11264
1661,151,5,156,1986,2142,525,382,474,999,4284,4284,319,1986,2305,10873
1662,174,16,190,2002,2192,635,376,462,1097,4384,4384,409,2002,2411,11179
1663,157,12,169,1945,2114,590,368,464,1054,4228,4228,359,1945,2304,10760
1664,149,14,163,2018,2181,552,363,444,996,4362,4362,354,2018,2372,11096
1665,159,12,171,2101,2272,551,412,509,1060,4544,4544,363,2101,2464,11552
1666,143,6,149,2023,2172,494,394,473,967,4344,4344,316,2023,2339,11027
1667,147,8,155,2102,2257,489,408,512,1001,4514,4514,328,2102,2430,11458
1668,156,6,162,2030,2192,525,368,457,982,4384,4384,331,2030,2361,11129
1669,164,12,176,1977,2153,642,365,446,1088,4306,4306,377,1977,2354,10966
1670,155,9,164,2036,2200,541,360,452,993,4400,4400,343,2036,2379,11179
1671,157,11,168,2026,2194,587,393,489,1076,4388,4388,359,2026,2385,11161
1672,149,14,163,2044,2207,555,373,463,1018,4414,4414,356,2044,2400,11228
1673,131,12,143,2093,2236,526,383,477,1003,4472,4472,304,2093,2397,11341
1674,163,9,172,2020,2192,578,335,399,977,4384,4384,361,2020,2381,11149
1675,149,9,158,2153,2311,522,406,477,999,4622,4622,336,2153,2489,11733
1676,134,9,143,2000,2143,462,378,462,924,4286,4286,308,2000,2308,10880
1677,141,13,154,1999,2153,529,380,452,981,4306,4306,334,1999,2333,10945
1678,128,11,139,2047,2186,454,380,447,901,4372,4372,299,2047,2346,11090
1679,136,10,146,2090,2236,496,425,505,1001,4472,4472,314,2090,2404,11348
1680,142,13,155,2027,2182,524,379,472,996,4364,4364,330,2027,2357,11085
1681,163,11,174,2039,2213,601,382,449,1050,4426,4426,369,2039,2408,11260
1682,185,12,197,2025,2222,651,373,456,1107,4444,4444,415,2025,2440,11328
1683,143,8,151,2051,2202,503,373,458,961,4404,4404,320,2051,2371,11179
1684,162,5,167,1993,2160,504,400,482,986,4320,4320,342,1993,2335,10975
1685,158,9,167,2026,2193,558,390,472,1030,4386,4386,351,2026,2377,11149
1686,146,8,154,2046,2200,527,391,480,1007,4400,4400,323,2046,2369,11169
1687,138,12,150,1957,2107,473,364,450,923,4214,4214,316,1957,2273,10701
1688,142,15,157,2060,2217,551,408,500,1051,4434,4434,346,2060,2406,11274
1689,160,14,174,2026,2200,594,397,484,1078,4400,4400,375,2026,2401,11201
1690,154,11,165,2057,2222,588,388,489,1077,4444,4444,359,2057,2416,11304
1691,157,8,165,1943,2108,521,374,467,988,4216,4216,341,1943,2284,10716
1692,130,9,139,2052,2191,499,421,521,1020,4382,4382,297,2052,2349,11113
1693,158,6,164,2035,2199,549,418,500,1049,4398,4398,340,2035,2375,11171
1694,156,7,163,2108,2271,553,381,477,1030,4542,4542,342,2108,2450,11534
1695,140,4,144,2019,2163,469,380,470,939,4326,4326,298,2019,2317,10969
1696,163,12,175,2141,2316,565,397,476,1041,4632,4632,366,2141,2507,11771
1697,150,9,159,1988,2147,568,377,466,1034,4294,4294,336,1988,2324,10912
1698,154,12,166,1954,2120,573,370,436,1009,4240,4240,352,1954,2306,10786
1699,158,13,171,1930,2101,567,374,462,1029,4202,4202,365,1930,2295,10699
1700,165,10,175,2129,2304,598,420,503,1101,4608,4608,370,2129,2499,11715
1701,134,6,140,2007,2147,445,375,450,895,4294,4294,292,2007,2299,10887
1702,162,9,171,1982,2153,574,379,458,1032,4306,4306,362,1982,2344,10956
1703,168,11,179,2028,2207,615,370,451,1066,4414,4414,377,2028,2405,11233
1704,145,5,150,2070,2220,498,391,489,987,4440,4440,313,2070,2383,11263
1705,153,15,168,1968,2136,550,362,441,991,4272,4272,367,1968,2335,10879
1706,147,10,157,1993,2150,602,382,463,1065,4300,4300,337,1993,2330,10930
1707,156,8,164,2044,2208,542,349,420,962,4416,4416,339,2044,2383,11215
1708,150,15,165,2050,2215,557,367,438,995,4430,4430,358,2050,2408,11268
1709,156,9,165,1998,2163,524,416,500,1024,4326,4326,348,1998,2346,10998
1710,150,11,161,2066,2227,545,389,463,1008,4454,4454,343,2066,2409,11317
1711,153,9,162,2029,2191,558,362,436,994,4382,4382,340,2029,2369,11133
1712,140,8,148,2062,2210,495,398,482,977,4420,4420,312,2062,2374,11214
1713,160,12,172,2083,2255,578,379,461,1039,4510,4510,363,2083,2446,11466
1714,152,14,166,2054,2220,573,386,473,1046,4440,4440,352,2054,2406,11286
1715,162,11,173,2071,2244,581,384,470,1051,4488,4488,368,2071,2439,11415
1716,142,6,148,2001,2149,495,359,444,939,4298,4298,306,2001,2307,10903
1717,178,12,190,2024,2214,625,369,458,1083,4428,4428,399,2024,2423,11279
1718,154,5,159,2065,2224,578,422,517,1095,4448,4448,329,2065,2394,11290
1719,150,15,165,2078,2243,544,386,459,1003,4486,4486,359,2078,2437,11409
1720,135,13,148,2032,2180,525,382,450,975,4360,4360,316,2032,2348,11068
1721,144,13,157,2011,2168,585,378,468,1053,4336,4336,344,2011,2355,11027
1722,139,11,150,1984,2134,508,358,432,940,4268,4268,326,1984,2310,10846
1723,149,15,164,1964,2128,521,398,498,1019,4256,4256,348,1964,2312,10824
1724,144,10,154,2113,2267,495,393,483,978,4534,4534,322,2113,2435,11503
1725,162,7,169,2028,2197,546,391,472,1018,4394,4394,350,2028,2378,11166
1726,140,13,153,2037,2190,512,403,492,1004,4380,4380,330,2037,2367,11127
1727,141,11,152,1975,2127,547,394,470,1017,4254,4254,326,1975,2301,10809
1728,169,6,175,2065,2240,572,354,423,995,4480,4480,362,2065,2427,11387
1729,175,14,189,2060,2249,635,393,471,1106,4498,4498,402,2060,2462,11458
1730,139,5,144,2143,2287,480,402,492,972,4574,4574,300,2143,2443,11591
1731,144,13,157,2061,2218,551,392,478,1029,4436,4436,341,2061,2402,11274
1732,156,17,173,1968,2141,652,363,444,1096,4282,4282,383,1968,2351,10915
1733,159,11,170,2017,2187,600,365,456,1056,4374,4374,360,2017,2377,11125
1734,141,7,148,2053,2201,497,388,483,980,4402,4402,314,2053,2367,11171
1735,158,9,167,2080,2247,555,387,481,1036,4494,4494,348,2080,2428,11416
1736,159,12,171,2028,2199,567,356,446,1013,4398,4398,367,2028,2395,11191
1737,139,5,144,2034,2178,488,381,466,954,4356,4356,300,2034,2334,11046
1738,159,8,167,2007,2174,568,396,481,1049,4348,4348,351,2007,2358,11054
1739,167,5,172,2022,2194,548,377,464,1012,4388,4388,355,2022,2377,11153
1740,155,15,170,2058,2228,605,388,471,1076,4456,4456,366,2058,2424,11336
1741,145,10,155,1985,2140,550,391,471,1021,4280,4280,338,1985,2323,10883
1742,148,9,157,1994,2151,550,372,449,999,4302,4302,333,1994,2327,10931
1743,144,10,154,2064,2218,517,376,460,977,4436,4436,332,2064,2396,11268
1744,182,11,193,2078,2271,645,419,515,1160,4542,4542,408,2078,2486,11570
1745,147,11,158,2068,2226,554,401,506,1060,4452,4452,331,2068,2399,11303
1746,140,12,152,2072,2224,504,385,478,982,4448,4448,329,2072,2401,11297
1747,154,8,162,1987,2149,553,397,496,1049,4298,4298,337,1987,2324,10920
1748,144,5,149,2044,2193,460,422,512,972,4386,4386,309,2044,2353,11125
1749,121,9,130,2101,2231,426,415,512,938,4462,4462,280,2101,2381,11305
1750,146,11,157,2007,2164,519,368,450,969,4328,4328,336,2007,2343,10999
1751,145,11,156,2019,2175,513,385,465,978,4350,4350,334,2019,2353,11053
1752,174,9,183,2051,2234,599,388,466,1065,4468,4468,384,2051,2435,11371
1753,168,17,185,2109,2294,641,383,475,1116,4588,4588,404,2109,2513,11689
1754,131,15,146,2038,2184,494,370,463,957,4368,4368,320,2038,2358,11094
1755,159,14,173,2068,2241,613,404,501,1114,4482,4482,373,2068,2441,11405
1756,166,12,178,2056,2234,589,396,483,1072,4468,4468,374,2056,2430,11366
1757,143,16,159,2015,2174,546,378,460,1006,4348,4348,348,2015,2363,11059
1758,143,10,153,1971,2124,523,361,434,957,4248,4248,319,1971,2290,10786
1759,156,8,164,2151,2315,548,403,491,1039,4630,4630,343,2151,2494,11754
1760,162,13,175,2077,2252,600,410,495,1095,4504,4504,375,2077,2452,11460
1761,166,10,176,2052,2228,571,389,460,1031,4456,4456,375,2052,2427,11339
1762,171,9,180,2058,2238,556,399,501,1057,4476,4476,373,2058,2431,11383
1763,165,13,178,2017,2195,644,399,503,1147,4390,4390,380,2017,2397,11177
1764,155,14,169,2009,2178,549,357,426,975,4356,4356,363,2009,2372,11084
1765,158,7,165,2028,2193,569,381,450,1019,4386,4386,349,2028,2377,11149
1766,162,8,170,2087,2257,566,413,511,1077,4514,4514,350,2087,2437,11465
1767,148,6,154,2059,2213,485,372,465,950,4426,4426,323,2059,2382,11234
1768,163,12,175,1970,2145,592,385,461,1053,4290,4290,377,1970,2347,10927
1769,141,11,152,2045,2197,537,355,432,969,4394,4394,321,2045,2366,11154
1770,151,19,170,2015,2185,607,360,423,1030,4370,4370,376,2015,2391,11131
1771,148,12,160,2024,2184,566,377,453,1019,4368,4368,345,2024,2369,11105
1772,158,19,177,2001,2178,600,373,459,1059,4356,4356,388,2001,2389,11101
1773,157,9,166,2039,2205,548,391,479,1027,4410,4410,351,2039,2390,11210
1774,142,14,156,2003,2159,501,404,493,994,4318,4318,344,2003,2347,10983
1775,159,6,165,1931,2096,533,374,454,987,4192,4192,340,1931,2271,10655
1776,152,15,167,2063,2230,609,401,481,1090,4460,4460,365,2063,2428,11348
1777,144,8,152,2098,2250,561,395,477,1038,4500,4500,322,2098,2420,11420
1778,140,3,143,1951,2094,456,364,444,900,4188,4188,291,1951,2242,10618
1779,165,14,179,2094,2273,625,403,493,1118,4546,4546,381,2094,2475,11567
1780,155,10,165,2005,2170,541,382,462,1003,4340,4340,350,2005,2355,11035
1781,174,11,185,2065,2250,613,439,537,1150,4500,4500,389,2065,2454,11454
1782,162,15,177,2023,2200,569,403,489,1058,4400,4400,377,2023,2400,11200
1783,165,14,179,1978,2157,593,386,470,1063,4314,4314,389,1978,2367,10995
1784,154,10,164,2046,2210,580,362,421,1001,4420,4420,353,2046,2399,11239
1785,150,8,158,2000,2158,517,383,475,992,4316,4316,334,2000,2334,10966
1786,157,5,162,2114,2276,555,397,473,1028,4552,4552,334,2114,2448,11552
1787,154,7,161,1957,2118,552,380,471,1023,4236,4236,336,1957,2293,10765
1788,169,9,178,2100,2278,588,418,525,1113,4556,4556,371,2100,2471,11583
1789,153,10,163,1983,2146,553,348,408,961,4292,4292,345,1983,2328,10912
1790,145,13,158,2087,2245,511,398,482,993,4490,4490,343,2087,2430,11410
1791,160,8,168,2063,2231,535,406,495,1030,4462,4462,348,2063,2411,11335
1792,156,13,169,2024,2193,605,410,497,1102,4386,4386,361,2024,2385,11157
1793,143,8,151,2014,2165,505,372,464,969,4330,4330,315,2014,2329,10989
1794,152,8,160,2006,2166,551,355,434,985,4332,4332,338,2006,2344,11008
1795,157,12,169,2029,2198,568,393,490,1058,4396,4396,359,2029,2388,11180
1796,158,15,173,2037,2210,600,364,450,1050,4420,4420,368,2037,2405,11245
1797,169,6,175,2036,2211,596,399,492,1088,4422,4422,360,2036,2396,11240
1798,158,7,165,2079,2244,560,395,487,1047,4488,4488,350,2079,2429,11405
1799,168,6,174,2022,2196,602,412,506,1108,4392,4392,361,2022,2383,11167
1800,145,13,158,1972,2130,512,382,469,981,4260,4260,335,1972,2307,10827
1801,168,10,178,2053,2231,607,397,479,1086,4462,4462,378,2053,2431,11355
1802,147,9,156,2074,2230,535,421,519,1054,4460,4460,332,2074,2406,11326
1803,143,11,154,2098,2252,493,395,488,981,4504,4504,326,2098,2424,11432
1804,136,7,143,2167,2310,492,433,530,1022,4620,4620,296,2167,2463,11703
1805,131,5,136,2091,2227,438,402,520,958,4454,4454,283,2091,2374,11282
1806,141,6,147,2054,2201,500,409,507,1007,4402,4402,303,2054,2357,11161
1807,164,13,177,1992,2169,633,354,425,1058,4338,4338,382,1992,2374,11050
1808,136,14,150,2041,2191,553,351,431,984,4382,4382,324,2041,2365,11129
1809,158,7,165,2019,2184,557,375,460,1017,4368,4368,343,2019,2362,11098
1810,153,8,161,1988,2149,546,366,458,1004,4298,4298,335,1988,2323,10919
1811,135,17,152,1997,2149,554,386,478,1032,4298,4298,340,1997,2337,10933
1812,145,15,160,2031,2191,563,393,466,1029,4382,4382,348,2031,2379,11143
1813,177,8,185,2065,2250,589,385,468,1057,4500,4500,389,2065,2454,11454
1814,145,6,151,2030,2181,487,339,421,908,4362,4362,318,2030,2348,11072
1815,141,14,155,1994,2149,546,370,462,1008,4298,4298,338,1994,2332,10928
1816,186,13,199,1970,2169,656,355,430,1086,4338,4338,424,1970,2394,11070
1817,132,7,139,2027,2166,478,395,481,959,4332,4332,292,2027,2319,10983
1818,166,6,172,1992,2164,535,395,485,1020,4328,4328,352,1992,2344,11000
1819,137,12,149,2059,2208,468,410,520,988,4416,4416,318,2059,2377,11209
1820,152,10,162,2099,2261,539,408,499,1038,4522,4522,343,2099,2442,11486
1821,151,17,168,1981,2149,583,381,465,1048,4298,4298,377,1981,2358,10954
1822,143,12,155,2097,2252,547,410,503,1050,4504,4504,334,2097,2431,11439
1823,148,12,160,1981,2141,508,347,421,929,4282,4282,344,1981,2325,10889
1824,157,13,170,2050,2220,569,385,472,1041,4440,4440,361,2050,2411,11291
1825,146,9,155,1906,2061,497,392,473,970,4122,4122,328,1906,2234,10478
1826,131,10,141,1981,2122,497,377,448,945,4244,4244,312,1981,2293,10781
1827,145,6,151,2005,2156,498,357,426,924,4312,4312,311,2005,2316,10940
1828,134,12,146,1990,2136,526,394,486,1012,4272,4272,316,1990,2306,10850
1829,173,10,183,2057,2240,607,387,473,1080,4480,4480,385,2057,2442,11402
1830,143,6,149,2020,2169,448,375,456,904,4338,4338,308,2020,2328,11004
1831,134,12,146,2058,2204,517,397,473,990,4408,4408,312,2058,2370,11186
1832,167,9,176,2034,2210,631,397,483,1114,4420,4420,363,2034,2397,11237
1833,138,7,145,2056,2201,494,401,476,970,4402,4402,309,2056,2365,11169
1834,162,10,172,2049,2221,580,369,453,1033,4442,4442,369,2049,2418,11302
1835,151,9,160,2042,2202,522,414,499,1021,4404,4404,340,2042,2382,11190
1836,143,6,149,1999,2148,537,364,441,978,4296,4296,307,1999,2306,10898
1837,127,11,138,2112,2250,506,414,510,1016,4500,4500,300,2112,2412,11412
1838,133,8,141,2046,2187,457,396,488,945,4374,4374,302,2046,2348,11096
1839,146,10,156,1964,2120,515,369,456,971,4240,4240,331,1964,2295,10775
1840,163,6,169,2070,2239,585,359,426,1011,4478,4478,347,2070,2417,11373
1841,155,9,164,2008,2172,573,414,508,1081,4344,4344,354,2008,2362,11050
1842,128,6,134,1990,2124,461,368,431,892,4248,4248,281,1990,2271,10767
1843,144,6,150,2097,2247,454,417,500,954,4494,4494,313,2097,2410,11398
1844,154,10,164,2052,2216,553,406,484,1037,4432,4432,352,2052,2404,11268
1845,145,14,159,2039,2198,549,371,472,1021,4396,4396,344,2039,2383,11175
1846,142,5,147,2071,2218,469,375,456,925,4436,4436,304,2071,2375,11247
1847,139,8,147,1969,2116,496,355,432,928,4232,4232,309,1969,2278,10742
1848,161,8,169,1995,2164,556,388,469,1025,4328,4328,358,1995,2353,11009
1849,140,11,151,2028,2179,528,365,434,962,4358,4358,323,2028,2351,11067
1850,160,13,173,2024,2197,571,385,462,1033,4394,4394,372,2024,2396,11184
1851,163,14,177,2012,2189,590,395,489,1079,4378,4378,380,2012,2392,11148
1852,165,10,175,2072,2247,589,379,461,1050,4494,4494,364,2072,2436,11424
1853,162,5,167,1966,2133,597,377,450,1047,4266,4266,348,1966,2314,10846
1854,127,8,135,2052,2187,470,403,485,955,4374,4374,292,2052,2344,11092
1855,155,13,168,1916,2084,573,372,453,1026,4168,4168,367,1916,2283,10619
1856,160,11,171,2089,2260,575,403,496,1071,4520,4520,361,2089,2450,11490
1857,135,15,150,2071,2221,556,402,493,1049,4442,4442,328,2071,2399,11283
1858,155,9,164,2075,2239,555,403,475,1030,4478,4478,346,2075,2421,11377
1859,153,13,166,1999,2165,590,406,511,1101,4330,4330,363,1999,2362,11022
1860,162,10,172,1996,2168,588,354,439,1027,4336,4336,366,1996,2362,11034
1861,163,10,173,2019,2192,603,408,504,1107,4384,4384,360,2019,2379,11147
1862,163,14,177,2064,2241,627,392,487,1114,4482,4482,384,2064,2448,11412
1863,147,10,157,1997,2154,540,381,466,1006,4308,4308,332,1997,2329,10945
1864,141,11,152,2068,2220,518,374,449,967,4440,4440,328,2068,2396,11276
1865,144,6,150,2016,2166,520,423,496,1016,4332,4332,311,2016,2327,10991
1866,131,13,144,2124,2268,478,409,498,976,4536,4536,314,2124,2438,11510
1867,145,9,154,2051,2205,509,372,446,955,4410,4410,323,2051,2374,11194
1868,154,15,169,2007,2176,623,397,474,1097,4352,4352,371,2007,2378,11082
1869,160,8,168,2008,2176,560,359,439,999,4352,4352,354,2008,2362,11066
1870,164,7,171,2006,2177,600,379,462,1062,4354,4354,354,2006,2360,11068
1871,158,8,166,2070,2236,556,418,506,1062,4472,4472,349,2070,2419,11363
1872,142,11,153,1989,2142,542,380,470,1012,4284,4284,331,1989,2320,10888
1873,148,11,159,2022,2181,523,362,434,957,4362,4362,341,2022,2363,11087
1874,141,11,152,2015,2167,524,361,462,986,4334,4334,321,2015,2336,11004
1875,156,11,167,2056,2223,589,377,451,1040,4446,4446,352,2056,2408,11300
1876,144,12,156,2054,2210,537,403,478,1015,4420,4420,328,2054,2382,11222
1877,139,7,146,2049,2195,462,425,518,980,4390,4390,307,2049,2356,11136
1878,125,10,135,1951,2086,453,365,448,901,4172,4172,288,1951,2239,10583
1879,152,8,160,1991,2151,548,403,491,1039,4302,4302,337,1991,2328,10932
1880,185,11,196,1944,2140,661,344,417,1078,4280,4280,412,1944,2356,10916
1881,167,7,174,2065,2239,602,393,484,1086,4478,4478,361,2065,2426,11382
1882,154,13,167,2059,2226,608,387,477,1085,4452,4452,364,2059,2423,11327
1883,163,11,174,2003,2177,580,384,460,1040,4354,4354,371,2003,2374,11082
1884,186,5,191,2037,2228,647,386,486,1133,4456,4456,391,2037,2428,11340
1885,159,11,170,1974,2144,554,380,466,1020,4288,4288,358,1974,2332,10908
1886,163,17,180,2050,2230,607,385,466,1073,4460,4460,394,2050,2444,11364
1887,145,7,152,2045,2197,517,383,461,978,4394,4394,315,2045,2360,11148
1888,157,8,165,2076,2241,549,404,483,1032,4482,4482,346,2076,2422,11386
1889,163,12,175,1980,2155,599,346,421,1020,4310,4310,376,1980,2356,10976
1890,148,9,157,2065,2222,505,370,466,971,4444,4444,324,2065,2389,11277
1891,150,14,164,1982,2146,528,393,473,1001,4292,4292,357,1982,2339,10923
1892,144,11,155,2028,2183,493,416,504,997,4366,4366,330,2028,2358,11090
1893,148,6,154,2063,2217,510,387,457,967,4434,4434,320,2063,2383,11251
1894,170,12,182,2047,2229,627,397,484,1111,4458,4458,386,2047,2433,11349
1895,145,14,159,1967,2126,619,392,474,1093,4252,4252,350,1967,2317,10821
1896,169,8,177,2017,2194,592,380,454,1046,4388,4388,368,2017,2385,11161
1897,146,8,154,2009,2163,528,427,509,1037,4326,4326,329,2009,2338,10990
1898,169,15,184,2106,2290,642,400,493,1135,4580,4580,396,2106,2502,11662
1899,165,10,175,2123,2298,578,404,502,1080,4596,4596,364,2123,2487,11679
1900,155,14,169,2082,2251,544,403,488,1032,4502,4502,368,2082,2450,11454
1901,136,10,146,2007,2153,464,418,509,973,4306,4306,306,2007,2313,10925
1902,137,12,149,2089,2238,499,378,459,958,4476,4476,320,2089,2409,11361
1903,136,9,145,1928,2073,481,374,463,944,4146,4146,307,1928,2235,10527
1904,145,9,154,2055,2209,496,411,515,1011,4418,4418,329,2055,2384,11220
1905,157,8,165,2070,2235,549,396,468,1017,4470,4470,342,2070,2412,11352
1906,154,13,167,2043,2210,526,375,467,993,4420,4420,355,2043,2398,11238
1907,170,9,179,2009,2188,561,405,483,1044,4376,4376,374,2009,2383,11135
1908,165,7,172,2090,2262,540,410,504,1044,4524,4524,355,2090,2445,11493
1909,156,14,170,2034,2204,574,371,441,1015,4408,4408,367,2034,2401,11217
1910,177,9,186,2011,2197,630,369,446,1076,4394,4394,391,2011,2402,11190
1911,136,13,149,2035,2184,504,400,474,978,4368,4368,315,2035,2350,11086
1912,159,9,168,2020,2188,552,385,479,1031,4376,4376,353,2020,2373,11125
1913,160,10,170,2025,2195,599,386,480,1079,4390,4390,357,2025,2382,11162
1914,148,8,156,2089,2245,505,386,476,981,4490,4490,333,2089,2422,11402
1915,137,9,146,2049,2195,508,388,477,985,4390,4390,309,2049,2358,11138
1916,160,11,171,2088,2259,589,396,476,1065,4518,4518,363,2088,2451,11487
1917,154,11,165,2058,2223,582,384,475,1057,4446,4446,350,2058,2408,11300
1918,145,13,158,2049,2207,515,432,532,1047,4414,4414,337,2049,2386,11214
1919,148,10,158,2006,2164,551,370,452,1003,4328,4328,334,2006,2340,10996
1920,149,10,159,2041,2200,519,371,454,973,4400,4400,341,2041,2382,11182
1921,146,12,158,2008,2166,513,406,503,1016,4332,4332,345,2008,2353,11017
1922,148,9,157,1988,2145,503,353,421,924,4290,4290,330,1988,2318,10898
1923,147,6,153,1982,2135,471,374,444,915,4270,4270,317,1982,2299,10839
1924,161,6,167,2030,2197,597,416,507,1104,4394,4394,347,2030,2377,11165
1925,141,14,155,1971,2126,548,380,455,1003,4252,4252,337,1971,2308,10812
1926,130,12,142,2066,2208,483,413,491,974,4416,4416,306,2066,2372,11204
1927,131,6,137,2069,2206,432,395,491,923,4412,4412,285,2069,2354,11178
1928,149,12,161,1999,2160,519,375,456,975,4320,4320,351,1999,2350,10990
1929,147,10,157,1994,2151,515,394,480,995,4302,4302,336,1994,2330,10934
1930,165,9,174,2036,2210,571,388,469,1040,4420,4420,363,2036,2399,11239
1931,149,16,165,2060,2225,550,387,476,1026,4450,4450,362,2060,2422,11322
1932,148,6,154,2042,2196,498,391,477,975,4392,4392,319,2042,2361,11145
1933,147,8,155,2024,2179,522,371,449,971,4358,4358,326,2024,2350,11066
1934,145,9,154,2132,2286,495,421,510,1005,4572,4572,326,2132,2458,11602
1935,150,7,157,1949,2106,510,359,440,950,4212,4212,329,1949,2278,10702
1936,154,9,163,2070,2233,571,396,487,1058,4466,4466,356,2070,2426,11358
1937,138,13,151,1978,2129,511,362,438,949,4258,4258,331,1978,2309,10825
1938,134,10,144,1979,2123,507,379,452,959,4246,4246,305,1979,2284,10776
1939,135,11,146,2012,2158,514,367,431,945,4316,4316,310,2012,2322,10954
1940,146,10,156,2053,2209,563,406,501,1064,4418,4418,335,2053,2388,11224
1941,143,5,148,2055,2203,485,377,468,953,4406,4406,304,2055,2359,11171
1942,149,9,158,2057,2215,522,405,493,1015,4430,4430,336,2057,2393,11253
1943,130,8,138,2134,2272,473,406,488,961,4544,4544,291,2134,2425,11513
1944,132,8,140,2002,2142,460,372,450,910,4284,4284,297,2002,2299,10867
1945,132,14,146,2055,2201,525,371,463,988,4402,4402,320,2055,2375,11179
1946,154,10,164,2056,2220,541,396,487,1028,4440,4440,351,2056,2407,11287
1947,139,19,158,2028,2186,571,377,448,1019,4372,4372,354,2028,2382,11126
1948,146,13,159,2105,2264,549,385,464,1013,4528,4528,345,2105,2450,11506
1949,164,16,180,1962,2142,606,349,426,1032,4284,4284,384,1962,2346,10914
1950,154,7,161,2001,2162,545,380,481,1026,4324,4324,337,2001,2338,10986
1951,160,11,171,1947,2118,565,358,437,1002,4236,4236,361,1947,2308,10780
1952,147,9,156,2079,2235,505,422,509,1014,4470,4470,332,2079,2411,11351
1953,138,11,149,1993,2142,492,329,397,889,4284,4284,326,1993,2319,10887
1954,165,7,172,2026,2198,528,377,461,989,4396,4396,357,2026,2383,11175
1955,154,3,157,1967,2124,507,377,455,962,4248,4248,321,1967,2288,10784
1956,181,12,193,2174,2367,630,401,480,1110,4734,4734,408,2174,2582,12050
1957,157,12,169,2049,2218,619,399,478,1097,4436,4436,364,2049,2413,11285
1958,166,10,176,2017,2193,573,411,501,1074,4386,4386,371,2017,2388,11160
1959,147,10,157,2024,2181,542,364,433,975,4362,4362,332,2024,2356,11080
1960,169,12,181,2063,2244,602,356,447,1049,4488,4488,384,2063,2447,11423
1961,174,9,183,2073,2256,580,357,430,1010,4512,4512,384,2073,2457,11481
1962,149,10,159,2021,2180,536,380,457,993,4360,4360,331,2021,2352,11072
1963,169,13,182,2055,2237,627,378,465,1092,4474,4474,394,2055,2449,11397
1964,147,10,157,2048,2205,512,347,429,941,4410,4410,331,2048,2379,11199
1965,161,2,163,1999,2162,524,356,444,968,4324,4324,330,1999,2329,10977
1966,155,12,167,2008,2175,579,355,427,1006,4350,4350,357,2008,2365,11065
1967,148,5,153,2079,2232,495,401,485,980,4464,4464,319,2079,2398,11326
1968,158,9,167,2021,2188,549,375,458,1007,4376,4376,353,2021,2374,11126
1969,172,6,178,2131,2309,566,371,463,1029,4618,4618,370,2131,2501,11737
1970,155,9,164,2005,2169,571,358,446,1017,4338,4338,341,2005,2346,11022
1971,151,6,157,2044,2201,498,388,469,967,4402,4402,326,2044,2370,11174
1972,149,13,162,2037,2199,546,397,480,1026,4398,4398,354,2037,2391,11187
1973,157,12,169,2098,2267,591,399,481,1072,4534,4534,368,2098,2466,11534
1974,160,17,177,2044,2221,619,422,525,1144,4442,4442,389,2044,2433,11317
1975,156,8,164,1995,2159,568,326,413,981,4318,4318,350,1995,2345,10981
1976,155,12,167,2068,2235,589,414,518,1107,4470,4470,354,2068,2422,11362
1977,156,13,169,2084,2253,565,395,484,1049,4506,4506,364,2084,2448,11460
1978,159,12,171,2018,2189,603,398,481,1084,4378,4378,369,2018,2387,11143
1979,171,7,178,2076,2254,629,360,437,1066,4508,4508,371,2076,2447,11463
1980,162,9,171,2001,2172,604,392,485,1089,4344,4344,354,2001,2355,11043
1981,173,15,188,2009,2197,681,407,494,1175,4394,4394,413,2009,2422,11210
1982,148,9,157,2056,2213,511,387,454,965,4426,4426,328,2056,2384,11236
1983,171,13,184,2011,2195,641,388,479,1120,4390,4390,397,2011,2408,11188
1984,164,15,179,2030,2209,624,392,483,1107,4418,4418,383,2030,2413,11249
1985,150,5,155,2021,2176,505,400,484,989,4352,4352,322,2021,2343,11047
1986,156,8,164,2065,2229,584,412,513,1097,4458,4458,347,2065,2412,11328
1987,146,4,150,2046,2196,457,401,493,950,4392,4392,308,2046,2354,11138
1988,132,10,142,1974,2116,506,386,476,982,4232,4232,302,1974,2276,10740
1989,148,14,162,2060,2222,581,383,471,1052,4444,4444,356,2060,2416,11304
1990,153,9,162,2050,2212,531,415,499,1030,4424,4424,341,2050,2391,11239
1991,144,14,158,2001,2159,553,397,466,1019,4318,4318,343,2001,2344,10980
1992,145,7,152,2011,2163,529,399,464,993,4326,4326,322,2011,2333,10985
1993,144,9,153,1997,2150,520,401,479,999,4300,4300,325,1997,2322,10922
1994,160,12,172,1994,2166,599,363,441,1040,4332,4332,371,1994,2365,11029
1995,147,15,162,1999,2161,565,385,470,1035,4322,4322,349,1999,2348,10992
1996,152,7,159,2016,2175,557,373,446,1003,4350,4350,334,2016,2350,11050
1997,155,12,167,2084,2251,607,380,459,1066,4502,4502,361,2084,2445,11449
1998,159,10,169,1973,2142,581,368,440,1021,4284,4284,356,1973,2329,10897
1999,148,13,161,2119,2280,538,396,484,1022,4560,4560,344,2119,2463,11583
2000,153,12,165,2051,2216,535,404,499,1034,4432,4432,346,2051,2397,11261
2001,126,15,141,2050,2191,519,355,424,943,4382,4382,321,2050,2371,11135
2002,140,9,149,2096,2245,524,380,460,984,4490,4490,314,2096,2410,11390
2003,149,10,159,1999,2158,524,390,479,1003,4316,4316,338,1999,2337,10969
2004,181,10,191,2093,2284,606,392,490,1096,4568,4568,399,2093,2492,11628
2005,155,10,165,2073,2238,529,396,478,1007,4476,4476,354,2073,2427,11379
2006,158,14,172,2096,2268,553,389,470,1023,4536,4536,367,2096,2463,11535
2007,165,3,168,2027,2195,524,401,483,1007,4390,4390,340,2027,2367,11147
2008,124,10,134,2021,2155,455,379,458,913,4310,4310,285,2021,2306,10926
2009,163,14,177,2035,2212,624,392,490,1114,4424,4424,381,2035,2416,11264
2010,133,12,145,2089,2234,510,397,484,994,4468,4468,314,2089,2403,11339
2011,152,15,167,1988,2155,570,392,477,1047,4310,4310,360,1988,2348,10968
2012,166,11,177,2083,2260,541,373,459,1000,4520,4520,372,2083,2455,11495
2013,144,7,151,2127,2278,518,442,532,1050,4556,4556,316,2127,2443,11555
2014,162,8,170,1988,2158,548,385,475,1023,4316,4316,352,1988,2340,10972
2015,154,12,166,2119,2285,572,403,487,1059,4570,4570,359,2119,2478,11618
2016,137,10,147,2043,2190,479,387,465,944,4380,4380,313,2043,2356,11116
2017,172,9,181,2025,2206,642,389,475,1117,4412,4412,384,2025,2409,11233
2018,138,11,149,1990,2139,495,386,468,963,4278,4278,316,1990,2306,10862
2019,155,2,157,2107,2264,538,393,476,1014,4528,4528,321,2107,2428,11484
2020,131,14,145,2050,2195,525,398,494,1019,4390,4390,318,2050,2368,11148
2021,169,10,179,2068,2247,606,419,530,1136,4494,4494,377,2068,2445,11433
2022,145,13,158,2069,2227,555,391,478,1033,4454,4454,347,2069,2416,11324
2023,129,13,142,1995,2137,505,368,447,952,4274,4274,307,1995,2302,10850
2024,167,12,179,2029,2208,601,409,507,1108,4416,4416,382,2029,2411,11243
2025,150,4,154,2064,2218,492,399,499,991,4436,4436,314,2064,2378,11250
2026,129,8,137,2092,2229,501,400,489,990,4458,4458,292,2092,2384,11300
2027,161,21,182,2067,2249,625,395,489,1114,4498,4498,399,2067,2466,11462
2028,158,15,173,2011,2184,579,355,433,1012,4368,4368,375,2011,2386,11122
2029,151,12,163,1986,2149,559,382,445,1004,4298,4298,350,1986,2336,10932
2030,137,6,143,2045,2188,468,376,452,920,4376,4376,299,2045,2344,11096
2031,174,9,183,2071,2254,599,385,457,1056,4508,4508,391,2071,2462,11478
2032,151,6,157,2115,2272,546,401,495,1041,4544,4544,323,2115,2438,11526
2033,136,17,153,2131,2284,531,395,495,1026,4568,4568,343,2131,2474,11610
2034,152,10,162,1991,2153,551,411,504,1055,4306,4306,349,1991,2340,10952
2035,170,8,178,2019,2197,607,374,462,1069,4394,4394,368,2019,2387,11175
2036,137,10,147,2058,2205,486,420,502,988,4410,4410,311,2058,2369,11189
2037,150,18,168,2155,2323,594,415,511,1105,4646,4646,372,2155,2527,11819
2038,159,8,167,1995,2162,564,401,487,1051,4324,4324,350,1995,2345,10993
2039,168,14,182,2031,2213,618,376,454,1072,4426,4426,396,2031,2427,11279
2040,156,13,169,2061,2230,546,370,450,996,4460,4460,360,2061,2421,11341
2041,152,13,165,2051,2216,569,406,491,1060,4432,4432,362,2051,2413,11277
2042,151,8,159,2091,2250,560,388,463,1023,4500,4500,332,2091,2423,11423
2043,153,12,165,2005,2170,571,418,517,1088,4340,4340,351,2005,2356,11036
2044,137,14,151,2054,2205,506,398,484,990,4410,4410,327,2054,2381,11201
2045,158,9,167,1991,2158,563,370,452,1015,4316,4316,351,1991,2342,10974
2046,162,6,168,2026,2194,592,398,485,1077,4388,4388,351,2026,2377,11153
2047,156,10,166,2056,2222,549,380,459,1008,4444,4444,353,2056,2409,11297
2048,173,6,179,2042,2221,599,394,481,1080,4442,4442,366,2042,2408,11292
2049,153,12,165,1966,2131,528,365,453,981,4262,4262,352,1966,2318,10842
2050,155,9,164,2048,2212,548,374,451,999,4424,4424,345,2048,2393,11241
2051,159,14,173,1965,2138,580,375,458,1038,4276,4276,373,1965,2338,10890
2052,179,4,183,1993,2176,584,367,444,1028,4352,4352,371,1993,2364,11068
2053,158,5,163,2091,2254,546,393,477,1023,4508,4508,335,2091,2426,11442
2054,176,11,187,2007,2194,655,390,476,1131,4388,4388,394,2007,2401,11177
2055,157,9,166,2089,2255,546,387,461,1007,4510,4510,351,2089,2440,11460
2056,140,10,150,2006,2156,500,386,476,976,4312,4312,324,2006,2330,10954
2057,146,7,153,2110,2263,503,403,494,997,4526,4526,323,2110,2433,11485
2058,147,7,154,2025,2179,562,386,490,1052,4358,4358,323,2025,2348,11064
2059,156,6,162,2074,2236,546,380,462,1008,4472,4472,332,2074,2406,11350
2060,170,6,176,1969,2145,607,370,438,1045,4290,4290,366,1969,2335,10915
2061,136,6,142,2021,2163,504,427,528,1032,4326,4326,297,2021,2318,10970
2062,147,12,159,2001,2160,540,379,471,1011,4320,4320,337,2001,2338,10978
2063,153,9,162,2033,2195,567,363,439,1006,4390,4390,342,2033,2375,11155
2064,172,11,183,2071,2254,627,394,489,1116,4508,4508,386,2071,2457,11473
2065,152,15,167,2149,2316,579,369,452,1031,4632,4632,356,2149,2505,11769
2066,167,10,177,2040,2217,594,378,469,1063,4434,4434,372,2040,2412,11280
2067,156,11,167,2066,2233,586,412,512,1098,4466,4466,358,2066,2424,11356
2068,162,11,173,2058,2231,567,395,481,1048,4462,4462,364,2058,2422,11346
2069,132,11,143,2044,2187,480,381,455,935,4374,4374,311,2044,2355,11103
2070,164,11,175,2030,2205,564,393,464,1028,4410,4410,367,2030,2397,11217
2071,173,13,186,2056,2242,618,389,479,1097,4484,4484,399,2056,2455,11423
2072,160,5,165,2047,2212,541,404,508,1049,4424,4424,338,2047,2385,11233
2073,145,10,155,1983,2138,554,421,497,1051,4276,4276,327,1983,2310,10862
2074,147,13,160,2041,2201,517,373,457,974,4402,4402,346,2041,2387,11191
2075,159,15,174,2004,2178,627,388,479,1106,4356,4356,373,2004,2377,11089
2076,181,12,193,1923,2116,651,373,449,1100,4232,4232,414,1923,2337,10801
2077,162,8,170,1935,2105,582,361,458,1040,4210,4210,359,1935,2294,10714
2078,146,8,154,2099,2253,501,410,508,1009,4506,4506,324,2099,2423,11435
2079,150,11,161,2118,2279,525,407,495,1020,4558,4558,346,2118,2464,11580
2080,148,9,157,2093,2250,567,396,481,1048,4500,4500,336,2093,2429,11429
2081,146,13,159,1943,2102,532,357,440,972,4204,4204,343,1943,2286,10694
2082,156,14,170,2078,2248,595,388,482,1077,4496,4496,365,2078,2443,11435
2083,156,11,167,1935,2102,610,384,470,1080,4204,4204,356,1935,2291,10699
2084,152,14,166,1988,2154,610,382,460,1070,4308,4308,361,1988,2349,10965
2085,167,15,182,2031,2213,636,413,503,1139,4426,4426,393,2031,2424,11276
2086,155,9,164,2002,2166,539,371,453,992,4332,4332,343,2002,2345,11009
2087,169,13,182,2044,2226,604,372,462,1066,4452,4452,387,2044,2431,11335
2088,135,5,140,1994,2134,455,373,459,914,4268,4268,289,1994,2283,10819
2089,140,11,151,2047,2198,529,393,482,1011,4396,4396,325,2047,2372,11164
2090,145,4,149,2003,2152,464,335,414,878,4304,4304,306,2003,2309,10917
2091,146,9,155,2075,2230,536,369,458,994,4460,4460,329,2075,2404,11324
2092,136,9,145,2041,2186,498,398,491,989,4372,4372,309,2041,2350,11094
2093,135,12,147,2012,2159,560,402,493,1053,4318,4318,328,2012,2340,10976
2094,162,9,171,2045,2216,559,388,467,1026,4432,4432,362,2045,2407,11271
2095,147,16,163,2000,2163,555,401,491,1046,4326,4326,351,2000,2351,11003
2096,180,10,190,2029,2219,626,385,463,1089,4438,4438,398,2029,2427,11303
2097,149,11,160,2042,2202,544,375,453,997,4404,4404,339,2042,2381,11189
2098,147,5,152,2089,2241,522,397,478,1000,4482,4482,318,2089,2407,11371
2099,145,9,154,1986,2140,517,405,496,1013,4280,4280,329,1986,2315,10875
2100,161,7,168,1980,2148,541,356,426,967,4296,4296,346,1980,2326,10918
2101,146,10,156,2009,2165,559,422,522,1081,4330,4330,332,2009,2341,11001
2102,155,9,164,2044,2208,571,408,489,1060,4416,4416,350,2044,2394,11226
2103,124,6,130,2078,2208,461,418,512,973,4416,4416,273,2078,2351,11183
2104,168,6,174,2019,2193,562,401,493,1055,4386,4386,358,2019,2377,11149
2105,145,9,154,2031,2185,539,410,516,1055,4370,4370,325,2031,2356,11096
2106,149,7,156,1987,2143,523,431,522,1045,4286,4286,323,1987,2310,10882
2107,160,10,170,2049,2219,606,388,468,1074,4438,4438,356,2049,2405,11281
2108,163,12,175,2091,2266,596,371,449,1045,4532,4532,379,2091,2470,11534
2109,155,5,160,2040,2200,527,384,467,994,4400,4400,326,2040,2366,11166
2110,177,9,186,2054,2240,624,377,460,1084,4480,4480,386,2054,2440,11400
2111,162,4,166,2067,2233,520,403,498,1018,4466,4466,338,2067,2405,11337
2112,118,9,127,2059,2186,455,401,485,940,4372,4372,273,2059,2332,11076
2113,156,9,165,2093,2258,547,396,489,1036,4516,4516,347,2093,2440,11472
2114,163,10,173,2006,2179,567,384,470,1037,4358,4358,361,2006,2367,11083
2115,147,13,160,2054,2214,533,390,469,1002,4428,4428,341,2054,2395,11251
2116,150,10,160,1954,2114,514,371,468,982,4228,4228,337,1954,2291,10747
2117,174,7,181,2063,2244,585,401,486,1071,4488,4488,375,2063,2438,11414
2118,145,9,154,2108,2262,532,371,454,986,4524,4524,328,2108,2436,11484
2119,181,13,194,2082,2276,642,386,466,1108,4552,4552,415,2082,2497,11601
2120,168,9,177,2068,2245,605,355,438,1043,4490,4490,374,2068,2442,11422
2121,151,13,164,2072,2236,588,414,497,1085,4472,4472,357,2072,2429,11373
2122,138,6,144,1986,2130,497,353,420,917,4260,4260,302,1986,2288,10808
2123,129,8,137,2063,2200,464,413,498,962,4400,4400,291,2063,2354,11154
2124,155,17,172,2034,2206,570,347,440,1010,4412,4412,377,2034,2411,11235
2125,138,6,144,2004,2148,473,386,471,944,4296,4296,296,2004,2300,10892
2126,180,6,186,1992,2178,634,369,450,1084,4356,4356,386,1992,2378,11090
2127,139,8,147,2087,2234,518,394,490,1008,4468,4468,315,2087,2402,11338
2128,153,4,157,2020,2177,531,409,506,1037,4354,4354,324,2020,2344,11052
2129,141,6,147,2025,2172,518,373,453,971,4344,4344,307,2025,2332,11020
2130,129,6,135,1987,2122,440,404,480,920,4244,4244,277,1987,2264,10752
2131,139,10,149,2068,2217,505,397,481,986,4434,4434,320,2068,2388,11256
2132,148,11,159,2053,2212,553,390,477,1030,4424,4424,339,2053,2392,11240
2133,162,11,173,2036,2209,607,388,465,1072,4418,4418,374,2036,2410,11246
2134,144,10,154,2058,2212,523,385,477,1000,4424,4424,334,2058,2392,11240
2135,138,14,152,2129,2281,519,384,474,993,4562,4562,332,2129,2461,11585
2136,155,10,165,2067,2232,551,384,470,1021,4464,4464,352,2067,2419,11347
2137,163,11,174,2034,2208,563,426,517,1080,4416,4416,370,2034,2404,11236
2138,163,12,175,1962,2137,586,364,442,1028,4274,4274,376,1962,2338,10886
2139,149,14,163,2061,2224,605,419,523,1128,4448,4448,362,2061,2423,11319
2140,173,21,194,2026,2220,691,424,517,1208,4440,4440,422,2026,2448,11328
2141,163,12,175,2081,2256,599,416,494,1093,4512,4512,370,2081,2451,11475
2142,140,6,146,2033,2179,447,361,429,876,4358,4358,301,2033,2334,11050
2143,157,14,171,2005,2176,578,378,460,1038,4352,4352,368,2005,2373,11077
2144,163,9,172,2027,2199,578,364,454,1032,4398,4398,366,2027,2393,11189
2145,169,10,179,2103,2282,582,417,509,1091,4564,4564,382,2103,2485,11613
2146,164,11,175,2005,2180,627,409,499,1126,4360,4360,370,2005,2375,11095
2147,154,9,163,2073,2236,573,395,483,1056,4472,4472,341,2073,2414,11358
2148,139,8,147,2096,2243,528,370,449,977,4486,4486,314,2096,2410,11382
2149,146,9,155,1950,2105,496,358,436,932,4210,4210,327,1950,2277,10697
2150,164,8,172,1964,2136,588,331,401,989,4272,4272,359,1964,2323,10867
2151,153,9,162,2022,2184,550,385,465,1015,4368,4368,340,2022,2362,11098
2152,171,4,175,1920,2095,595,356,438,1033,4190,4190,360,1920,2280,10660
2153,143,10,153,2096,2249,548,395,479,1027,4498,4498,335,2096,2431,11427
2154,174,6,180,1992,2172,592,382,472,1064,4344,4344,372,1992,2364,11052
2155,165,5,170,2025,2195,578,385,484,1062,4390,4390,353,2025,2378,11158
2156,141,7,148,2056,2204,504,374,462,966,4408,4408,309,2056,2365,11181
2157,137,7,144,2072,2216,456,392,479,935,4432,4432,299,2072,2371,11235
2158,165,10,175,2025,2200,588,364,449,1037,4400,4400,372,2025,2397,11197
2159,160,6,166,1971,2137,554,354,437,991,4274,4274,345,1971,2316,10864
2160,145,17,162,2097,2259,546,433,534,1080,4518,4518,355,2097,2452,11488
2161,150,12,162,1959,2121,512,377,444,956,4242,4242,351,1959,2310,10794
2162,151,12,163,2035,2198,571,374,452,1023,4396,4396,349,2035,2384,11176
2163,160,14,174,2056,2230,625,410,497,1122,4460,4460,372,2056,2428,11348
2164,157,13,170,2053,2223,562,405,491,1053,4446,4446,359,2053,2412,11304
2165,144,10,154,1927,2081,501,380,462,963,4162,4162,328,1927,2255,10579
2166,152,11,163,2048,2211,565,381,464,1029,4422,4422,347,2048,2395,11239
2167,142,9,151,2062,2213,500,436,517,1017,4426,4426,316,2062,2378,11230
2168,172,6,178,2030,2208,604,402,486,1090,4416,4416,366,2030,2396,11228
2169,163,7,170,2029,2199,561,395,481,1042,4398,4398,349,2029,2378,11174
2170,159,11,170,2016,2186,588,368,456,1044,4372,4372,361,2016,2377,11121
2171,179,12,191,2091,2282,640,426,519,1159,4564,4564,408,2091,2499,11627
2172,152,6,158,2042,2200,529,386,459,988,4400,4400,327,2042,2369,11169
2173,154,8,162,2049,2211,550,438,527,1077,4422,4422,337,2049,2386,11230
2174,127,14,141,2147,2288,500,404,493,993,4576,4576,315,2147,2462,11614
2175,147,8,155,2063,2218,479,374,460,939,4436,4436,325,2063,2388,11260
2176,183,8,191,1986,2177,665,377,469,1134,4354,4354,398,1986,2384,11092
2177,150,13,163,2082,2245,583,394,483,1066,4490,4490,352,2082,2434,11414
2178,135,7,142,2067,2209,464,399,488,952,4418,4418,299,2067,2366,11202
2179,147,11,158,1991,2149,557,377,458,1015,4298,4298,341,1991,2332,10928
2180,134,14,148,2050,2198,580,378,467,1047,4396,4396,328,2050,2378,11170
2181,156,11,167,1992,2159,559,377,460,1019,4318,4318,359,1992,2351,10987
2182,156,9,165,1988,2153,598,396,495,1093,4306,4306,346,1988,2334,10946
2183,162,7,169,2037,2206,575,363,448,1023,4412,4412,358,2037,2395,11219
2184,147,9,156,2086,2242,536,423,500,1036,4484,4484,336,2086,2422,11390
2185,168,6,174,1977,2151,633,361,436,1069,4302,4302,363,1977,2340,10944
2186,150,8,158,2030,2188,538,371,470,1008,4376,4376,335,2030,2365,11117
2187,167,10,177,2037,2214,584,424,490,1074,4428,4428,377,2037,2414,11270
2188,129,8,137,2039,2176,476,392,483,959,4352,4352,289,2039,2328,11032
2189,145,14,159,2026,2185,526,419,514,1040,4370,4370,343,2026,2369,11109
2190,161,13,174,2028,2202,611,396,499,1110,4404,4404,376,2028,2404,11212
2191,150,13,163,1999,2162,555,374,451,1006,4324,4324,348,1999,2347,10995
2192,141,11,152,1997,2149,488,414,502,990,4298,4298,323,1997,2320,10916
2193,139,9,148,1983,2131,502,370,452,954,4262,4262,314,1983,2297,10821
2194,134,10,144,2009,2153,492,356,441,933,4306,4306,305,2009,2314,10926
2195,165,9,174,2008,2182,578,409,493,1071,4364,4364,364,2008,2372,11100
2196,156,8,164,1984,2148,513,367,456,969,4296,4296,342,1984,2326,10918
2197,131,7,138,2025,2163,487,399,472,959,4326,4326,293,2025,2318,10970
2198,174,15,189,2004,2193,666,398,481,1147,4386,4386,408,2004,2412,11184
2199,141,9,150,2054,2204,513,375,456,969,4408,4408,314,2054,2368,11184
2200,147,8,155,2054,2209,551,377,462,1013,4418,4418,328,2054,2382,11218
2201,159,9,168,2035,2203,526,402,479,1005,4406,4406,354,2035,2389,11201
2202,150,6,156,2047,2203,516,351,431,947,4406,4406,327,2047,2374,11186
2203,130,9,139,2043,2182,475,362,430,905,4364,4364,301,2043,2344,11072
2204,138,7,145,2084,2229,468,356,432,900,4458,4458,303,2084,2387,11303
2205,139,11,150,2059,2209,520,411,497,1017,4418,4418,321,2059,2380,11216
2206,170,7,177,2021,2198,596,399,483,1079,4396,4396,369,2021,2390,11182
2207,140,8,148,2058,2206,504,365,453,957,4412,4412,312,2058,2370,11194
2208,159,9,168,1959,2127,583,362,456,1039,4254,4254,349,1959,2308,10816
2209,134,9,143,2042,2185,480,360,430,910,4370,4370,306,2042,2348,11088
2210,157,18,175,2024,2199,656,356,429,1085,4398,4398,393,2024,2417,11213
2211,125,19,144,2095,2239,509,406,498,1007,4478,4478,328,2095,2423,11379
2212,131,16,147,1990,2137,514,357,444,958,4274,4274,326,1990,2316,10864
2213,164,12,176,1982,2158,622,383,476,1098,4316,4316,387,1982,2369,11001
2214,168,7,175,2036,2211,576,384,470,1046,4422,4422,365,2036,2401,11245
2215,157,9,166,2063,2229,589,414,510,1099,4458,4458,345,2063,2408,11324
2216,165,10,175,2070,2245,606,360,443,1049,4490,4490,367,2070,2437,11417
2217,149,8,157,2064,2221,487,369,450,937,4442,4442,329,2064,2393,11277
2218,147,10,157,2008,2165,541,405,483,1024,4330,4330,337,2008,2345,11005
2219,149,11,160,1935,2095,533,384,458,991,4190,4190,341,1935,2276,10656
2220,140,14,154,1976,2130,558,385,483,1041,4260,4260,331,1976,2307,10827
2221,136,11,147,2054,2201,466,407,491,957,4402,4402,317,2054,2371,11175
2222,153,11,164,1988,2152,541,386,481,1022,4304,4304,346,1988,2334,10942
2223,167,3,170,1988,2158,532,362,439,971,4316,4316,346,1988,2334,10966
2224,165,10,175,2072,2247,570,365,445,1015,4494,4494,374,2072,2446,11434
2225,152,16,168,2062,2230,593,374,452,1045,4460,4460,370,2062,2432,11352
2226,160,12,172,2070,2242,542,375,464,1006,4484,4484,366,2070,2436,11404
2227,177,13,190,2007,2197,625,395,489,1114,4394,4394,402,2007,2409,11197
2228,144,10,154,2055,2209,514,411,493,1007,4418,4418,324,2055,2379,11215
2229,153,10,163,2024,2187,535,376,462,997,4374,4374,345,2024,2369,11117
2230,134,9,143,1982,2125,485,353,423,908,4250,4250,310,1982,2292,10792
2231,157,8,165,2078,2243,558,385,475,1033,4486,4486,341,2078,2419,11391
2232,157,16,173,2007,2180,606,398,483,1089,4360,4360,377,2007,2384,11104
2233,142,7,149,1928,2077,521,375,454,975,4154,4154,309,1928,2237,10545
2234,160,15,175,2058,2233,604,400,483,1087,4466,4466,392,2058,2450,11382
2235,149,7,156,2084,2240,526,369,444,970,4480,4480,327,2084,2411,11371
2236,170,7,177,2096,2273,641,405,509,1150,4546,4546,366,2096,2462,11554
2237,164,11,175,1987,2162,596,374,462,1058,4324,4324,370,1987,2357,11005
2238,140,6,146,1977,2123,467,385,483,950,4246,4246,300,1977,2277,10769
2239,154,8,162,2049,2211,545,401,493,1038,4422,4422,342,2049,2391,11235
2240,168,10,178,2118,2296,571,401,486,1057,4592,4592,375,2118,2493,11677
2241,149,11,160,2033,2193,508,365,459,967,4386,4386,340,2033,2373,11145
2242,167,13,180,2073,2253,615,387,470,1085,4506,4506,387,2073,2460,11472
2243,136,10,146,1954,2100,515,383,471,986,4200,4200,313,1954,2267,10667
2244,167,10,177,2046,2223,568,400,494,1062,4446,4446,372,2046,2418,11310
2245,151,8,159,2002,2161,510,393,482,992,4322,4322,331,2002,2333,10977
2246,138,9,147,2042,2189,506,392,473,979,4378,4378,311,2042,2353,11109
2247,155,7,162,2097,2259,556,383,475,1031,4518,4518,337,2097,2434,11470
2248,155,9,164,2090,2254,538,400,490,1028,4508,4508,351,2090,2441,11457
2249,148,10,158,2072,2230,501,389,456,957,4460,4460,328,2072,2400,11320
2250,154,8,162,2069,2231,506,389,469,975,4462,4462,339,2069,2408,11332
2251,142,11,153,2055,2208,538,391,483,1021,4416,4416,328,2055,2383,11215
2252,141,10,151,2082,2233,518,407,494,1012,4466,4466,320,2082,2402,11334
2253,176,15,191,2064,2255,673,392,477,1150,4510,4510,420,2064,2484,11504
2254,149,10,159,2073,2232,529,413,507,1036,4464,4464,336,2073,2409,11337
2255,150,11,161,2024,2185,539,375,459,998,4370,4370,344,2024,2368,11108
2256,171,12,183,2088,2271,655,378,459,1114,4542,4542,398,2088,2486,11570
2257,143,11,154,2060,2214,543,415,498,1041,4428,4428,331,2060,2391,11247
2258,170,14,184,2025,2209,635,389,461,1096,4418,4418,395,2025,2420,11256
2259,143,12,155,1999,2154,558,377,462,1020,4308,4308,335,1999,2334,10950
2260,175,6,181,2068,2249,606,389,478,1084,4498,4498,372,2068,2440,11436
2261,146,11,157,2063,2220,525,370,447,972,4440,4440,334,2063,2397,11277
2262,144,6,150,1984,2134,522,403,485,1007,4268,4268,311,1984,2295,10831
2263,164,9,173,2010,2183,563,380,457,1020,4366,4366,367,2010,2377,11109
2264,147,10,157,2012,2169,521,375,456,977,4338,4338,332,2012,2344,11020
2265,156,8,164,1971,2135,549,406,493,1042,4270,4270,343,1971,2314,10854
2266,143,10,153,1983,2136,505,363,430,935,4272,4272,325,1983,2308,10852
2267,153,12,165,2036,2201,599,390,481,1080,4402,4402,359,2036,2395,11199
2268,139,3,142,2078,2220,450,387,453,903,4440,4440,291,2078,2369,11249
2269,147,11,158,2015,2173,591,376,462,1053,4346,4346,339,2015,2354,11046
2270,167,11,178,2054,2232,594,388,481,1075,4464,4464,380,2054,2434,11362
2271,159,11,170,1994,2164,580,390,475,1055,4328,4328,364,1994,2358,11014
2272,160,6,166,2003,2169,564,395,472,1036,4338,4338,349,2003,2352,11028
2273,138,8,146,2063,2209,515,383,465,980,4418,4418,312,2063,2375,11211
2274,159,12,171,2046,2217,619,393,474,1093,4434,4434,367,2046,2413,11281
2275,159,16,175,2094,2269,589,406,506,1095,4538,4538,385,2094,2479,11555
2276,156,13,169,2128,2297,581,371,450,1031,4594,4594,361,2128,2489,11677
2277,153,13,166,2003,2169,556,390,470,1026,4338,4338,350,2003,2353,11029
2278,161,10,171,2045,2216,562,388,465,1027,4432,4432,362,2045,2407,11271
2279,132,11,143,2017,2160,479,384,470,949,4320,4320,307,2017,2324,10964
2280,146,11,157,2050,2207,548,358,434,982,4414,4414,333,2050,2383,11211
2281,150,7,157,1989,2146,537,378,463,1000,4292,4292,334,1989,2323,10907
2282,151,8,159,2060,2219,507,405,491,998,4438,4438,336,2060,2396,11272
2283,139,10,149,2032,2181,487,397,490,977,4362,4362,316,2032,2348,11072
2284,134,4,138,2078,2216,434,402,484,918,4432,4432,284,2078,2362,11226
2285,139,8,147,1972,2119,514,390,466,980,4238,4238,313,1972,2285,10761
2286,152,10,162,2052,2214,552,379,466,1018,4428,4428,341,2052,2393,11249
2287,159,8,167,2071,2238,547,400,494,1041,4476,4476,348,2071,2419,11371
2288,147,10,157,1991,2148,536,389,473,1009,4296,4296,335,1991,2326,10918
2289,163,5,168,2091,2259,554,387,475,1029,4518,4518,343,2091,2434,11470
2290,157,6,163,1945,2108,552,367,451,1003,4216,4216,337,1945,2282,10714
2291,144,16,160,2001,2161,526,375,453,979,4322,4322,346,2001,2347,10991
2292,161,9,170,2006,2176,563,372,455,1018,4352,4352,352,2006,2358,11062
2293,161,13,174,2047,2221,567,416,509,1076,4442,4442,369,2047,2416,11300
2294,171,5,176,2018,2194,589,368,456,1045,4388,4388,364,2018,2382,11158
2295,147,8,155,2116,2271,548,380,450,998,4542,4542,327,2116,2443,11527
2296,161,6,167,2062,2229,551,374,460,1011,4458,4458,345,2062,2407,11323
2297,144,14,158,2016,2174,519,390,472,991,4348,4348,346,2016,2362,11058
2298,152,8,160,2000,2160,536,399,482,1018,4320,4320,337,2000,2337,10977
2299,157,8,165,2128,2293,577,417,514,1091,4586,4586,353,2128,2481,11653
2300,132,11,143,2009,2152,500,371,458,958,4304,4304,308,2009,2317,10925
2301,132,10,142,2122,2264,481,370,452,933,4528,4528,307,2122,2429,11485
2302,159,10,169,2019,2188,605,375,467,1072,4376,4376,362,2019,2381,11133
2303,167,7,174,2023,2197,561,391,471,1032,4394,4394,363,2023,2386,11174
2304,171,7,178,2066,2244,568,382,472,1040,4488,4488,365,2066,2431,11407
2305,151,15,166,2048,2214,603,405,486,1089,4428,4428,367,2048,2415,11271
2306,148,16,164,2075,2239,611,390,480,1091,4478,4478,364,2075,2439,11395
2307,153,20,173,2079,2252,596,405,500,1096,4504,4504,378,2079,2457,11465
2308,148,5,153,2089,2242,553,397,473,1026,4484,4484,322,2089,2411,11379
2309,154,9,163,2043,2206,531,385,474,1005,4412,4412,342,2043,2385,11209
2310,163,10,173,2056,2229,592,367,432,1024,4458,4458,365,2056,2421,11337
2311,142,10,152,1982,2134,526,394,478,1004,4268,4268,322,1982,2304,10840
2312,149,12,161,1997,2158,489,406,490,979,4316,4316,347,1997,2344,10976
2313,146,9,155,2040,2195,499,381,459,958,4390,4390,329,2040,2369,11149
2314,164,17,181,2129,2310,631,414,509,1140,4620,4620,392,2129,2521,11761
2315,150,4,154,2042,2196,507,389,479,986,4392,4392,319,2042,2361,11145
2316,154,13,167,2028,2195,537,381,440,977,4390,4390,354,2028,2382,11162
2317,169,9,178,1961,2139,601,374,452,1053,4278,4278,377,1961,2338,10894
2318,164,7,171,2077,2248,573,408,498,1071,4496,4496,356,2077,2433,11425
2319,147,16,163,2085,2248,571,380,465,1036,4496,4496,355,2085,2440,11432
2320,164,8,172,2041,2213,549,397,473,1022,4426,4426,357,2041,2398,11250
2321,155,8,163,2008,2171,551,378,458,1009,4342,4342,342,2008,2350,11034
2322,151,10,161,2038,2199,505,374,456,961,4398,4398,339,2038,2377,11173
2323,164,9,173,2013,2186,614,400,477,1091,4372,4372,365,2013,2378,11122
2324,157,11,168,2017,2185,543,363,435,978,4370,4370,354,2017,2371,11111
2325,168,11,179,2032,2211,600,393,480,1080,4422,4422,389,2032,2421,11265
2326,143,11,154,2128,2282,537,382,462,999,4564,4564,326,2128,2454,11582
2327,156,10,166,2062,2228,543,409,487,1030,4456,4456,348,2062,2410,11322
2328,154,14,168,2043,2211,576,401,483,1059,4422,4422,359,2043,2402,11246
2329,159,15,174,2076,2250,568,408,508,1076,4500,4500,374,2076,2450,11450
2330,161,5,166,2047,2213,523,389,491,1014,4426,4426,341,2047,2388,11240
2331,173,6,179,2096,2275,587,410,494,1081,4550,4550,373,2096,2469,11569
2332,131,6,137,2015,2152,438,353,432,870,4304,4304,286,2015,2301,10909
2333,167,14,181,2016,2197,589,364,445,1034,4394,4394,391,2016,2407,11195
2334,151,7,158,1989,2147,514,388,481,995,4294,4294,332,1989,2321,10909
2335,155,16,171,2026,2197,617,382,474,1091,4394,4394,375,2026,2401,11189
2336,146,9,155,2048,2203,537,364,443,980,4406,4406,331,2048,2379,11191
2337,143,11,154,2103,2257,477,392,482,959,4514,4514,326,2103,2429,11457
2338,148,10,158,2148,2306,538,432,521,1059,4612,4612,334,2148,2482,11706
2339,138,8,146,2097,2243,517,390,471,988,4486,4486,308,2097,2405,11377
2340,131,10,141,2076,2217,531,396,484,1015,4434,4434,309,2076,2385,11253
2341,135,6,141,1963,2104,469,353,428,897,4208,4208,298,1963,2261,10677
2342,147,12,159,2025,2184,534,401,489,1023,4368,4368,339,2025,2364,11100
2343,151,4,155,2076,2231,504,410,507,1011,4462,4462,319,2076,2395,11319
2344,165,10,175,2035,2210,572,394,475,1047,4420,4420,373,2035,2408,11248
2345,146,11,157,2042,2199,527,386,464,991,4398,4398,336,2042,2378,11174
2346,148,16,164,2058,2222,584,402,487,1071,4444,4444,354,2058,2412,11300
2347,157,6,163,2022,2185,537,394,477,1014,4370,4370,339,2022,2361,11101
2348,152,11,163,2017,2180,554,355,428,982,4360,4360,347,2017,2364,11084
2349,163,7,170,2135,2305,552,454,571,1123,4610,4610,350,2135,2485,11705
2350,159,12,171,2048,2219,607,382,461,1068,4438,4438,366,2048,2414,11290
2351,156,13,169,2125,2294,560,396,484,1044,4588,4588,359,2125,2484,11660
2352,143,8,151,2056,2207,489,411,508,997,4414,4414,324,2056,2380,11208
2353,132,10,142,2052,2194,497,409,489,986,4388,4388,306,2052,2358,11134
2354,146,11,157,2016,2173,531,407,489,1020,4346,4346,337,2016,2353,11045
2355,152,12,164,2085,2249,569,411,501,1070,4498,4498,348,2085,2433,11429
2356,141,8,149,1975,2124,512,381,464,976,4248,4248,314,1975,2289,10785
2357,158,11,169,1978,2147,547,374,461,1008,4294,4294,360,1978,2338,10926
2358,156,13,169,2062,2231,590,383,462,1052,4462,4462,366,2062,2428,11352
2359,152,11,163,1967,2130,576,381,468,1044,4260,4260,344,1967,2311,10831
2360,164,8,172,2036,2208,589,403,483,1072,4416,4416,364,2036,2400,11232
2361,151,11,162,2041,2203,553,356,438,991,4406,4406,342,2041,2383,11195
2362,128,10,138,2088,2226,456,426,528,984,4452,4452,296,2088,2384,11288
2363,150,13,163,2014,2177,583,408,505,1088,4354,4354,355,2014,2369,11077
2364,141,13,154,2055,2209,536,417,497,1033,4418,4418,336,2055,2391,11227
2365,174,7,181,2089,2270,588,346,408,996,4540,4540,380,2089,2469,11549
2366,143,15,158,2061,2219,549,371,443,992,4438,4438,349,2061,2410,11286
2367,183,9,192,2092,2284,677,370,456,1133,4568,4568,405,2092,2497,11633
2368,142,10,152,2063,2215,480,409,503,983,4430,4430,318,2063,2381,11241
2369,159,11,170,2062,2232,595,380,459,1054,4464,4464,368,2062,2430,11358
2370,163,8,171,2091,2262,577,356,428,1005,4524,4524,361,2091,2452,11500
2371,165,14,179,2101,2280,660,387,462,1122,4560,4560,385,2101,2486,11606
2372,155,7,162,1949,2111,554,371,468,1022,4222,4222,341,1949,2290,10734
2373,169,8,177,2094,2271,570,370,440,1010,4542,4542,369,2094,2463,11547
2374,152,5,157,2041,2198,518,387,478,996,4396,4396,325,2041,2366,11158
2375,134,10,144,2022,2166,511,364,457,968,4332,4332,312,2022,2334,10998
2376,144,5,149,2089,2238,476,419,517,993,4476,4476,305,2089,2394,11346
2377,165,12,177,2004,2181,585,377,453,1038,4362,4362,379,2004,2383,11107
2378,154,12,166,2044,2210,564,372,458,1022,4420,4420,352,2044,2396,11236
2379,158,8,166,2097,2263,521,422,520,1041,4526,4526,351,2097,2448,11500
2380,161,16,177,2002,2179,639,365,443,1082,4358,4358,391,2002,2393,11109
2381,139,13,152,2085,2237,519,406,497,1016,4474,4474,334,2085,2419,11367
2382,139,6,145,1963,2108,491,372,448,939,4216,4216,302,1963,2265,10697
2383,164,8,172,2088,2260,582,399,474,1056,4520,4520,364,2088,2452,11492
2384,159,7,166,2078,2244,545,403,489,1034,4488,4488,349,2078,2427,11403
2385,161,8,169,2007,2176,541,386,464,1005,4352,4352,358,2007,2365,11069
2386,166,8,174,2143,2317,556,400,491,1047,4634,4634,366,2143,2509,11777
2387,140,8,148,2014,2162,497,374,447,944,4324,4324,310,2014,2324,10972
2388,175,11,186,1967,2153,630,341,411,1041,4306,4306,395,1967,2362,10974
2389,162,8,170,2052,2222,565,396,493,1058,4444,4444,356,2052,2408,11296
2390,147,5,152,2011,2163,485,342,426,911,4326,4326,315,2011,2326,10978
2391,159,9,168,2050,2218,585,398,475,1060,4436,4436,350,2050,2400,11272
2392,157,12,169,1986,2155,615,380,470,1085,4310,4310,363,1986,2349,10969
2393,159,12,171,2010,2181,596,408,488,1084,4362,4362,363,2010,2373,11097
2394,132,10,142,2013,2155,489,380,476,965,4310,4310,303,2013,2316,10936
2395,131,13,144,2129,2273,502,420,499,1001,4546,4546,308,2129,2437,11529
2396,147,16,163,2061,2224,592,416,502,1094,4448,4448,356,2061,2417,11313
2397,162,11,173,1948,2121,569,352,429,998,4242,4242,367,1948,2315,10799
2398,160,13,173,2044,2217,596,412,494,1090,4434,4434,370,2044,2414,11282
2399,165,8,173,2137,2310,622,395,483,1105,4620,4620,369,2137,2506,11746
2400,157,9,166,2058,2224,588,416,498,1086,4448,4448,352,2058,2410,11306
2401,153,16,169,1985,2154,610,354,432,1042,4308,4308,371,1985,2356,10972
2402,156,5,161,2036,2197,511,352,446,957,4394,4394,333,2036,2369,11157
2403,127,6,133,1955,2088,419,380,467,886,4176,4176,278,1955,2233,10585
2404,151,10,161,1962,2123,554,373,451,1005,4246,4246,344,1962,2306,10798
2405,159,14,173,2009,2182,643,416,506,1149,4364,4364,370,2009,2379,11107
2406,151,5,156,2095,2251,494,413,495,989,4502,4502,320,2095,2415,11419
2407,147,5,152,2023,2175,482,363,449,931,4350,4350,313,2023,2336,11036
2408,176,8,184,1907,2091,614,367,450,1064,4182,4182,385,1907,2292,10656
2409,143,11,154,1966,2120,549,373,468,1017,4240,4240,325,1966,2291,10771
2410,157,12,169,2073,2242,603,406,491,1094,4484,4484,363,2073,2436,11404
2411,143,10,153,2009,2162,518,374,452,970,4324,4324,328,2009,2337,10985
2412,166,14,180,1971,2151,623,372,444,1067,4302,4302,388,1971,2359,10963
2413,140,11,151,2033,2184,530,383,472,1002,4368,4368,321,2033,2354,11090
2414,156,9,165,2006,2171,558,367,445,1003,4342,4342,347,2006,2353,11037
2415,146,11,157,2074,2231,538,429,533,1071,4462,4462,336,2074,2410,11334
2416,146,5,151,2016,2167,494,365,440,934,4334,4334,311,2016,2327,10995
2417,124,9,133,1994,2127,476,394,470,946,4254,4254,283,1994,2277,10785
2418,164,12,176,2022,2198,580,399,472,1052,4396,4396,376,2022,2398,11190
2419,154,13,167,2057,2224,558,362,441,999,4448,4448,362,2057,2419,11315
2420,147,13,160,2077,2237,596,380,478,1074,4474,4474,350,2077,2427,11375
2421,149,11,160,2059,2219,588,415,500,1088,4438,4438,340,2059,2399,11275
2422,159,13,172,2024,2196,612,375,449,1061,4392,4392,365,2024,2389,11173
2423,176,8,184,2051,2235,626,412,499,1125,4470,4470,382,2051,2433,11373
2424,156,17,173,1996,2169,623,383,464,1087,4338,4338,378,1996,2374,11050
2425,150,11,161,2026,2187,584,393,478,1062,4374,4374,342,2026,2368,11116
2426,160,10,170,2043,2213,543,403,496,1039,4426,4426,354,2043,2397,11249
2427,159,9,168,2030,2198,567,378,468,1035,4396,4396,358,2030,2388,11180
2428,153,9,162,2043,2205,585,402,477,1062,4410,4410,341,2043,2384,11204
2429,169,13,182,2027,2209,613,362,440,1053,4418,4418,382,2027,2409,11245
2430,156,10,166,2017,2183,556,382,469,1025,4366,4366,347,2017,2364,11096
2431,151,10,161,2099,2260,542,397,487,1029,4520,4520,342,2099,2441,11481
2432,159,9,168,2022,2190,521,369,450,971,4380,4380,350,2022,2372,11132
2433,146,7,153,2040,2193,516,397,484,1000,4386,4386,318,2040,2358,11130
2434,159,15,174,2045,2219,595,394,483,1078,4438,4438,377,2045,2422,11298
2435,129,9,138,2069,2207,494,372,451,945,4414,4414,290,2069,2359,11187
2436,174,8,182,1966,2148,597,374,454,1051,4296,4296,378,1966,2344,10936
2437,160,12,172,2011,2183,549,399,485,1034,4366,4366,367,2011,2378,11110
2438,150,8,158,2116,2274,533,413,501,1034,4548,4548,335,2116,2451,11547
2439,139,16,155,2058,2213,559,408,505,1064,4426,4426,334,2058,2392,11244
2440,159,6,165,2024,2189,585,358,440,1025,4378,4378,344,2024,2368,11124
2441,156,7,163,2041,2204,548,411,489,1037,4408,4408,338,2041,2379,11195
2442,135,13,148,2046,2194,513,414,509,1022,4388,4388,321,2046,2367,11143
2443,151,10,161,2066,2227,571,406,499,1070,4454,4454,341,2066,2407,11315
2444,139,7,146,2080,2226,477,410,499,976,4452,4452,306,2080,2386,11290
2445,161,10,171,2034,2205,560,380,453,1013,4410,4410,356,2034,2390,11210
2446,163,10,173,2063,2236,558,364,442,1000,4472,4472,366,2063,2429,11373
2447,156,7,163,2035,2198,593,370,451,1044,4396,4396,338,2035,2373,11165
2448,158,8,166,2032,2198,557,410,503,1060,4396,4396,351,2032,2383,11175
2449,164,15,179,2058,2237,608,365,453,1061,4474,4474,393,2058,2451,11399
2450,148,13,161,2043,2204,530,392,489,1019,4408,4408,351,2043,2394,11210
2451,157,14,171,2027,2198,591,405,491,1082,4396,4396,371,2027,2398,11190
2452,133,7,140,2004,2144,457,353,433,890,4288,4288,296,2004,2300,10876
2453,148,6,154,2088,2242,495,429,537,1032,4484,4484,316,2088,2404,11372
2454,164,12,176,2009,2185,664,414,502,1166,4370,4370,382,2009,2391,11131
2455,148,5,153,2023,2176,491,360,437,928,4352,4352,312,2023,2335,11039
2456,152,14,166,2008,2174,587,386,472,1059,4348,4348,367,2008,2375,11071
2457,141,9,150,2124,2274,486,411,512,998,4548,4548,319,2124,2443,11539
2458,154,12,166,2056,2222,566,418,510,1076,4444,4444,349,2056,2405,11293
2459,151,3,154,2010,2164,497,396,486,983,4328,4328,318,2010,2328,10984
2460,149,5,154,1939,2093,514,361,439,953,4186,4186,320,1939,2259,10631
2461,154,12,166,2056,2222,601,411,498,1099,4444,4444,360,2056,2416,11304
2462,149,11,160,1961,2121,570,386,476,1046,4242,4242,337,1961,2298,10782
2463,137,12,149,2105,2254,514,390,494,1008,4508,4508,321,2105,2426,11442
2464,141,10,151,2054,2205,519,418,509,1028,4410,4410,319,2054,2373,11193
2465,135,13,148,1954,2102,535,384,460,995,4204,4204,322,1954,2276,10684
2466,161,6,167,2098,2265,580,385,480,1060,4530,4530,347,2098,2445,11505
2467,134,11,145,2040,2185,497,388,481,978,4370,4370,304,2040,2344,11084
2468,152,11,163,2051,2214,540,378,468,1008,4428,4428,351,2051,2402,11258
2469,148,9,157,1999,2156,509,389,481,990,4312,4312,337,1999,2336,10960
2470,148,8,156,2126,2282,521,415,506,1027,4564,4564,323,2126,2449,11577
2471,163,8,171,2055,2226,551,393,481,1032,4452,4452,359,2055,2414,11318
2472,137,14,151,2057,2208,534,407,485,1019,4416,4416,326,2057,2383,11215
2473,134,5,139,2037,2176,483,368,450,933,4352,4352,291,2037,2328,11032
2474,150,6,156,2071,2227,489,411,510,999,4454,4454,323,2071,2394,11302
2475,161,10,171,2032,2203,593,396,483,1076,4406,4406,362,2032,2394,11206
2476,149,12,161,2021,2182,521,375,461,982,4364,4364,342,2021,2363,11091
2477,140,8,148,2020,2168,483,357,436,919,4336,4336,310,2020,2330,11002
2478,153,14,167,2037,2204,584,400,490,1074,4408,4408,361,2037,2398,11214
2479,166,7,173,2035,2208,583,404,487,1070,4416,4416,360,2035,2395,11227
2480,155,12,167,2046,2213,569,379,470,1039,4426,4426,361,2046,2407,11259
2481,138,13,151,2018,2169,551,363,445,996,4338,4338,338,2018,2356,11032
2482,145,4,149,2047,2196,486,385,460,946,4392,4392,306,2047,2353,11137
2483,158,10,168,2073,2241,592,379,469,1061,4482,4482,362,2073,2435,11399
2484,131,3,134,2085,2219,409,369,456,865,4438,4438,272,2085,2357,11233
2485,161,8,169,2051,2220,531,389,467,998,4440,4440,353,2051,2404,11284
2486,142,7,149,2109,2258,480,397,478,958,4516,4516,315,2109,2424,11456
2487,161,13,174,2060,2234,611,394,494,1105,4468,4468,373,2060,2433,11369
2488,142,9,151,1976,2127,491,367,469,960,4254,4254,319,1976,2295,10803
2489,170,9,179,2012,2191,619,379,458,1077,4382,4382,375,2012,2387,11151
2490,149,17,166,1976,2142,608,383,487,1095,4284,4284,370,1976,2346,10914
2491,146,10,156,1948,2104,514,354,426,940,4208,4208,330,1948,2278,10694
2492,159,10,169,2056,2225,577,397,468,1045,4450,4450,358,2056,2414,11314
2493,153,9,162,2099,2261,529,398,498,1027,4522,4522,341,2099,2440,11484
2494,144,11,155,2080,2235,546,366,454,1000,4470,4470,329,2080,2409,11349
2495,163,6,169,2078,2247,508,398,468,976,4494,4494,351,2078,2429,11417
2496,148,3,151,2133,2284,487,443,546,1033,4568,4568,305,2133,2438,11574
2497,148,12,160,2072,2232,543,409,507,1050,4464,4464,341,2072,2413,11341
2498,150,9,159,2073,2232,544,387,470,1014,4464,4464,335,2073,2408,11336
2499,140,8,148,2054,2202,496,393,484,980,4404,4404,313,2054,2367,11175
2500,152,6,158,2009,2167,530,396,487,1017,4334,4334,328,2009,2337,11005
2501,148,14,162,2080,2242,559,378,470,1029,4484,4484,348,2080,2428,11396
2502,143,6,149,2014,2163,473,368,454,927,4326,4326,312,2014,2326,10978
2503,147,12,159,2057,2216,565,418,510,1075,4432,4432,339,2057,2396,11260
2504,147,6,153,2035,2188,495,397,493,988,4376,4376,319,2035,2354,11106
2505,149,9,158,2063,2221,546,394,482,1028,4442,4442,331,2063,2394,11278
2506,148,12,160,2036,2196,562,364,448,1010,4392,4392,338,2036,2374,11158
2507,158,14,172,1991,2163,574,388,482,1056,4326,4326,364,1991,2355,11007
2508,137,10,147,2047,2194,502,398,489,991,4388,4388,309,2047,2356,11132
2509,173,8,181,2063,2244,620,393,473,1093,4488,4488,379,2063,2442,11418
2510,157,11,168,2022,2190,597,388,477,1074,4380,4380,358,2022,2380,11140
2511,160,8,168,2002,2170,537,386,472,1009,4340,4340,352,2002,2354,11034
2512,130,11,141,2087,2228,456,399,490,946,4456,4456,303,2087,2390,11302
2513,159,9,168,2097,2265,570,401,498,1068,4530,4530,355,2097,2452,11512
2514,158,10,168,2064,2232,583,402,495,1078,4464,4464,358,2064,2422,11350
2515,161,8,169,2054,2223,583,375,458,1041,4446,4446,350,2054,2404,11296
2516,176,9,185,1976,2161,578,381,480,1058,4322,4322,383,1976,2359,11003
2517,161,7,168,2019,2187,577,378,464,1041,4374,4374,350,2019,2369,11117
2518,152,9,161,1974,2135,539,384,463,1002,4270,4270,338,1974,2312,10852
2519,152,10,162,2042,2204,507,393,487,994,4408,4408,338,2042,2380,11196
2520,157,9,166,2030,2196,552,389,475,1027,4392,4392,345,2030,2375,11159
2521,179,4,183,2084,2267,617,379,472,1089,4534,4534,376,2084,2460,11528
2522,167,13,180,2057,2237,623,382,467,1090,4474,4474,384,2057,2441,11389
2523,157,12,169,2056,2225,599,385,479,1078,4450,4450,360,2056,2416,11316
2524,170,11,181,2048,2229,639,367,440,1079,4458,4458,387,2048,2435,11351
2525,141,9,150,1919,2069,517,361,427,944,4138,4138,317,1919,2236,10512
2526,154,6,160,1987,2147,527,392,469,996,4294,4294,332,1987,2319,10907
2527,159,4,163,1976,2139,543,378,463,1006,4278,4278,333,1976,2309,10865
2528,161,8,169,2068,2237,559,374,439,998,4474,4474,351,2068,2419,11367
2529,179,11,190,2019,2209,635,379,457,1092,4418,4418,399,2019,2418,11254
2530,164,13,177,1975,2152,614,371,447,1061,4304,4304,375,1975,2350,10958
2531,158,8,166,2066,2232,576,371,447,1023,4464,4464,344,2066,2410,11338
2532,144,10,154,2043,2197,509,384,461,970,4394,4394,333,2043,2376,11164
2533,157,12,169,2050,2219,595,415,502,1097,4438,4438,368,2050,2418,11294
2534,146,7,153,2056,2209,486,399,472,958,4418,4418,316,2056,2372,11208
2535,142,11,153,1971,2124,532,361,439,971,4248,4248,326,1971,2297,10793
2536,151,7,158,2020,2178,505,403,486,991,4356,4356,325,2020,2345,11057
2537,164,9,173,2051,2224,580,386,469,1049,4448,4448,365,2051,2416,11312
2538,158,13,171,1949,2120,575,364,439,1014,4240,4240,373,1949,2322,10802
2539,156,10,166,2038,2204,556,381,463,1019,4408,4408,354,2038,2392,11208
2540,144,10,154,2045,2199,531,396,481,1012,4398,4398,327,2045,2372,11168
2541,165,11,176,2031,2207,666,396,482,1148,4414,4414,380,2031,2411,11239
2542,160,6,166,2017,2183,544,367,442,986,4366,4366,343,2017,2360,11092
2543,172,12,184,2038,2222,650,389,473,1123,4444,4444,389,2038,2427,11315
2544,133,14,147,2025,2172,508,370,454,962,4344,4344,320,2025,2345,11033
2545,148,5,153,2059,2212,496,408,488,984,4424,4424,313,2059,2372,11220
2546,162,15,177,2101,2278,644,430,528,1172,4556,4556,392,2101,2493,11605
2547,145,10,155,2027,2182,546,387,484,1030,4364,4364,332,2027,2359,11087
2548,174,12,186,1998,2184,666,392,468,1134,4368,4368,397,1998,2395,11131
2549,137,11,148,1976,2124,540,390,473,1013,4248,4248,323,1976,2299,10795
2550,160,11,171,1988,2159,543,424,512,1055,4318,4318,363,1988,2351,10987
2551,167,14,181,2108,2289,613,398,487,1100,4578,4578,390,2108,2498,11654
2552,155,15,170,2049,2219,590,394,484,1074,4438,4438,365,2049,2414,11290
2553,151,10,161,2137,2298,545,423,515,1060,4596,4596,339,2137,2476,11668
2554,126,12,138,2023,2161,441,380,449,890,4322,4322,296,2023,2319,10963
2555,156,9,165,2003,2168,537,383,453,990,4336,4336,345,2003,2348,11020
2556,150,6,156,2018,2174,543,414,514,1057,4348,4348,326,2018,2344,11040
2557,164,9,173,2007,2180,596,384,467,1063,4360,4360,360,2007,2367,11087
2558,168,9,177,2061,2238,629,381,469,1098,4476,4476,373,2061,2434,11386
2559,177,9,186,1972,2158,623,373,440,1063,4316,4316,391,1972,2363,10995
2560,172,6,178,1997,2175,608,357,428,1036,4350,4350,363,1997,2360,11060
2561,141,9,150,2052,2202,523,359,434,957,4404,4404,318,2052,2370,11178
2562,158,15,173,2021,2194,619,401,473,1092,4388,4388,383,2021,2404,11180
2563,146,17,163,2042,2205,549,414,510,1059,4410,4410,356,2042,2398,11218
2564,140,11,151,2044,2195,529,347,414,943,4390,4390,322,2044,2366,11146
2565,170,6,176,2024,2200,546,381,461,1007,4400,4400,361,2024,2385,11185
2566,142,13,155,2072,2227,519,397,486,1005,4454,4454,327,2072,2399,11307
2567,147,8,155,2022,2177,528,356,447,975,4354,4354,330,2022,2352,11060
2568,150,6,156,2053,2209,527,395,480,1007,4418,4418,322,2053,2375,11211
2569,161,5,166,2013,2179,554,366,442,996,4358,4358,344,2013,2357,11073
2570,164,14,178,2069,2247,635,407,490,1125,4494,4494,378,2069,2447,11435
2571,157,11,168,1985,2153,610,348,418,1028,4306,4306,360,1985,2345,10957
2572,163,10,173,2055,2228,599,400,481,1080,4456,4456,366,2055,2421,11333
2573,153,8,161,1995,2156,523,339,412,935,4312,4312,334,1995,2329,10953
2574,151,15,166,1986,2152,579,380,470,1049,4304,4304,362,1986,2348,10956
2575,161,10,171,2026,2197,584,397,493,1077,4394,4394,359,2026,2385,11173
2576,137,13,150,2012,2162,535,380,462,997,4324,4324,332,2012,2344,10992
2577,179,13,192,2005,2197,653,355,427,1080,4394,4394,410,2005,2415,11203
2578,141,7,148,2020,2168,543,380,477,1020,4336,4336,315,2020,2335,11007
2579,144,14,158,1986,2144,571,366,447,1018,4288,4288,341,1986,2327,10903
2580,146,15,161,1991,2152,557,369,449,1006,4304,4304,357,1991,2348,10956
2581,166,12,178,2020,2198,596,390,479,1075,4396,4396,378,2020,2398,11190
2582,161,9,170,2047,2217,568,369,464,1032,4434,4434,359,2047,2406,11274
2583,133,13,146,2074,2220,540,406,492,1032,4440,4440,317,2074,2391,11271
2584,147,10,157,2036,2193,544,349,416,960,4386,4386,334,2036,2370,11142
2585,151,13,164,2037,2201,593,388,478,1071,4402,4402,353,2037,2390,11194
2586,149,4,153,1980,2133,463,360,434,897,4266,4266,310,1980,2290,10822
2587,145,9,154,2025,2179,529,394,479,1008,4358,4358,326,2025,2351,11067
2588,141,6,147,1985,2132,482,409,499,981,4264,4264,303,1985,2288,10816
2589,163,8,171,2000,2171,570,370,455,1025,4342,4342,364,2000,2364,11048
2590,129,9,138,2050,2188,488,429,509,997,4376,4376,298,2050,2348,11100
2591,149,5,154,2045,2199,543,379,466,1009,4398,4398,321,2045,2366,11162
2592,138,10,148,2092,2240,506,396,483,989,4480,4480,318,2092,2410,11370
2593,155,6,161,1994,2155,583,377,449,1032,4310,4310,338,1994,2332,10952
2594,159,11,170,1984,2154,562,352,428,990,4308,4308,365,1984,2349,10965
2595,131,14,145,1992,2137,525,377,460,985,4274,4274,323,1992,2315,10863
2596,138,12,150,2090,2240,523,443,526,1049,4480,4480,324,2090,2414,11374
2597,133,10,143,2000,2143,475,411,510,985,4286,4286,306,2000,2306,10878
2598,143,14,157,2008,2165,529,365,448,977,4330,4330,341,2008,2349,11009
2599,144,9,153,2043,2196,519,394,490,1009,4392,4392,332,2043,2375,11159
2600,146,18,164,1985,2149,555,387,474,1029,4298,4298,364,1985,2349,10945
2601,154,10,164,2063,2227,533,436,542,1075,4454,4454,345,2063,2408,11316
2602,150,18,168,2018,2186,584,404,506,1090,4372,4372,375,2018,2393,11137
2603,152,3,155,2076,2231,514,373,441,955,4462,4462,316,2076,2392,11316
2604,168,9,177,2048,2225,580,369,459,1039,4450,4450,373,2048,2421,11321
2605,182,9,191,2044,2235,630,382,461,1091,4470,4470,397,2044,2441,11381
2606,163,13,176,1967,2143,585,344,407,992,4286,4286,382,1967,2349,10921
2607,148,16,164,2076,2240,580,418,505,1085,4480,4480,352,2076,2428,11388
2608,171,8,179,2037,2216,603,385,464,1067,4432,4432,375,2037,2412,11276
2609,161,10,171,1919,2090,576,351,431,1007,4180,4180,365,1919,2284,10644
2610,155,10,165,2031,2196,572,367,449,1021,4392,4392,352,2031,2383,11167
2611,153,13,166,2071,2237,555,442,541,1096,4474,4474,356,2071,2427,11375
2612,150,12,162,2088,2250,540,428,529,1069,4500,4500,349,2088,2437,11437
2613,143,10,153,2053,2206,540,392,471,1011,4412,4412,328,2053,2381,11205
2614,130,14,144,2056,2200,514,384,471,985,4400,4400,319,2056,2375,11175
2615,162,13,175,2136,2311,595,443,527,1122,4622,4622,371,2136,2507,11751
2616,145,8,153,2105,2258,509,381,468,977,4516,4516,319,2105,2424,11456
2617,147,12,159,1999,2158,543,367,451,994,4316,4316,341,1999,2340,10972
2618,155,12,167,2037,2204,561,359,431,992,4408,4408,359,2037,2396,11212
2619,149,14,163,2017,2180,556,376,455,1011,4360,4360,356,2017,2373,11093
2620,161,15,176,2019,2195,638,380,463,1101,4390,4390,383,2019,2402,11182
2621,141,5,146,2094,2240,452,382,477,929,4480,4480,301,2094,2395,11355
2622,131,11,142,2084,2226,499,397,476,975,4452,4452,306,2084,2390,11294
2623,158,6,164,2096,2260,529,389,461,990,4520,4520,338,2096,2434,11474
2624,156,14,170,2079,2249,579,372,444,1023,4498,4498,368,2079,2447,11443
2625,157,9,166,1977,2143,579,354,431,1010,4286,4286,350,1977,2327,10899
2626,155,9,164,2001,2165,528,380,478,1006,4330,4330,349,2001,2350,11010
2627,147,12,159,2051,2210,564,407,500,1064,4420,4420,343,2051,2394,11234
2628,147,13,160,2115,2275,557,405,499,1056,4550,4550,345,2115,2460,11560
2629,152,12,164,2020,2184,537,402,480,1017,4368,4368,350,2020,2370,11106
2630,148,14,162,2051,2213,538,376,459,997,4426,4426,348,2051,2399,11251
2631,136,12,148,1979,2127,478,369,459,937,4254,4254,321,1979,2300,10808
2632,162,8,170,2021,2191,578,385,483,1061,4382,4382,356,2021,2377,11141
2633,126,13,139,2033,2172,442,377,463,905,4344,4344,300,2033,2333,11021
2634,140,6,146,2077,2223,458,376,456,914,4446,4446,307,2077,2384,11276
2635,153,13,166,1954,2120,560,359,446,1006,4240,4240,362,1954,2316,10796
2636,172,7,179,2063,2242,589,381,457,1046,4484,4484,375,2063,2438,11406
2637,159,8,167,1939,2106,543,360,440,983,4212,4212,350,1939,2289,10713
2638,154,5,159,1943,2102,498,375,459,957,4204,4204,333,1943,2276,10684
2639,142,7,149,2044,2193,525,373,459,984,4386,4386,309,2044,2353,11125
2640,137,6,143,2036,2179,477,392,478,955,4358,4358,298,2036,2334,11050
2641,151,11,162,2042,2204,554,382,458,1012,4408,4408,346,2042,2388,11204
2642,139,6,145,1965,2110,499,391,474,973,4220,4220,304,1965,2269,10709
2643,135,11,146,2005,2151,475,373,459,934,4302,4302,308,2005,2313,10917
2644,133,9,142,1984,2126,457,387,482,939,4252,4252,299,1984,2283,10787
2645,147,6,153,2021,2174,517,380,462,979,4348,4348,316,2021,2337,11033
2646,178,14,192,2022,2214,659,362,454,1113,4428,4428,412,2022,2434,11290
2647,139,8,147,2119,2266,511,389,470,981,4532,4532,315,2119,2434,11498
2648,156,16,172,2066,2238,642,352,431,1073,4476,4476,379,2066,2445,11397
2649,162,10,172,2015,2187,608,369,460,1068,4374,4374,357,2015,2372,11120
2650,142,7,149,2054,2203,503,393,483,986,4406,4406,316,2054,2370,11182
2651,165,8,173,2118,2291,574,413,496,1070,4582,4582,361,2118,2479,11643
2652,170,6,176,2012,2188,612,368,447,1059,4376,4376,364,2012,2376,11128
2653,139,6,145,2059,2204,471,355,432,903,4408,4408,299,2059,2358,11174
2654,147,5,152,2023,2175,513,392,495,1008,4350,4350,318,2023,2341,11041
2655,154,12,166,2062,2228,546,402,493,1039,4456,4456,357,2062,2419,11331
2656,155,11,166,1983,2149,571,375,447,1018,4298,4298,351,1983,2334,10930
2657,160,6,166,2049,2215,508,389,462,970,4430,4430,344,2049,2393,11253
2658,144,7,151,2024,2175,497,372,440,937,4350,4350,317,2024,2341,11041
2659,148,13,161,2010,2171,590,395,492,1082,4342,4342,354,2010,2364,11048
2660,150,10,160,2083,2243,555,402,480,1035,4486,4486,343,2083,2426,11398
2661,155,9,164,2003,2167,571,403,496,1067,4334,4334,345,2003,2348,11016
2662,156,19,175,2033,2208,652,371,449,1101,4416,4416,396,2033,2429,11261
2663,150,8,158,2072,2230,502,412,508,1010,4460,4460,330,2072,2402,11322
2664,145,14,159,1967,2126,577,353,441,1018,4252,4252,348,1967,2315,10819
2665,147,11,158,1997,2155,509,358,445,954,4310,4310,340,1997,2337,10957
2666,146,7,153,2035,2188,515,374,453,968,4376,4376,320,2035,2355,11107
2667,181,9,190,2058,2248,633,379,465,1098,4496,4496,399,2058,2457,11449
2668,159,7,166,2089,2255,551,392,462,1013,4510,4510,346,2089,2435,11455
2669,160,10,170,2043,2213,568,358,438,1006,4426,4426,353,2043,2396,11248
2670,161,10,171,2062,2233,589,376,458,1047,4466,4466,360,2062,2422,11354
2671,150,7,157,1976,2133,513,380,469,982,4266,4266,323,1976,2299,10831
2672,147,8,155,2018,2173,557,397,499,1056,4346,4346,325,2018,2343,11035
2673,127,10,137,1987,2124,501,394,490,991,4248,4248,295,1987,2282,10778
2674,168,5,173,2016,2189,593,403,480,1073,4378,4378,358,2016,2374,11130
2675,159,4,163,2040,2203,515,366,434,949,4406,4406,340,2040,2380,11192
2676,167,10,177,2000,2177,603,373,455,1058,4354,4354,373,2000,2373,11081
2677,147,14,161,2090,2251,540,390,474,1014,4502,4502,346,2090,2436,11440
2678,169,11,180,2088,2268,577,385,459,1036,4536,4536,375,2088,2463,11535
2679,153,12,165,2078,2243,572,386,482,1054,4486,4486,353,2078,2431,11403
2680,143,6,149,2052,2201,472,379,446,918,4402,4402,313,2052,2365,11169
2681,159,7,166,1924,2090,534,363,439,973,4180,4180,345,1924,2269,10629
2682,172,13,185,1990,2175,634,366,435,1069,4350,4350,396,1990,2386,11086
2683,163,8,171,2005,2176,560,364,437,997,4352,4352,353,2005,2358,11062
2684,149,10,159,1948,2107,486,420,515,1001,4214,4214,330,1948,2278,10706
2685,139,10,149,1936,2085,494,416,492,986,4170,4170,315,1936,2251,10591
2686,147,14,161,2033,2194,525,371,453,978,4388,4388,346,2033,2379,11155
2687,149,6,155,2046,2201,495,406,493,988,4402,4402,321,2046,2367,11171
2688,169,9,178,2074,2252,586,369,453,1039,4504,4504,376,2074,2450,11458
2689,145,10,155,1989,2144,533,380,452,985,4288,4288,324,1989,2313,10889
2690,154,5,159,2090,2249,520,417,500,1020,4498,4498,328,2090,2418,11414
2691,147,13,160,2092,2252,529,413,496,1025,4504,4504,342,2092,2434,11442
2692,165,13,178,2021,2199,609,398,471,1080,4398,4398,384,2021,2405,11201
2693,152,12,164,2126,2290,561,406,481,1042,4580,4580,355,2126,2481,11641
2694,144,8,152,1985,2137,526,368,437,963,4274,4274,317,1985,2302,10850
2695,168,12,180,2019,2199,665,364,435,1100,4398,4398,392,2019,2411,11207
2696,171,11,182,2079,2261,589,377,458,1047,4522,4522,380,2079,2459,11503
2697,129,13,142,1968,2110,504,391,476,980,4220,4220,310,1968,2278,10718
2698,160,7,167,2043,2210,524,360,442,966,4420,4420,351,2043,2394,11234
2699,163,14,177,2063,2240,627,406,496,1123,4480,4480,383,2063,2446,11406
2700,158,19,177,2076,2253,653,396,467,1120,4506,4506,394,2076,2470,11482
2701,153,8,161,2075,2236,537,397,486,1023,4472,4472,341,2075,2416,11360
2702,150,10,160,1982,2142,530,360,449,979,4284,4284,342,1982,2324,10892
2703,174,13,187,2095,2282,661,388,479,1140,4564,4564,399,2095,2494,11622
2704,144,9,153,2032,2185,530,378,464,994,4370,4370,326,2032,2358,11098
2705,137,9,146,2018,2164,521,375,448,969,4328,4328,313,2018,2331,10987
2706,157,10,167,2076,2243,589,388,465,1054,4486,4486,353,2076,2429,11401
2707,134,13,147,2090,2237,490,411,508,998,4474,4474,320,2090,2410,11358
2708,152,13,165,2036,2201,566,401,503,1069,4402,4402,361,2036,2397,11201
2709,150,11,161,2017,2178,566,374,462,1028,4356,4356,347,2017,2364,11076
2710,142,13,155,2098,2253,555,407,498,1053,4506,4506,338,2098,2436,11448
2711,164,11,175,2024,2199,648,384,474,1122,4398,4398,375,2024,2399,11195
2712,164,13,177,1977,2154,598,355,409,1007,4308,4308,380,1977,2357,10973
2713,173,16,189,2010,2199,631,396,486,1117,4398,4398,412,2010,2422,11218
2714,167,10,177,1986,2163,635,374,461,1096,4326,4326,381,1986,2367,11019
2715,135,10,145,2022,2167,511,388,468,979,4334,4334,309,2022,2331,10999
2716,144,11,155,2062,2217,519,387,479,998,4434,4434,336,2062,2398,11266
2717,160,6,166,2067,2233,538,410,515,1053,4466,4466,346,2067,2413,11345
2718,152,10,162,1999,2161,572,358,434,1006,4322,4322,347,1999,2346,10990
2719,190,10,200,2060,2260,630,371,452,1082,4520,4520,417,2060,2477,11517
2720,173,10,183,2100,2283,627,375,449,1076,4566,4566,382,2100,2482,11614
2721,148,13,161,2115,2276,572,398,481,1053,4552,4552,351,2115,2466,11570
2722,153,12,165,2054,2219,574,382,465,1039,4438,4438,354,2054,2408,11284
2723,153,7,160,2003,2163,538,375,470,1008,4326,4326,333,2003,2336,10988
2724,140,12,152,2033,2185,503,404,494,997,4370,4370,327,2033,2360,11100
2725,155,8,163,2013,2176,541,368,447,988,4352,4352,342,2013,2355,11059
2726,140,13,153,2032,2185,497,383,465,962,4370,4370,330,2032,2362,11102
2727,152,10,162,2080,2242,522,363,440,962,4484,4484,347,2080,2427,11395
2728,164,13,177,2079,2256,614,351,426,1040,4512,4512,377,2079,2456,11480
2729,158,9,167,1973,2140,570,410,491,1061,4280,4280,355,1973,2328,10888
2730,166,9,175,2043,2218,575,381,479,1054,4436,4436,366,2043,2409,11281
2731,177,5,182,2012,2194,610,405,484,1094,4388,4388,375,2012,2387,11163
2732,150,8,158,2103,2261,538,381,474,1012,4522,4522,326,2103,2429,11473
2733,146,10,156,2100,2256,520,381,468,988,4512,4512,331,2100,2431,11455
2734,159,7,166,2133,2299,563,402,506,1069,4598,4598,346,2133,2479,11675
2735,139,10,149,2065,2214,550,397,481,1031,4428,4428,328,2065,2393,11249
2736,177,10,187,2036,2223,612,402,493,1105,4446,4446,393,2036,2429,11321
2737,144,12,156,2020,2176,541,377,457,998,4352,4352,335,2020,2355,11059
2738,162,16,178,2041,2219,673,385,474,1147,4438,4438,401,2041,2442,11318
2739,158,7,165,2074,2239,538,429,537,1075,4478,4478,348,2074,2422,11378
2740,139,10,149,2002,2151,497,406,490,987,4302,4302,321,2002,2323,10927
2741,143,13,156,1944,2100,489,362,431,920,4200,4200,332,1944,2276,10676
2742,157,9,166,1984,2150,568,390,476,1044,4300,4300,352,1984,2336,10936
2743,162,8,170,2022,2192,551,378,454,1005,4384,4384,358,2022,2380,11148
2744,158,13,171,2017,2188,570,379,459,1029,4376,4376,379,2017,2396,11148
2745,154,12,166,2033,2199,588,355,429,1017,4398,4398,355,2033,2388,11184
2746,165,11,176,2098,2274,578,429,538,1116,4548,4548,375,2098,2473,11569
2747,160,13,173,2056,2229,567,416,510,1077,4458,4458,375,2056,2431,11347
2748,164,13,177,2021,2198,610,389,465,1075,4396,4396,388,2021,2409,11201
2749,159,7,166,2096,2262,563,412,511,1074,4524,4524,348,2096,2444,11492
2750,159,12,171,1947,2118,573,357,431,1004,4236,4236,363,1947,2310,10782
2751,147,14,161,2019,2180,590,420,505,1095,4360,4360,352,2019,2371,11091
2752,144,13,157,1982,2139,503,369,469,972,4278,4278,339,1982,2321,10877
2753,158,11,169,2073,2242,578,377,471,1049,4484,4484,359,2073,2432,11400
2754,172,9,181,2033,2214,630,410,496,1126,4428,4428,385,2033,2418,11274
2755,155,12,167,2070,2237,554,410,503,1057,4474,4474,352,2070,2422,11370
2756,169,10,179,2120,2299,594,408,493,1087,4598,4598,375,2120,2495,11691
2757,143,14,157,2012,2169,549,391,488,1037,4338,4338,345,2012,2357,11033
2758,138,12,150,1986,2136,505,383,455,960,4272,4272,322,1986,2308,10852
2759,136,14,150,2047,2197,538,387,464,1002,4394,4394,326,2047,2373,11161
2760,138,11,149,2007,2156,475,411,504,979,4312,4312,315,2007,2322,10946
2761,169,12,181,2084,2265,637,426,520,1157,4530,4530,382,2084,2466,11526
2762,163,7,170,1987,2157,564,380,457,1021,4314,4314,355,1987,2342,10970
2763,159,10,169,2049,2218,577,391,459,1036,4436,4436,362,2049,2411,11283
2764,157,6,163,2049,2212,542,354,429,971,4424,4424,335,2049,2384,11232
2765,153,8,161,2043,2204,551,383,464,1015,4408,4408,332,2043,2375,11191
2766,130,7,137,2100,2237,462,361,450,912,4474,4474,286,2100,2386,11334
2767,164,10,174,2047,2221,581,381,462,1043,4442,4442,368,2047,2415,11299
2768,153,12,165,2040,2205,604,372,456,1060,4410,4410,354,2040,2394,11214
2769,135,13,148,2092,2240,537,386,470,1007,4480,4480,318,2092,2410,11370
2770,152,10,162,2071,2233,537,407,498,1035,4466,4466,345,2071,2416,11348
2771,152,9,161,2130,2291,534,431,531,1065,4582,4582,343,2130,2473,11637
2772,145,10,155,2088,2243,549,409,502,1051,4486,4486,333,2088,2421,11393
2773,159,10,169,2065,2234,576,361,437,1013,4468,4468,356,2065,2421,11357
2774,175,13,188,2040,2228,643,412,503,1146,4456,4456,397,2040,2437,11349
2775,152,11,163,2104,2267,542,374,450,992,4534,4534,353,2104,2457,11525
2776,167,14,181,1967,2148,605,401,485,1090,4296,4296,393,1967,2360,10952
2777,147,10,157,2024,2181,548,387,484,1032,4362,4362,331,2024,2355,11079
2778,161,11,172,2074,2246,584,391,478,1062,4492,4492,365,2074,2439,11423
2779,146,10,156,2117,2273,540,413,515,1055,4546,4546,334,2117,2451,11543
2780,154,7,161,2058,2219,551,405,489,1040,4438,4438,335,2058,2393,11269
2781,172,10,182,2098,2280,607,400,485,1092,4560,4560,380,2098,2478,11598
2782,160,18,178,2074,2252,615,372,459,1074,4504,4504,385,2074,2459,11467
2783,146,11,157,2031,2188,548,361,438,986,4376,4376,337,2031,2368,11120
2784,169,15,184,2035,2219,636,397,476,1112,4438,4438,395,2035,2430,11306
2785,161,10,171,2066,2237,587,391,506,1093,4474,4474,363,2066,2429,11377
2786,142,3,145,1994,2139,478,349,421,899,4278,4278,297,1994,2291,10847
2787,148,9,157,2000,2157,513,377,444,957,4314,4314,329,2000,2329,10957
2788,150,13,163,2107,2270,590,408,495,1085,4540,4540,352,2107,2459,11539
2789,159,5,164,2046,2210,471,395,481,952,4420,4420,339,2046,2385,11225
2790,142,11,153,2001,2154,518,375,451,969,4308,4308,330,2001,2331,10947
2791,174,6,180,2109,2289,578,424,512,1090,4578,4578,372,2109,2481,11637
2792,131,8,139,2010,2149,479,404,498,977,4298,4298,293,2010,2303,10899
2793,147,11,158,1989,2147,546,380,464,1010,4294,4294,342,1989,2331,10919
2794,189,13,202,2034,2236,648,405,494,1142,4472,4472,423,2034,2457,11401
2795,158,12,170,1979,2149,581,389,461,1042,4298,4298,369,1979,2348,10944
2796,156,8,164,2052,2216,511,402,478,989,4432,4432,345,2052,2397,11261
2797,144,16,160,2054,2214,541,363,440,981,4428,4428,351,2054,2405,11261
2798,137,9,146,1916,2062,482,403,485,967,4124,4124,311,1916,2227,10475
2799,125,12,137,2012,2149,460,398,483,943,4298,4298,297,2012,2309,10905
2800,163,11,174,2037,2211,569,377,462,1031,4422,4422,366,2037,2403,11247
2801,154,5,159,1990,2149,520,389,471,991,4298,4298,327,1990,2317,10913
2802,159,15,174,2095,2269,634,379,470,1104,4538,4538,379,2095,2474,11550
2803,166,11,177,2058,2235,633,404,493,1126,4470,4470,384,2058,2442,11382
2804,167,7,174,2058,2232,571,402,494,1065,4464,4464,363,2058,2421,11349
2805,133,12,145,2044,2189,490,401,489,979,4378,4378,310,2044,2354,11110
2806,166,9,175,2075,2250,575,416,506,1081,4500,4500,366,2075,2441,11441
2807,154,9,163,2033,2196,540,396,474,1014,4392,4392,346,2033,2379,11163
2808,144,11,155,1973,2128,536,341,412,948,4256,4256,328,1973,2301,10813
2809,159,11,170,1945,2115,603,373,446,1049,4230,4230,359,1945,2304,10764
2810,140,6,146,2071,2217,493,404,482,975,4434,4434,307,2071,2378,11246
2811,131,8,139,2026,2165,466,369,457,923,4330,4330,296,2026,2322,10982
2812,150,6,156,2101,2257,546,416,493,1039,4514,4514,327,2101,2428,11456
2813,130,5,135,2002,2137,416,414,492,908,4274,4274,281,2002,2283,10831
2814,170,15,185,2007,2192,664,386,472,1136,4384,4384,394,2007,2401,11169
2815,160,16,176,1946,2122,638,380,450,1088,4244,4244,389,1946,2335,10823
2816,159,11,170,2067,2237,562,407,491,1053,4474,4474,368,2067,2435,11383
2817,138,9,147,2026,2173,523,381,457,980,4346,4346,307,2026,2333,11025
2818,165,11,176,2037,2213,592,429,507,1099,4426,4426,373,2037,2410,11262
2819,138,4,142,2088,2230,495,391,481,976,4460,4460,294,2088,2382,11302
2820,177,7,184,2015,2199,617,390,486,1103,4398,4398,383,2015,2398,11194
2821,161,11,172,2051,2223,581,388,471,1052,4446,4446,371,2051,2422,11314
2822,165,6,171,2072,2243,554,416,504,1058,4486,4486,353,2072,2425,11397
2823,163,12,175,2036,2211,595,386,469,1064,4422,4422,374,2036,2410,11254
2824,139,10,149,1990,2139,533,415,499,1032,4278,4278,313,1990,2303,10859
2825,150,12,162,1983,2145,546,400,490,1036,4290,4290,346,1983,2329,10909
2826,172,9,181,2021,2202,582,399,483,1065,4404,4404,379,2021,2400,11208
2827,144,10,154,2042,2196,528,364,457,985,4392,4392,320,2042,2362,11146
2828,142,9,151,2047,2198,512,414,498,1010,4396,4396,320,2047,2367,11159
2829,150,10,160,2011,2171,527,389,482,1009,4342,4342,338,2011,2349,11033
2830,130,10,140,2105,2245,481,400,494,975,4490,4490,297,2105,2402,11382
2831,159,9,168,2009,2177,536,390,480,1016,4354,4354,349,2009,2358,11066
2832,148,12,160,2070,2230,579,354,433,1012,4460,4460,344,2070,2414,11334
2833,153,12,165,2103,2268,576,392,474,1050,4536,4536,354,2103,2457,11529
2834,153,8,161,1967,2128,542,384,460,1002,4256,4256,333,1967,2300,10812
2835,155,13,168,2118,2286,562,392,475,1037,4572,4572,365,2118,2483,11627
2836,152,6,158,2090,2248,538,413,505,1043,4496,4496,326,2090,2416,11408
2837,165,9,174,2007,2181,578,376,452,1030,4362,4362,368,2007,2375,11099
2838,154,12,166,2119,2285,546,405,495,1041,4570,4570,360,2119,2479,11619
2839,152,14,166,2027,2193,581,395,486,1067,4386,4386,354,2027,2381,11153
2840,156,10,166,2115,2281,551,386,463,1014,4562,4562,355,2115,2470,11594
2841,158,14,172,2017,2189,594,372,465,1059,4378,4378,370,2017,2387,11143
2842,161,11,172,2037,2209,566,414,494,1060,4418,4418,359,2037,2396,11232
2843,184,12,196,2049,2245,669,421,505,1174,4490,4490,413,2049,2462,11442
2844,146,10,156,2021,2177,527,361,432,959,4354,4354,333,2021,2354,11062
2845,161,9,170,2057,2227,579,374,452,1031,4454,4454,355,2057,2412,11320
2846,142,14,156,2138,2294,546,397,475,1021,4588,4588,335,2138,2473,11649
2847,155,7,162,1974,2136,553,421,504,1057,4272,4272,337,1974,2311,10855
2848,152,5,157,2036,2193,507,403,489,996,4386,4386,323,2036,2359,11131
2849,168,5,173,2035,2208,559,375,468,1027,4416,4416,354,2035,2389,11221
2850,158,10,168,1990,2158,608,385,458,1066,4316,4316,361,1990,2351,10983
2851,151,5,156,2069,2225,523,392,478,1001,4450,4450,322,2069,2391,11291
2852,146,17,163,2124,2287,571,419,503,1074,4574,4574,360,2124,2484,11632
2853,174,8,182,2114,2296,625,401,478,1103,4592,4592,378,2114,2492,11676
2854,169,16,185,2027,2212,679,417,508,1187,4424,4424,398,2027,2425,11273
2855,155,7,162,2122,2284,499,400,489,988,4568,4568,333,2122,2455,11591
2856,152,9,161,2066,2227,572,371,454,1026,4454,4454,338,2066,2404,11312
2857,164,5,169,2040,2209,576,365,455,1031,4418,4418,348,2040,2388,11224
2858,161,6,167,2036,2203,580,393,474,1054,4406,4406,346,2036,2382,11194
2859,179,13,192,2000,2192,682,398,482,1164,4384,4384,412,2000,2412,11180
2860,159,10,169,2050,2219,570,363,449,1019,4438,4438,357,2050,2407,11283
2861,158,13,171,2027,2198,612,379,459,1071,4396,4396,363,2027,2390,11182
2862,154,13,167,2104,2271,571,398,492,1063,4542,4542,359,2104,2463,11547
2863,153,6,159,2005,2164,514,383,461,975,4328,4328,331,2005,2336,10992
2864,147,8,155,2024,2179,523,386,485,1008,4358,4358,327,2024,2351,11067
2865,138,10,148,1925,2073,461,347,427,888,4146,4146,312,1925,2237,10529
2866,146,7,153,2057,2210,511,401,491,1002,4420,4420,322,2057,2379,11219
2867,151,8,159,2049,2208,558,373,463,1021,4416,4416,331,2049,2380,11212
2868,167,6,173,2002,2175,543,354,434,977,4350,4350,357,2002,2359,11059
2869,160,14,174,1955,2129,613,358,446,1059,4258,4258,375,1955,2330,10846
2870,147,14,161,1944,2105,538,389,472,1010,4210,4210,350,1944,2294,10714
2871,136,11,147,2023,2170,529,387,483,1012,4340,4340,318,2023,2341,11021
2872,161,11,172,2000,2172,587,415,493,1080,4344,4344,370,2000,2370,11058
2873,157,12,169,1985,2154,584,394,471,1055,4308,4308,357,1985,2342,10958
2874,142,5,147,2075,2222,440,402,483,923,4444,4444,302,2075,2377,11265
2875,148,7,155,2087,2242,493,434,526,1019,4484,4484,321,2087,2408,11376
2876,167,12,179,2079,2258,621,412,512,1133,4516,4516,388,2079,2467,11499
2877,154,14,168,2063,2231,591,391,466,1057,4462,4462,366,2063,2429,11353
2878,154,14,168,2008,2176,592,383,480,1072,4352,4352,367,2008,2375,11079
2879,151,11,162,2047,2209,573,393,475,1048,4418,4418,349,2047,2396,11232
2880,153,7,160,2059,2219,528,395,475,1003,4438,4438,333,2059,2392,11268
2881,146,10,156,2072,2228,552,406,505,1057,4456,4456,335,2072,2407,11319
2882,146,9,155,2020,2175,540,389,485,1025,4350,4350,328,2020,2348,11048
2883,152,12,164,2052,2216,539,394,469,1008,4432,4432,354,2052,2406,11270
2884,151,13,164,2045,2209,533,379,460,993,4418,4418,352,2045,2397,11233
2885,170,16,186,1964,2150,639,353,430,1069,4300,4300,411,1964,2375,10975
2886,142,5,147,1955,2102,494,295,363,857,4204,4204,301,1955,2256,10664
2887,147,10,157,1969,2126,518,388,480,998,4252,4252,330,1969,2299,10803
2888,157,11,168,2087,2255,571,378,448,1019,4510,4510,355,2087,2442,11462
2889,159,11,170,1962,2132,589,388,468,1057,4264,4264,359,1962,2321,10849
2890,148,11,159,1986,2145,541,392,480,1021,4290,4290,339,1986,2325,10905
2891,144,17,161,2015,2176,578,406,485,1063,4352,4352,352,2015,2367,11071
2892,160,7,167,2010,2177,550,373,471,1021,4354,4354,350,2010,2360,11068
2893,151,11,162,2038,2200,522,401,497,1019,4400,4400,342,2038,2380,11180
2894,178,9,187,2068,2255,590,418,496,1086,4510,4510,395,2068,2463,11483
2895,150,14,164,2000,2164,523,411,499,1022,4328,4328,353,2000,2353,11009
2896,137,4,141,2016,2157,439,393,471,910,4314,4314,288,2016,2304,10932
2897,145,15,160,2024,2184,530,374,446,976,4368,4368,355,2024,2379,11115
2898,143,10,153,2060,2213,520,354,436,956,4426,4426,324,2060,2384,11236
2899,158,13,171,2047,2218,562,389,468,1030,4436,4436,366,2047,2413,11285
2900,139,8,147,2049,2196,521,400,498,1019,4392,4392,311,2049,2360,11144
2901,138,10,148,2037,2185,500,380,484,984,4370,4370,311,2037,2348,11088
2902,157,9,166,2019,2185,555,379,455,1010,4370,4370,348,2019,2367,11107
2903,182,10,192,2018,2210,624,372,467,1091,4420,4420,403,2018,2421,11261
2904,161,10,171,2103,2274,602,419,515,1117,4548,4548,365,2103,2468,11564
2905,145,10,155,1994,2149,531,361,453,984,4298,4298,329,1994,2323,10919
2906,169,10,179,2047,2226,582,391,483,1065,4452,4452,373,2047,2420,11324
2907,160,12,172,2097,2269,606,421,522,1128,4538,4538,367,2097,2464,11540
2908,156,13,169,2028,2197,591,411,498,1089,4394,4394,364,2028,2392,11180
2909,155,7,162,2023,2185,523,393,476,999,4370,4370,337,2023,2360,11100
2910,155,10,165,2067,2232,548,390,479,1027,4464,4464,355,2067,2422,11350
2911,138,8,146,2035,2181,513,347,425,938,4362,4362,311,2035,2346,11070
2912,160,4,164,1967,2131,503,386,462,965,4262,4262,335,1967,2302,10826
2913,152,10,162,1974,2136,559,407,494,1053,4272,4272,343,1974,2317,10861
2914,165,12,177,1985,2162,616,370,436,1052,4324,4324,382,1985,2367,11015
2915,179,8,187,2033,2220,592,384,456,1048,4440,4440,384,2033,2417,11297
2916,147,10,157,2074,2231,554,396,493,1047,4462,4462,336,2074,2410,11334
2917,153,12,165,2001,2166,552,359,458,1010,4332,4332,351,2001,2352,11016
2918,164,9,173,2083,2256,565,389,474,1039,4512,4512,362,2083,2445,11469
2919,164,4,168,2053,2221,520,403,497,1017,4442,4442,343,2053,2396,11280
2920,171,15,186,2002,2188,614,371,450,1064,4376,4376,398,2002,2400,11152
2921,159,7,166,2004,2170,543,359,434,977,4340,4340,341,2004,2345,11025
2922,155,12,167,1978,2145,561,333,413,974,4290,4290,355,1978,2333,10913
2923,148,11,159,2015,2174,556,382,462,1018,4348,4348,337,2015,2352,11048
2924,173,8,181,2009,2190,648,413,520,1168,4380,4380,387,2009,2396,11156
2925,146,8,154,2064,2218,512,414,508,1020,4436,4436,319,2064,2383,11255
2926,143,10,153,2060,2213,548,406,491,1039,4426,4426,337,2060,2397,11249
2927,153,10,163,2083,2246,528,396,475,1003,4492,4492,341,2083,2424,11408
2928,179,8,187,2027,2214,631,412,504,1135,4428,4428,390,2027,2417,11273
2929,134,13,147,2031,2178,507,389,477,984,4356,4356,322,2031,2353,11065
2930,160,9,169,2004,2173,571,392,478,1049,4346,4346,356,2004,2360,11052
2931,132,13,145,2034,2179,501,378,455,956,4358,4358,319,2034,2353,11069
2932,168,10,178,2058,2236,618,373,456,1074,4472,4472,377,2058,2435,11379
2933,151,8,159,2022,2181,512,396,479,991,4362,4362,330,2022,2352,11076
2934,137,9,146,2067,2213,537,379,461,998,4426,4426,308,2067,2375,11227
2935,127,12,139,2132,2271,498,413,502,1000,4542,4542,303,2132,2435,11519
2936,163,10,173,2080,2253,586,393,484,1070,4506,4506,368,2080,2448,11460
2937,166,10,176,2007,2183,588,377,462,1050,4366,4366,374,2007,2381,11113
2938,159,9,168,1980,2148,566,369,461,1027,4296,4296,353,1980,2333,10925
2939,145,12,157,2017,2174,552,376,456,1008,4348,4348,338,2017,2355,11051
2940,149,7,156,2080,2236,522,392,477,999,4472,4472,321,2080,2401,11345
2941,159,10,169,1981,2150,588,336,400,988,4300,4300,356,1981,2337,10937
2942,154,9,163,2080,2243,528,397,479,1007,4486,4486,347,2080,2427,11399
2943,137,9,146,1981,2127,480,365,445,925,4254,4254,307,1981,2288,10796
2944,161,16,177,2090,2267,616,402,501,1117,4534,4534,388,2090,2478,11546
2945,147,5,152,2001,2153,516,385,465,981,4306,4306,311,2001,2312,10924
2946,159,12,171,2012,2183,575,377,452,1027,4366,4366,362,2012,2374,11106
2947,128,10,138,2025,2163,467,427,517,984,4326,4326,298,2025,2323,10975
2948,157,9,166,2005,2171,529,368,438,967,4342,4342,347,2005,2352,11036
2949,159,11,170,1952,2122,556,378,460,1016,4244,4244,355,1952,2307,10795
2950,157,9,166,2028,2194,556,364,457,1013,4388,4388,345,2028,2373,11149
2951,121,7,128,2037,2165,411,407,494,905,4330,4330,272,2037,2309,10969
2952,161,11,172,2039,2211,572,420,514,1086,4422,4422,362,2039,2401,11245
2953,169,9,178,1971,2149,581,357,430,1011,4298,4298,378,1971,2349,10945
2954,149,15,164,2022,2186,528,408,504,1032,4372,4372,351,2022,2373,11117
2955,171,12,183,2042,2225,606,406,506,1112,4450,4450,388,2042,2430,11330
2956,153,10,163,2040,2203,522,359,434,956,4406,4406,345,2040,2385,11197
2957,163,6,169,1960,2129,574,354,437,1011,4258,4258,351,1960,2311,10827
2958,158,6,164,2153,2317,533,407,496,1029,4634,4634,344,2153,2497,11765
2959,141,12,153,2008,2161,568,363,445,1013,4322,4322,330,2008,2338,10982
2960,152,8,160,2030,2190,559,369,471,1030,4380,4380,332,2030,2362,11122
2961,166,10,176,2049,2225,574,389,488,1062,4450,4450,372,2049,2421,11321
2962,170,11,181,2104,2285,612,415,502,1114,4570,4570,386,2104,2490,11630
2963,157,10,167,1999,2166,570,383,461,1031,4332,4332,358,1999,2357,11021
2964,142,9,151,2004,2155,532,364,437,969,4310,4310,317,2004,2321,10941
2965,150,9,159,2061,2220,519,388,471,990,4440,4440,335,2061,2396,11276
2966,151,8,159,2026,2185,527,371,461,988,4370,4370,331,2026,2357,11097
2967,164,7,171,2074,2245,549,391,487,1036,4490,4490,357,2074,2431,11411
2968,147,13,160,2008,2168,547,379,443,990,4336,4336,347,2008,2355,11027
2969,139,10,149,2066,2215,495,411,501,996,4430,4430,317,2066,2383,11243
2970,149,9,158,2104,2262,531,399,486,1017,4524,4524,331,2104,2435,11483
2971,161,10,171,2016,2187,580,406,508,1088,4374,4374,357,2016,2373,11121
2972,141,10,151,1982,2133,523,364,453,976,4266,4266,318,1982,2300,10832
2973,134,11,145,2059,2204,499,409,499,998,4408,4408,306,2059,2365,11181
2974,144,12,156,2009,2165,561,354,433,994,4330,4330,346,2009,2355,11015
2975,156,14,170,2114,2284,581,418,501,1082,4568,4568,368,2114,2482,11618
2976,153,6,159,2056,2215,531,372,457,988,4430,4430,329,2056,2385,11245
2977,143,13,156,1992,2148,538,375,457,995,4296,4296,336,1992,2328,10920
2978,156,8,164,2019,2183,572,365,445,1017,4366,4366,346,2019,2365,11097
2979,155,12,167,2007,2174,596,376,449,1045,4348,4348,355,2007,2362,11058
2980,161,14,175,2001,2176,567,401,492,1059,4352,4352,379,2001,2380,11084
2981,162,17,179,2031,2210,614,405,497,1111,4420,4420,390,2031,2421,11261
2982,152,9,161,2043,2204,540,392,474,1014,4408,4408,338,2043,2381,11197
2983,151,18,169,2021,2190,647,373,445,1092,4380,4380,378,2021,2399,11159
2984,150,11,161,2062,2223,557,399,480,1037,4446,4446,342,2062,2404,11296
2985,130,8,138,2057,2195,428,427,511,939,4390,4390,286,2057,2343,11123
2986,171,11,182,2039,2221,631,370,457,1088,4442,4442,391,2039,2430,11314
2987,139,16,155,2002,2157,536,358,436,972,4314,4314,338,2002,2340,10968
2988,171,14,185,2033,2218,629,379,451,1080,4436,4436,404,2033,2437,11309
2989,151,12,163,2052,2215,591,421,510,1101,4430,4430,351,2052,2403,11263
2990,164,10,174,2007,2181,594,355,440,1034,4362,4362,364,2007,2371,11095
2991,176,10,186,2038,2224,610,394,489,1099,4448,4448,394,2038,2432,11328
2992,140,6,146,2035,2181,479,401,492,971,4362,4362,304,2035,2339,11063
2993,155,4,159,2059,2218,502,379,450,952,4436,4436,327,2059,2386,11258
2994,133,13,146,2034,2180,478,415,499,977,4360,4360,314,2034,2348,11068
2995,160,11,171,2079,2250,574,390,482,1056,4500,4500,364,2079,2443,11443
2996,153,13,166,1956,2122,577,362,451,1028,4244,4244,353,1956,2309,10797
2997,152,9,161,2033,2194,533,398,488,1021,4388,4388,336,2033,2369,11145
2998,172,8,180,2035,2215,629,391,478,1107,4430,4430,379,2035,2414,11274
2999,130,6,136,2006,2142,467,378,457,924,4284,4284,287,2006,2293,10861
3000,130,3,133,2073,2206,411,399,503,914,4412,4412,270,2073,2343,11167
3001,146,15,161,2013,2174,561,406,498,1059,4348,4348,347,2013,2360,11056
3002,166,7,173,2071,2244,568,388,460,1028,4488,4488,363,2071,2434,11410
3003,138,13,151,1965,2116,488,373,440,928,4232,4232,325,1965,2290,10754
3004,150,10,160,1984,2144,514,377,455,969,4288,4288,339,1984,2323,10899
3005,157,6,163,2037,2200,550,412,508,1058,4400,4400,342,2037,2379,11179
3006,160,14,174,1998,2172,584,393,476,1060,4344,4344,370,1998,2368,11056
3007,158,8,166,2004,2170,565,367,449,1014,4340,4340,348,2004,2352,11032
3008,126,12,138,2037,2175,472,373,461,933,4350,4350,302,2037,2339,11039
3009,153,15,168,1997,2165,571,388,483,1054,4330,4330,366,1997,2363,11023
3010,161,9,170,1991,2161,567,366,443,1010,4322,4322,356,1991,2347,10991
3011,149,13,162,2086,2248,557,399,502,1059,4496,4496,356,2086,2442,11434
3012,148,11,159,2094,2253,547,402,486,1033,4506,4506,342,2094,2436,11448
3013,155,13,168,2019,2187,589,400,497,1086,4374,4374,366,2019,2385,11133
3014,147,12,159,1970,2129,551,389,474,1025,4258,4258,334,1970,2304,10820
3015,156,6,162,2099,2261,511,373,452,963,4522,4522,334,2099,2433,11477
3016,164,12,176,2062,2238,638,381,467,1105,4476,4476,370,2062,2432,11384
3017,148,6,154,2022,2176,507,370,450,957,4352,4352,320,2022,2342,11046
3018,166,12,178,2108,2286,597,373,462,1059,4572,4572,377,2108,2485,11629
3019,125,7,132,1953,2085,433,379,462,895,4170,4170,274,1953,2227,10567
3020,151,6,157,2001,2158,520,390,478,998,4316,4316,328,2001,2329,10961
3021,179,14,193,2110,2303,684,377,456,1140,4606,4606,416,2110,2526,11738
3022,156,9,165,2103,2268,527,384,455,982,4536,4536,348,2103,2451,11523
3023,160,11,171,1955,2126,584,363,434,1018,4252,4252,367,1955,2322,10826
3024,153,11,164,2049,2213,556,379,458,1014,4426,4426,343,2049,2392,11244
3025,173,11,184,2006,2190,602,365,426,1028,4380,4380,394,2006,2400,11160
3026,150,8,158,2064,2222,508,391,482,990,4444,4444,333,2064,2397,11285
3027,158,4,162,2091,2253,519,415,500,1019,4506,4506,329,2091,2420,11432
3028,136,10,146,1937,2083,509,364,439,948,4166,4166,313,1937,2250,10582
3029,166,13,179,1971,2150,601,384,472,1073,4300,4300,377,1971,2348,10948
3030,158,13,171,2082,2253,587,430,525,1112,4506,4506,373,2082,2455,11467
3031,157,8,165,2072,2237,552,391,489,1041,4474,4474,349,2072,2421,11369
3032,156,17,173,2072,2245,631,446,538,1169,4490,4490,387,2072,2459,11439
3033,146,14,160,2082,2242,527,413,495,1022,4484,4484,344,2082,2426,11394
3034,147,13,160,2003,2163,551,382,446,997,4326,4326,342,2003,2345,10997
3035,184,14,198,1962,2160,638,357,435,1073,4320,4320,420,1962,2382,11022
3036,154,14,168,2026,2194,578,402,487,1065,4388,4388,364,2026,2390,11166
3037,160,9,169,2085,2254,550,369,450,1000,4508,4508,356,2085,2441,11457
3038,149,12,161,2091,2252,552,374,455,1007,4504,4504,350,2091,2441,11449
3039,132,6,138,2051,2189,535,385,475,1010,4378,4378,288,2051,2339,11095
3040,154,13,167,2019,2186,540,376,448,988,4372,4372,363,2019,2382,11126
3041,160,2,162,2019,2181,526,369,452,978,4362,4362,327,2019,2346,11070
3042,138,12,150,2017,2167,477,407,485,962,4334,4334,319,2017,2336,11004
3043,143,9,152,2064,2216,491,440,535,1026,4432,4432,331,2064,2395,11259
3044,132,14,146,2062,2208,520,394,480,1000,4416,4416,319,2062,2381,11213
3045,157,2,159,1925,2084,518,387,470,988,4168,4168,324,1925,2249,10585
3046,180,8,188,2045,2233,617,372,450,1067,4466,4466,396,2045,2441,11373
3047,155,10,165,2016,2181,529,348,414,943,4362,4362,350,2016,2366,11090
3048,134,6,140,2013,2153,472,375,454,926,4306,4306,292,2013,2305,10917
3049,153,8,161,2044,2205,532,391,472,1004,4410,4410,332,2044,2376,11196
3050,143,11,154,2122,2276,513,389,480,993,4552,4552,332,2122,2454,11558
3051,142,7,149,2053,2202,501,409,502,1003,4404,4404,314,2053,2367,11175
3052,171,11,182,2043,2225,617,393,479,1096,4450,4450,386,2043,2429,11329
3053,152,10,162,2005,2167,558,392,466,1024,4334,4334,348,2005,2353,11021
3054,141,5,146,2113,2259,477,396,477,954,4518,4518,303,2113,2416,11452
3055,161,12,173,1958,2131,576,375,460,1036,4262,4262,369,1958,2327,10851
3056,166,11,177,1967,2144,630,354,435,1065,4288,4288,374,1967,2341,10917
3057,170,5,175,2053,2228,559,412,518,1077,4456,4456,357,2053,2410,11322
3058,126,15,141,1966,2107,497,393,472,969,4214,4214,311,1966,2277,10705
3059,157,4,161,2069,2230,501,400,491,992,4460,4460,328,2069,2397,11317
3060,145,10,155,2052,2207,522,379,449,971,4414,4414,328,2052,2380,11208
3061,134,7,141,2001,2142,477,390,490,967,4284,4284,294,2001,2295,10863
3062,156,6,162,2007,2169,561,424,514,1075,4338,4338,340,2007,2347,11023
3063,156,8,164,2002,2166,556,392,475,1031,4332,4332,346,2002,2348,11012
3064,145,7,152,2036,2188,531,363,439,970,4376,4376,316,2036,2352,11104
3065,171,16,187,2038,2225,651,375,439,1090,4450,4450,409,2038,2447,11347
3066,151,15,166,2060,2226,582,350,430,1012,4452,4452,361,2060,2421,11325
3067,147,9,156,2037,2193,548,391,482,1030,4386,4386,333,2037,2370,11142
3068,148,11,159,2010,2169,562,381,470,1032,4338,4338,336,2010,2346,11022
3069,153,10,163,2120,2283,560,432,536,1096,4566,4566,349,2120,2469,11601
3070,134,10,144,2039,2183,481,382,475,956,4366,4366,307,2039,2346,11078
3071,160,15,175,2030,2205,579,378,469,1048,4410,4410,379,2030,2409,11229
3072,160,10,170,2002,2172,600,363,449,1049,4344,4344,364,2002,2366,11054
3073,155,12,167,1956,2123,571,406,512,1083,4246,4246,361,1956,2317,10809
3074,176,11,187,2095,2282,641,388,466,1107,4564,4564,397,2095,2492,11620
3075,142,10,152,2086,2238,509,395,481,990,4476,4476,324,2086,2410,11362
3076,174,10,184,2106,2290,588,393,479,1067,4580,4580,382,2106,2488,11648
3077,141,13,154,2062,2216,505,386,470,975,4432,4432,335,2062,2397,11261
3078,163,7,170,1998,2168,536,389,468,1004,4336,4336,350,1998,2348,11020
3079,163,10,173,2051,2224,586,394,472,1058,4448,4448,361,2051,2412,11308
3080,152,9,161,2025,2186,527,396,472,999,4372,4372,342,2025,2367,11111
3081,136,10,146,2045,2191,490,404,475,965,4382,4382,310,2045,2355,11119
3082,168,12,180,2061,2241,593,392,481,1074,4482,4482,382,2061,2443,11407
3083,163,12,175,2014,2189,596,381,461,1057,4378,4378,368,2014,2382,11138
3084,151,11,162,1991,2153,537,363,441,978,4306,4306,349,1991,2340,10952
3085,166,8,174,2043,2217,567,368,462,1029,4434,4434,364,2043,2407,11275
3086,144,10,154,1996,2150,560,360,441,1001,4300,4300,327,1996,2323,10923
3087,155,4,159,2104,2263,526,373,463,989,4526,4526,326,2104,2430,11482
3088,132,8,140,2026,2166,458,378,461,919,4332,4332,292,2026,2318,10982
3089,169,14,183,2051,2234,631,397,485,1116,4468,4468,389,2051,2440,11376
3090,151,10,161,2061,2222,572,399,493,1065,4444,4444,336,2061,2397,11285
3091,118,6,124,2012,2136,423,403,483,906,4272,4272,260,2012,2272,10816
3092,137,15,152,2069,2221,526,415,502,1028,4442,4442,336,2069,2405,11289
3093,170,13,183,2098,2281,638,397,478,1116,4562,4562,386,2098,2484,11608
3094,166,12,178,2038,2216,600,373,441,1041,4432,4432,382,2038,2420,11284
3095,153,7,160,2040,2200,572,389,469,1041,4400,4400,342,2040,2382,11182
3096,147,17,164,2040,2204,576,399,496,1072,4408,4408,363,2040,2403,11219
3097,140,9,149,2139,2288,521,395,488,1009,4576,4576,320,2139,2459,11611
3098,154,3,157,2026,2183,513,418,503,1016,4366,4366,319,2026,2345,11077
3099,166,7,173,2032,2205,590,411,477,1067,4410,4410,364,2032,2396,11216
3100,158,8,166,2036,2202,539,379,472,1011,4404,4404,347,2036,2383,11191
3101,158,14,172,2034,2206,581,405,485,1066,4412,4412,373,2034,2407,11231
3102,156,12,168,2066,2234,560,383,466,1026,4468,4468,360,2066,2426,11362
3103,153,8,161,2084,2245,533,413,509,1042,4490,4490,339,2084,2423,11403
3104,153,11,164,1953,2117,586,366,437,1023,4234,4234,349,1953,2302,10770
3105,144,6,150,2003,2153,513,382,460,973,4306,4306,310,2003,2313,10925
3106,154,7,161,1941,2102,566,369,448,1014,4204,4204,339,1941,2280,10688
3107,133,4,137,1952,2089,458,346,420,878,4178,4178,282,1952,2234,10590
3108,157,11,168,2044,2212,597,401,483,1080,4424,4424,360,2044,2404,11252
3109,151,6,157,2017,2174,517,380,453,970,4348,4348,323,2017,2340,11036
3110,135,12,147,2012,2159,519,391,475,994,4318,4318,321,2012,2333,10969
3111,163,8,171,2012,2183,586,373,456,1042,4366,4366,358,2012,2370,11102
3112,164,14,178,2017,2195,591,343,417,1008,4390,4390,381,2017,2398,11178
3113,144,8,152,2076,2228,498,392,472,970,4456,4456,320,2076,2396,11308
3114,136,10,146,2027,2173,508,403,504,1012,4346,4346,306,2027,2333,11025
3115,147,5,152,2027,2179,470,376,463,933,4358,4358,312,2027,2339,11055
3116,153,14,167,1932,2099,559,324,396,955,4198,4198,366,1932,2298,10694
3117,129,8,137,2026,2163,461,387,473,934,4326,4326,290,2026,2316,10968
3118,145,10,155,1947,2102,506,372,444,950,4204,4204,329,1947,2276,10684
3119,164,11,175,2061,2236,597,400,494,1091,4472,4472,368,2061,2429,11373
3120,155,8,163,1982,2145,542,381,460,1002,4290,4290,340,1982,2322,10902
3121,157,12,169,2099,2268,578,403,482,1060,4536,4536,371,2099,2470,11542
3122,141,6,147,2083,2230,497,374,445,942,4460,4460,302,2083,2385,11305
3123,152,14,166,2004,2170,589,402,492,1081,4340,4340,359,2004,2363,11043
3124,143,10,153,2062,2215,532,418,514,1046,4430,4430,330,2062,2392,11252
3125,140,10,150,2052,2202,513,368,445,958,4404,4404,316,2052,2368,11176
3126,154,6,160,2031,2191,488,361,423,911,4382,4382,329,2031,2360,11124
3127,164,9,173,1966,2139,587,356,439,1026,4278,4278,364,1966,2330,10886
3128,146,9,155,2042,2197,503,397,492,995,4394,4394,325,2042,2367,11155
3129,139,6,145,2082,2227,478,375,461,939,4454,4454,301,2082,2383,11291
3130,159,9,168,1981,2149,544,346,418,962,4298,4298,350,1981,2331,10927
3131,150,6,156,1952,2108,511,364,441,952,4216,4216,323,1952,2275,10707
3132,166,7,173,2032,2205,619,378,462,1081,4410,4410,366,2032,2398,11218
3133,144,8,152,2094,2246,486,402,490,976,4492,4492,318,2094,2412,11396
3134,157,14,171,1973,2144,569,392,480,1049,4288,4288,367,1973,2340,10916
3135,144,13,157,1973,2130,554,354,427,981,4260,4260,339,1973,2312,10832
3136,141,6,147,1970,2117,482,391,469,951,4234,4234,306,1970,2276,10744
3137,161,6,167,2077,2244,545,389,474,1019,4488,4488,345,2077,2422,11398
3138,135,4,139,2000,2139,455,364,447,902,4278,4278,284,2000,2284,10840
3139,157,16,173,2069,2242,679,385,470,1149,4484,4484,382,2069,2451,11419
3140,151,14,165,1978,2143,577,373,449,1026,4286,4286,356,1978,2334,10906
3141,143,12,155,2113,2268,543,366,442,985,4536,4536,332,2113,2445,11517
3142,140,14,154,2046,2200,525,386,468,993,4400,4400,336,2046,2382,11182
3143,141,2,143,1984,2127,462,416,512,974,4254,4254,291,1984,2275,10783
3144,141,20,161,2035,2196,577,374,466,1043,4392,4392,364,2035,2399,11183
3145,142,13,155,2072,2227,510,375,459,969,4454,4454,331,2072,2403,11311
3146,123,10,133,2091,2224,442,361,441,883,4448,4448,284,2091,2375,11271
3147,175,11,186,2060,2246,600,403,504,1104,4492,4492,387,2060,2447,11431
3148,154,5,159,2080,2239,535,377,450,985,4478,4478,326,2080,2406,11362
3149,131,13,144,2047,2191,499,381,466,965,4382,4382,314,2047,2361,11125
3150,166,14,180,2081,2261,644,410,497,1141,4522,4522,388,2081,2469,11513
3151,136,5,141,2052,2193,459,383,451,910,4386,4386,290,2052,2342,11114
3152,151,7,158,1977,2135,516,383,459,975,4270,4270,330,1977,2307,10847
3153,149,14,163,2016,2179,536,351,442,978,4358,4358,346,2016,2362,11078
3154,158,12,170,1963,2133,571,348,412,983,4266,4266,360,1963,2323,10855
3155,156,9,165,2025,2190,540,394,501,1041,4380,4380,345,2025,2370,11130
3156,144,10,154,2033,2187,520,400,492,1012,4374,4374,326,2033,2359,11107
3157,165,5,170,1966,2136,565,369,443,1008,4272,4272,350,1966,2316,10860
3158,171,13,184,1975,2159,616,392,477,1093,4318,4318,392,1975,2367,11003
3159,135,7,142,2041,2183,454,392,486,940,4366,4366,295,2041,2336,11068
3160,159,9,168,1992,2160,585,384,475,1060,4320,4320,354,1992,2346,10986
3161,159,9,168,2019,2187,543,379,452,995,4374,4374,355,2019,2374,11122
3162,144,7,151,2007,2158,492,378,453,945,4316,4316,311,2007,2318,10950
3163,153,8,161,2008,2169,528,393,485,1013,4338,4338,336,2008,2344,11020
3164,179,7,186,2023,2209,618,354,431,1049,4418,4418,380,2023,2403,11239
3165,155,6,161,1992,2153,591,360,437,1028,4306,4306,331,1992,2323,10935
3166,154,16,170,1945,2115,602,381,462,1064,4230,4230,371,1945,2316,10776
3167,127,7,134,2115,2249,450,415,525,975,4498,4498,281,2115,2396,11392
3168,140,10,150,2036,2186,486,369,440,926,4372,4372,318,2036,2354,11098
3169,150,6,156,2003,2159,503,360,434,937,4318,4318,324,2003,2327,10963
3170,149,14,163,2032,2195,532,395,476,1008,4390,4390,356,2032,2388,11168
3171,166,8,174,2016,2190,583,385,482,1065,4380,4380,372,2016,2388,11148
3172,155,13,168,1992,2160,601,368,450,1051,4320,4320,366,1992,2358,10998
3173,175,11,186,2100,2286,633,370,450,1083,4572,4572,398,2100,2498,11642
3174,166,11,177,2091,2268,593,412,505,1098,4536,4536,383,2091,2474,11546
3175,143,13,156,2043,2199,543,368,456,999,4398,4398,337,2043,2380,11176
3176,161,11,172,1992,2164,622,354,431,1053,4328,4328,368,1992,2360,11016
3177,136,5,141,2134,2275,459,402,505,964,4550,4550,293,2134,2427,11527
3178,143,11,154,1999,2153,504,393,472,976,4306,4306,322,1999,2321,10933
3179,148,6,154,2035,2189,489,409,500,989,4378,4378,318,2035,2353,11109
3180,169,9,178,2052,2230,585,373,454,1039,4460,4460,370,2052,2422,11342
3181,142,9,151,2040,2191,513,417,512,1025,4382,4382,321,2040,2361,11125
3182,162,12,174,1997,2171,594,363,445,1039,4342,4342,373,1997,2370,11054
3183,145,15,160,2092,2252,530,405,498,1028,4504,4504,344,2092,2436,11444
3184,156,9,165,2020,2185,558,343,416,974,4370,4370,350,2020,2370,11110
3185,131,8,139,2011,2150,507,384,465,972,4300,4300,296,2011,2307,10907
3186,131,16,147,2021,2168,519,355,436,955,4336,4336,328,2021,2349,11021
3187,156,7,163,2013,2176,527,389,494,1021,4352,4352,341,2013,2354,11058
3188,151,17,168,2037,2205,583,384,489,1072,4410,4410,368,2037,2405,11225
3189,143,10,153,2006,2159,501,398,490,991,4318,4318,325,2006,2331,10967
3190,157,8,165,2117,2282,559,419,491,1050,4564,4564,344,2117,2461,11589
3191,128,10,138,2085,2223,452,422,513,965,4446,4446,296,2085,2381,11273
3192,179,5,184,2053,2237,576,383,477,1053,4474,4474,380,2053,2433,11381
3193,153,16,169,2004,2173,589,404,493,1082,4346,4346,361,2004,2365,11057
3194,171,8,179,2082,2261,610,387,468,1078,4522,4522,371,2082,2453,11497
3195,119,6,125,2067,2192,439,369,445,884,4384,4384,262,2067,2329,11097
3196,158,4,162,1987,2149,502,415,498,1000,4298,4298,330,1987,2317,10913
3197,158,8,166,2063,2229,531,405,480,1011,4458,4458,343,2063,2406,11322
3198,155,8,163,2081,2244,548,403,491,1039,4488,4488,352,2081,2433,11409
3199,148,9,157,2029,2186,499,393,488,987,4372,4372,334,2029,2363,11107
3200,127,8,135,2058,2193,429,388,475,904,4386,4386,285,2058,2343,11115
3201,151,14,165,2032,2197,604,394,501,1105,4394,4394,357,2032,2389,11177
3202,154,11,165,1962,2127,546,350,425,971,4254,4254,351,1962,2313,10821
3203,143,12,155,2052,2207,510,366,436,946,4414,4414,333,2052,2385,11213
3204,161,10,171,1981,2152,584,391,478,1062,4304,4304,360,1981,2341,10949
3205,160,7,167,1982,2149,545,356,431,976,4298,4298,348,1982,2330,10926
3206,139,6,145,2096,2241,462,367,447,909,4482,4482,297,2096,2393,11357
3207,135,9,144,2094,2238,482,371,442,924,4476,4476,302,2094,2396,11348
3208,151,17,168,2048,2216,544,381,469,1013,4432,4432,365,2048,2413,11277
3209,174,9,183,2010,2193,598,406,503,1101,4386,4386,382,2010,2392,11164
3210,149,9,158,2089,2247,522,404,490,1012,4494,4494,331,2089,2420,11408
3211,154,10,164,2083,2247,551,385,459,1010,4494,4494,343,2083,2426,11414
3212,174,9,183,2015,2198,583,399,493,1076,4396,4396,387,2015,2402,11194
3213,146,3,149,2010,2159,483,384,472,955,4318,4318,303,2010,2313,10949
3214,143,12,155,2040,2195,538,380,465,1003,4390,4390,334,2040,2374,11154
3215,171,11,182,2140,2322,645,400,488,1133,4644,4644,382,2140,2522,11810
3216,175,10,185,2024,2209,619,399,471,1090,4418,4418,391,2024,2415,11251
3217,155,13,168,1993,2161,583,365,442,1025,4322,4322,363,1993,2356,11000
3218,166,13,179,1933,2112,600,360,448,1048,4224,4224,385,1933,2318,10766
3219,155,7,162,1977,2139,519,369,439,958,4278,4278,334,1977,2311,10867
3220,159,13,172,2044,2216,580,397,479,1059,4432,4432,371,2044,2415,11279
3221,175,18,193,2036,2229,642,385,471,1113,4458,4458,421,2036,2457,11373
3222,138,9,147,1986,2133,491,390,465,956,4266,4266,308,1986,2294,10826
3223,133,8,141,2098,2239,472,438,540,1012,4478,4478,297,2098,2395,11351
3224,146,13,159,2048,2207,573,395,475,1048,4414,4414,341,2048,2389,11217
3225,150,14,164,2010,2174,536,375,470,1006,4348,4348,355,2010,2365,11061
3226,156,9,165,2028,2193,569,387,457,1026,4386,4386,347,2028,2375,11147
3227,170,12,182,2054,2236,613,380,456,1069,4472,4472,384,2054,2438,11382
3228,139,7,146,2030,2176,466,400,480,946,4352,4352,305,2030,2335,11039
3229,160,10,170,1969,2139,600,391,487,1087,4278,4278,358,1969,2327,10883
3230,127,10,137,2117,2254,496,392,483,979,4508,4508,296,2117,2413,11429
3231,144,14,158,2082,2240,575,390,474,1049,4480,4480,341,2082,2423,11383
3232,156,12,168,1970,2138,583,361,450,1033,4276,4276,361,1970,2331,10883
3233,140,11,151,2044,2195,541,369,450,991,4390,4390,325,2044,2369,11149
3234,158,12,170,2116,2286,594,397,488,1082,4572,4572,360,2116,2476,11620
3235,158,9,167,2016,2183,584,369,458,1042,4366,4366,352,2016,2368,11100
3236,150,12,162,2024,2186,605,360,431,1036,4372,4372,354,2024,2378,11122
3237,141,11,152,2043,2195,510,389,477,987,4390,4390,329,2043,2372,11152
3238,139,7,146,1969,2115,517,393,467,984,4230,4230,306,1969,2275,10735
3239,161,15,176,2125,2301,625,388,475,1100,4602,4602,385,2125,2510,11714
3240,150,12,162,2029,2191,551,402,493,1044,4382,4382,348,2029,2377,11141
3241,136,13,149,1965,2114,519,348,430,949,4228,4228,321,1965,2286,10742
3242,168,13,181,2015,2196,617,360,437,1054,4392,4392,385,2015,2400,11184
3243,167,8,175,1972,2147,588,383,468,1056,4294,4294,362,1972,2334,10922
3244,157,11,168,1983,2151,571,409,498,1069,4302,4302,366,1983,2349,10953
3245,166,13,179,1977,2156,622,392,471,1093,4312,4312,386,1977,2363,10987
3246,180,14,194,1919,2113,654,363,451,1105,4226,4226,415,1919,2334,10786
3247,165,10,175,1988,2163,575,364,437,1012,4326,4326,364,1988,2352,11004
3248,143,11,154,2070,2224,547,399,479,1026,4448,4448,336,2070,2406,11302
3249,134,13,147,1952,2099,505,367,459,964,4198,4198,317,1952,2269,10665
3250,143,19,162,1995,2157,562,379,459,1021,4314,4314,362,1995,2357,10985
3251,167,14,181,2023,2204,633,382,466,1099,4408,4408,391,2023,2414,11230
3252,154,8,162,2070,2232,499,399,484,983,4464,4464,340,2070,2410,11338
3253,137,9,146,1989,2135,490,379,461,951,4270,4270,307,1989,2296,10836
3254,158,12,170,2034,2204,558,407,482,1040,4408,4408,368,2034,2402,11218
3255,144,12,156,2062,2218,483,402,480,963,4436,4436,334,2062,2396,11268
3256,142,14,156,2050,2206,553,411,479,1032,4412,4412,343,2050,2393,11217
3257,161,10,171,1984,2155,579,398,481,1060,4310,4310,369,1984,2353,10973
3258,165,10,175,2023,2198,578,367,452,1030,4396,4396,369,2023,2392,11184
3259,142,8,150,2079,2229,480,401,493,973,4458,4458,319,2079,2398,11314
3260,156,11,167,2069,2236,573,356,438,1011,4472,4472,355,2069,2424,11368
3261,132,15,147,2066,2213,556,406,519,1075,4426,4426,330,2066,2396,11248
3262,158,10,168,2051,2219,556,421,510,1066,4438,4438,352,2051,2403,11279
3263,156,6,162,2066,2228,511,385,471,982,4456,4456,335,2066,2401,11313
3264,143,12,155,1960,2115,528,381,465,993,4230,4230,332,1960,2292,10752
3265,155,13,168,1981,2149,568,418,502,1070,4298,4298,362,1981,2343,10939
3266,133,21,154,2034,2188,573,394,474,1047,4376,4376,352,2034,2386,11138
3267,163,12,175,2063,2238,587,364,450,1037,4476,4476,376,2063,2439,11391
3268,161,8,169,2079,2248,569,399,484,1053,4496,4496,355,2079,2434,11426
3269,152,13,165,2049,2214,573,370,453,1026,4428,4428,353,2049,2402,11258
3270,150,13,163,1985,2148,583,412,498,1081,4296,4296,351,1985,2336,10928
3271,147,5,152,1978,2130,508,404,520,1028,4260,4260,315,1978,2293,10813
3272,157,8,165,1993,2158,556,382,472,1028,4316,4316,345,1993,2338,10970
3273,138,12,150,2040,2190,525,389,471,996,4380,4380,329,2040,2369,11129
3274,166,14,180,2047,2227,617,386,459,1076,4454,4454,386,2047,2433,11341
3275,149,13,162,2037,2199,531,393,462,993,4398,4398,349,2037,2386,11182
3276,145,5,150,2050,2200,481,376,469,950,4400,4400,311,2050,2361,11161
3277,155,5,160,2008,2168,522,387,474,996,4336,4336,328,2008,2336,11008
3278,134,10,144,1982,2126,478,346,410,888,4252,4252,307,1982,2289,10793
3279,176,9,185,2028,2213,637,416,508,1145,4426,4426,389,2028,2417,11269
3280,173,14,187,2068,2255,673,400,485,1158,4510,4510,402,2068,2470,11490
3281,140,9,149,2024,2173,514,363,432,946,4346,4346,315,2024,2339,11031
3282,141,10,151,2035,2186,516,383,474,990,4372,4372,329,2035,2364,11108
3283,149,11,160,2014,2174,551,398,484,1035,4348,4348,346,2014,2360,11056
3284,141,14,155,2013,2168,541,391,473,1014,4336,4336,329,2013,2342,11014
3285,160,8,168,2038,2206,549,391,478,1027,4412,4412,356,2038,2394,11218
3286,145,6,151,2067,2218,498,372,455,953,4436,4436,311,2067,2378,11250
3287,148,11,159,2054,2213,505,363,439,944,4426,4426,341,2054,2395,11247
3288,150,16,166,2093,2259,544,417,517,1061,4518,4518,357,2093,2450,11486
3289,148,14,162,2031,2193,592,392,467,1059,4386,4386,354,2031,2385,11157
3290,142,7,149,2080,2229,477,396,484,961,4458,4458,312,2080,2392,11308
3291,145,13,158,2029,2187,568,377,452,1020,4374,4374,345,2029,2374,11122
3292,167,10,177,1991,2168,579,363,442,1021,4336,4336,372,1991,2363,11035
3293,156,6,162,2028,2190,517,370,447,964,4380,4380,336,2028,2364,11124
3294,177,15,192,1973,2165,657,383,470,1127,4330,4330,408,1973,2381,11041
3295,159,11,170,2069,2239,604,407,486,1090,4478,4478,366,2069,2435,11391
3296,147,5,152,1983,2135,500,386,485,985,4270,4270,314,1983,2297,10837
3297,182,6,188,2036,2224,611,422,526,1137,4448,4448,389,2036,2425,11321
3298,152,11,163,2018,2181,538,374,452,990,4362,4362,346,2018,2364,11088
3299,164,11,175,2054,2229,589,387,473,1062,4458,4458,369,2054,2423,11339
3300,147,10,157,2057,2214,562,403,492,1054,4428,4428,334,2057,2391,11247
3301,158,8,166,2086,2252,560,406,498,1058,4504,4504,353,2086,2439,11447
3302,147,14,161,2049,2210,558,399,481,1039,4420,4420,345,2049,2394,11234
3303,147,15,162,2099,2261,572,397,475,1047,4522,4522,352,2099,2451,11495
3304,167,14,181,1950,2131,608,371,442,1050,4262,4262,389,1950,2339,10863
3305,164,10,174,2043,2217,563,381,471,1034,4434,4434,369,2043,2412,11280
3306,145,11,156,2052,2208,555,368,444,999,4416,4416,336,2052,2388,11220
3307,152,10,162,2046,2208,536,358,440,976,4416,4416,340,2046,2386,11218
3308,143,12,155,1996,2151,529,423,511,1040,4302,4302,336,1996,2332,10936
3309,165,10,175,2135,2310,570,424,520,1090,4620,4620,371,2135,2506,11746
3310,166,7,173,1989,2162,567,393,468,1035,4324,4324,356,1989,2345,10993
3311,167,13,180,2038,2218,633,404,496,1129,4436,4436,387,2038,2425,11297
3312,147,12,159,2034,2193,556,416,513,1069,4386,4386,346,2034,2380,11152
3313,159,5,164,2089,2253,575,389,467,1042,4506,4506,337,2089,2426,11438
3314,149,14,163,2025,2188,547,361,440,987,4376,4376,346,2025,2371,11123
3315,161,10,171,2012,2183,589,368,447,1036,4366,4366,361,2012,2373,11105
3316,154,11,165,2029,2194,566,390,475,1041,4388,4388,352,2029,2381,11157
3317,154,10,164,2057,2221,553,392,483,1036,4442,4442,345,2057,2402,11286
3318,140,7,147,2012,2159,475,372,459,934,4318,4318,306,2012,2318,10954
3319,148,10,158,2036,2194,521,333,405,926,4388,4388,335,2036,2371,11147
3320,175,8,183,1978,2161,618,359,451,1069,4322,4322,385,1978,2363,11007
3321,162,10,172,2132,2304,562,413,504,1066,4608,4608,361,2132,2493,11709
3322,140,11,151,2015,2166,554,362,429,983,4332,4332,333,2015,2348,11012
3323,180,5,185,2006,2191,636,383,479,1115,4382,4382,376,2006,2382,11146
3324,159,9,168,2059,2227,540,402,496,1036,4454,4454,354,2059,2413,11321
3325,146,9,155,2008,2163,510,406,506,1016,4326,4326,328,2008,2336,10988
3326,162,13,175,1982,2157,598,360,437,1035,4314,4314,374,1982,2356,10984
3327,152,14,166,1977,2143,569,390,455,1024,4286,4286,357,1977,2334,10906
3328,176,5,181,2002,2183,607,397,497,1104,4366,4366,370,2002,2372,11104
3329,138,20,158,2074,2232,606,396,489,1095,4464,4464,362,2074,2436,11364
3330,133,8,141,1995,2136,506,400,485,991,4272,4272,302,1995,2297,10841
3331,156,12,168,2059,2227,592,418,511,1103,4454,4454,360,2059,2419,11327
3332,146,10,156,2057,2213,513,368,454,967,4426,4426,331,2057,2388,11240
3333,166,8,174,2076,2250,564,374,448,1012,4500,4500,363,2076,2439,11439
3334,157,7,164,1962,2126,535,355,431,966,4252,4252,345,1962,2307,10811
3335,148,6,154,2006,2160,509,414,511,1020,4320,4320,315,2006,2321,10961
3336,160,12,172,2007,2179,575,395,480,1055,4358,4358,379,2007,2386,11102
3337,157,12,169,2058,2227,606,382,474,1080,4454,4454,361,2058,2419,11327
3338,169,7,176,1985,2161,557,397,468,1025,4322,4322,362,1985,2347,10991
3339,133,14,147,2054,2201,523,391,473,996,4402,4402,318,2054,2372,11176
3340,169,7,176,1989,2165,562,394,485,1047,4330,4330,367,1989,2356,11016
3341,151,9,160,2067,2227,510,395,476,986,4454,4454,336,2067,2403,11311
3342,174,19,193,2066,2259,698,399,489,1187,4518,4518,426,2066,2492,11528
3343,164,15,179,2047,2226,631,383,458,1089,4452,4452,387,2047,2434,11338
3344,162,12,174,2028,2202,667,390,499,1166,4404,4404,375,2028,2403,11211
3345,150,14,164,2017,2181,597,392,472,1069,4362,4362,365,2017,2382,11106
3346,172,10,182,2018,2200,620,371,459,1079,4400,4400,388,2018,2406,11206
3347,153,9,162,2003,2165,529,345,425,954,4330,4330,342,2003,2345,11005
3348,160,7,167,2021,2188,571,390,485,1056,4376,4376,346,2021,2367,11119
3349,162,11,173,1971,2144,602,386,473,1075,4288,4288,370,1971,2341,10917
3350,157,5,162,2072,2234,530,404,488,1018,4468,4468,334,2072,2406,11342
3351,154,8,162,2090,2252,547,404,482,1029,4504,4504,340,2090,2430,11438
3352,163,14,177,2043,2220,587,402,493,1080,4440,4440,379,2043,2422,11302
3353,151,11,162,2034,2196,548,383,459,1007,4392,4392,345,2034,2379,11163
3354,152,9,161,2069,2230,522,355,424,946,4460,4460,343,2069,2412,11332
3355,165,14,179,2054,2233,591,412,495,1086,4466,4466,379,2054,2433,11365
3356,134,7,141,2029,2170,473,352,438,911,4340,4340,291,2029,2320,11000
3357,176,7,183,2048,2231,636,383,476,1112,4462,4462,379,2048,2427,11351
3358,162,10,172,2095,2267,587,391,478,1065,4534,4534,364,2095,2459,11527
3359,140,7,147,2023,2170,472,364,460,932,4340,4340,306,2023,2329,11009
3360,135,7,142,2069,2211,491,399,473,964,4422,4422,293,2069,2362,11206
3361,149,9,158,2088,2246,508,411,506,1014,4492,4492,331,2088,2419,11403
3362,159,12,171,2008,2179,538,374,471,1009,4358,4358,369,2008,2377,11093
3363,148,15,163,1994,2157,575,370,452,1027,4314,4314,361,1994,2355,10983
3364,149,13,162,2118,2280,571,406,489,1060,4560,4560,352,2118,2470,11590
3365,172,12,184,2009,2193,593,361,447,1040,4386,4386,386,2009,2395,11167
3366,150,10,160,1985,2145,572,393,471,1043,4290,4290,345,1985,2330,10910
3367,153,13,166,2015,2181,590,371,470,1060,4362,4362,364,2015,2379,11103
3368,142,6,148,2071,2219,455,397,482,937,4438,4438,310,2071,2381,11257
3369,144,12,156,1992,2148,521,419,512,1033,4296,4296,338,1992,2330,10922
3370,181,11,192,2025,2217,645,357,432,1077,4434,4434,408,2025,2433,11301
3371,127,12,139,2048,2187,471,373,444,915,4374,4374,302,2048,2350,11098
3372,172,14,186,2077,2263,639,371,448,1087,4526,4526,398,2077,2475,11527
3373,160,6,166,1993,2159,565,392,466,1031,4318,4318,342,1993,2335,10971
3374,157,12,169,2061,2230,598,387,461,1059,4460,4460,365,2061,2426,11346
3375,142,11,153,2030,2183,508,401,482,990,4366,4366,325,2030,2355,11087
3376,152,13,165,2002,2167,562,404,500,1062,4334,4334,354,2002,2356,11024
3377,128,16,144,1992,2136,515,371,447,962,4272,4272,319,1992,2311,10855
3378,149,15,164,1981,2145,572,376,460,1032,4290,4290,358,1981,2339,10919
3379,131,9,140,2108,2248,502,392,491,993,4496,4496,302,2108,2410,11402
3380,146,11,157,2034,2191,567,387,485,1052,4382,4382,345,2034,2379,11143
3381,155,4,159,2010,2169,513,388,468,981,4338,4338,322,2010,2332,11008
3382,147,17,164,2078,2242,545,387,469,1014,4484,4484,357,2078,2435,11403
3383,153,5,158,2015,2173,504,392,481,985,4346,4346,326,2015,2341,11033
3384,153,11,164,1996,2160,582,350,422,1004,4320,4320,349,1996,2345,10985
3385,155,15,170,2076,2246,582,406,494,1076,4492,4492,366,2076,2442,11426
3386,150,9,159,1990,2149,527,357,426,953,4298,4298,336,1990,2326,10922
3387,170,12,182,2020,2202,603,415,507,1110,4404,4404,384,2020,2404,11212
3388,145,10,155,1997,2152,522,380,471,993,4304,4304,330,1997,2327,10935
3389,149,8,157,2043,2200,533,374,448,981,4400,4400,327,2043,2370,11170
3390,156,6,162,2028,2190,532,356,428,960,4380,4380,334,2028,2362,11122
3391,148,12,160,2107,2267,542,426,519,1061,4534,4534,340,2107,2447,11515
3392,141,13,154,1962,2116,539,375,469,1008,4232,4232,333,1962,2295,10759
3393,131,4,135,2030,2165,461,382,465,926,4330,4330,276,2030,2306,10966
3394,150,10,160,2050,2210,543,378,464,1007,4420,4420,338,2050,2388,11228
3395,166,6,172,2009,2181,555,375,450,1005,4362,4362,354,2009,2363,11087
3396,177,10,187,1998,2185,630,374,466,1096,4370,4370,397,1998,2395,11135
3397,143,10,153,2018,2171,499,360,442,941,4342,4342,325,2018,2343,11027
3398,132,4,136,2014,2150,424,391,467,891,4300,4300,277,2014,2291,10891
3399,141,13,154,2106,2260,515,384,481,996,4520,4520,332,2106,2438,11478
3400,159,7,166,2072,2238,550,380,455,1005,4476,4476,347,2072,2419,11371
3401,142,12,154,1909,2063,551,357,445,996,4126,4126,332,1909,2241,10493
3402,168,8,176,1993,2169,559,388,471,1030,4338,4338,366,1993,2359,11035
3403,161,8,169,2075,2244,571,395,475,1046,4488,4488,352,2075,2427,11403
3404,157,15,172,2034,2206,618,369,460,1078,4412,4412,370,2034,2404,11228
3405,158,9,167,2037,2204,570,422,525,1095,4408,4408,350,2037,2387,11203
3406,154,11,165,2059,2224,553,396,477,1030,4448,4448,353,2059,2412,11308
3407,153,15,168,2077,2245,594,394,472,1066,4490,4490,368,2077,2445,11425
3408,152,9,161,2014,2175,533,348,419,952,4350,4350,338,2014,2352,11052
3409,151,10,161,1972,2133,533,380,467,1000,4266,4266,340,1972,2312,10844
3410,153,7,160,2055,2215,535,387,469,1004,4430,4430,335,2055,2390,11250
3411,168,13,181,2017,2198,611,384,455,1066,4396,4396,385,2017,2402,11194
3412,157,17,174,2013,2187,642,367,450,1092,4374,4374,379,2013,2392,11140
3413,142,11,153,2170,2323,528,378,466,994,4646,4646,328,2170,2498,11790
3414,154,10,164,2029,2193,551,371,459,1010,4386,4386,356,2029,2385,11157
3415,152,12,164,2027,2191,558,396,490,1048,4382,4382,347,2027,2374,11138
3416,157,11,168,2000,2168,577,405,494,1071,4336,4336,357,2000,2357,11029
3417,163,9,172,2058,2230,582,422,525,1107,4460,4460,366,2058,2424,11344
3418,163,11,174,2081,2255,544,392,477,1021,4510,4510,368,2081,2449,11469
3419,129,5,134,2056,2190,433,407,500,933,4380,4380,277,2056,2333,11093
3420,137,11,148,2038,2186,504,380,464,968,4372,4372,317,2038,2355,11099
3421,149,4,153,2001,2154,531,370,435,966,4308,4308,312,2001,2313,10929
3422,165,9,174,2025,2199,578,388,477,1055,4398,4398,364,2025,2389,11185
3423,175,13,188,2029,2217,614,391,481,1095,4434,4434,403,2029,2432,11300
3424,160,13,173,2010,2183,567,368,448,1015,4366,4366,367,2010,2377,11109
3425,142,10,152,2090,2242,537,384,467,1004,4484,4484,324,2090,2414,11382
3426,163,12,175,2013,2188,602,391,477,1079,4376,4376,371,2013,2384,11136
3427,170,10,180,2036,2216,590,382,451,1041,4432,4432,375,2036,2411,11275
3428,155,8,163,2028,2191,579,433,511,1090,4382,4382,345,2028,2373,11137
3429,144,12,156,2029,2185,513,404,487,1000,4370,4370,329,2029,2358,11098
3430,127,9,136,2047,2183,435,404,493,928,4366,4366,285,2047,2332,11064
3431,164,12,176,2026,2202,589,385,474,1063,4404,4404,382,2026,2408,11216
3432,166,8,174,2026,2200,576,429,535,1111,4400,4400,367,2026,2393,11193
3433,145,17,162,2101,2263,578,371,450,1028,4526,4526,356,2101,2457,11509
3434,156,16,172,2009,2181,601,383,465,1066,4362,4362,374,2009,2383,11107
3435,151,13,164,2102,2266,567,406,493,1060,4532,4532,353,2102,2455,11519
3436,158,19,177,2054,2231,638,401,486,1124,4462,4462,385,2054,2439,11363
3437,138,7,145,2044,2189,506,390,466,972,4378,4378,300,2044,2344,11100
3438,158,12,170,1957,2127,542,349,422,964,4254,4254,361,1957,2318,10826
3439,161,8,169,2023,2192,560,353,436,996,4384,4384,358,2023,2381,11149
3440,163,11,174,1953,2127,596,383,470,1066,4254,4254,372,1953,2325,10833
3441,151,11,162,1990,2152,529,372,457,986,4304,4304,344,1990,2334,10942
3442,148,6,154,2023,2177,529,397,498,1027,4354,4354,325,2023,2348,11056
3443,146,10,156,2022,2178,572,361,442,1014,4356,4356,330,2022,2352,11064
3444,155,7,162,2043,2205,566,403,487,1053,4410,4410,341,2043,2384,11204
3445,143,6,149,2051,2200,538,389,457,995,4400,4400,307,2051,2358,11158
3446,165,10,175,1889,2064,552,353,437,989,4128,4128,373,1889,2262,10518
3447,156,10,166,2014,2180,587,373,449,1036,4360,4360,360,2014,2374,11094
3448,150,10,160,2004,2164,543,366,443,986,4328,4328,337,2004,2341,10997
3449,165,9,174,2059,2233,596,367,460,1056,4466,4466,364,2059,2423,11355
3450,147,8,155,2096,2251,520,418,516,1036,4502,4502,327,2096,2423,11427
3451,138,12,150,2095,2245,528,375,451,979,4490,4490,322,2095,2417,11397
3452,158,15,173,2016,2189,577,412,509,1086,4378,4378,376,2016,2392,11148
3453,161,8,169,2131,2300,584,443,547,1131,4600,4600,357,2131,2488,11688
3454,154,11,165,2081,2246,525,380,474,999,4492,4492,357,2081,2438,11422
3455,151,11,162,2081,2243,537,372,456,993,4486,4486,343,2081,2424,11396
3456,157,2,159,2150,2309,515,403,486,1001,4618,4618,322,2150,2472,11708
3457,148,11,159,2142,2301,535,388,477,1012,4602,4602,337,2142,2479,11683
3458,161,9,170,2066,2236,550,367,454,1004,4472,4472,352,2066,2418,11362
3459,155,8,163,1949,2112,532,354,433,965,4224,4224,341,1949,2290,10738
3460,157,9,166,2031,2197,531,390,482,1013,4394,4394,347,2031,2378,11166
3461,149,12,161,1941,2102,552,379,453,1005,4204,4204,347,1941,2288,10696
3462,178,7,185,2102,2287,615,369,455,1070,4574,4574,386,2102,2488,11636
3463,162,13,175,2096,2271,615,372,454,1069,4542,4542,374,2096,2470,11554
3464,156,13,169,2034,2203,580,388,460,1040,4406,4406,370,2034,2404,11216
3465,135,13,148,2042,2190,496,336,404,900,4380,4380,326,2042,2368,11128
3466,149,9,158,2021,2179,540,378,452,992,4358,4358,335,2021,2356,11072
3467,165,9,174,2069,2243,580,409,499,1079,4486,4486,365,2069,2434,11406
3468,139,11,150,1972,2122,529,371,454,983,4244,4244,327,1972,2299,10787
3469,171,15,186,2062,2248,653,393,478,1131,4496,4496,408,2062,2470,11462
3470,159,8,167,2036,2203,555,373,441,996,4406,4406,353,2036,2389,11201
3471,137,8,145,2003,2148,492,394,462,954,4296,4296,308,2003,2311,10903
3472,174,6,180,2023,2203,559,395,467,1026,4406,4406,368,2023,2391,11203
3473,142,6,148,2020,2168,492,387,464,956,4336,4336,311,2020,2331,11003
3474,149,6,155,2029,2184,503,386,489,992,4368,4368,323,2029,2352,11088
3475,145,11,156,2031,2187,585,382,462,1047,4374,4374,337,2031,2368,11116
3476,157,11,168,2035,2203,595,403,504,1099,4406,4406,358,2035,2393,11205
3477,143,7,150,1957,2107,518,353,427,945,4214,4214,317,1957,2274,10702
3478,146,7,153,2065,2218,459,424,523,982,4436,4436,319,2065,2384,11256
3479,177,9,186,1993,2179,595,393,482,1077,4358,4358,385,1993,2378,11094
3480,166,12,178,2070,2248,586,408,506,1092,4496,4496,377,2070,2447,11439
3481,140,13,153,2021,2174,510,392,477,987,4348,4348,336,2021,2357,11053
3482,177,13,190,2022,2212,633,372,455,1088,4424,4424,411,2022,2433,11281
3483,138,11,149,1965,2114,516,373,456,972,4228,4228,325,1965,2290,10746
3484,149,8,157,1975,2132,556,372,466,1022,4264,4264,332,1975,2307,10835
3485,147,18,165,2035,2200,552,383,457,1009,4400,4400,363,2035,2398,11198
3486,141,12,153,1984,2137,576,359,436,1012,4274,4274,336,1984,2320,10868
3487,146,13,159,2051,2210,534,408,495,1029,4420,4420,344,2051,2395,11235
3488,138,12,150,2099,2249,540,373,449,989,4498,4498,324,2099,2423,11419
3489,154,10,164,2051,2215,548,401,501,1049,4430,4430,347,2051,2398,11258
3490,149,14,163,1936,2099,561,395,500,1061,4198,4198,353,1936,2289,10685
3491,137,10,147,2047,2194,503,375,459,962,4388,4388,315,2047,2362,11138
3492,159,19,178,2035,2213,630,422,527,1157,4426,4426,391,2035,2426,11278
3493,141,12,153,2013,2166,527,372,452,979,4332,4332,330,2013,2343,11007
3494,158,11,169,2056,2225,560,372,464,1024,4450,4450,358,2056,2414,11314
3495,147,12,159,2000,2159,553,367,445,998,4318,4318,338,2000,2338,10974
3496,151,6,157,2050,2207,499,407,506,1005,4414,4414,329,2050,2379,11207
3497,149,9,158,1988,2146,551,365,437,988,4292,4292,335,1988,2323,10907
3498,142,5,147,1979,2126,472,381,460,932,4252,4252,302,1979,2281,10785
3499,154,6,160,2009,2169,519,386,467,986,4338,4338,335,2009,2344,11020
3500,167,8,175,2013,2188,568,364,442,1010,4376,4376,367,2013,2380,11132
3501,154,7,161,2044,2205,547,402,486,1033,4410,4410,339,2044,2383,11203
3502,165,12,177,2087,2264,584,376,467,1051,4528,4528,375,2087,2462,11518
3503,152,10,162,2002,2164,566,377,458,1024,4328,4328,342,2002,2344,11000
3504,151,14,165,1882,2047,556,393,471,1027,4094,4094,359,1882,2241,10429
3505,166,14,180,2054,2234,595,397,489,1084,4468,4468,390,2054,2444,11380
3506,153,15,168,2050,2218,595,378,462,1057,4436,4436,372,2050,2422,11294
3507,141,11,152,2030,2182,538,374,451,989,4364,4364,324,2030,2354,11082
3508,162,5,167,1987,2154,544,398,489,1033,4308,4308,348,1987,2335,10951
3509,165,16,181,2085,2266,653,401,492,1145,4532,4532,389,2085,2474,11538
3510,138,11,149,2048,2197,528,379,473,1001,4394,4394,317,2048,2365,11153
3511,146,6,152,2015,2167,507,428,525,1032,4334,4334,320,2015,2335,11003
3512,161,7,168,2097,2265,566,384,470,1036,4530,4530,351,2097,2448,11508
3513,151,13,164,1967,2131,550,365,449,999,4262,4262,347,1967,2314,10838
3514,143,4,147,2048,2195,450,361,446,896,4390,4390,302,2048,2350,11130
3515,166,5,171,2010,2181,563,373,468,1031,4362,4362,350,2010,2360,11084
3516,140,14,154,2014,2168,524,388,473,997,4336,4336,334,2014,2348,11020
3517,161,8,169,1988,2157,547,377,454,1001,4314,4314,357,1988,2345,10973
3518,165,13,178,1980,2158,618,391,486,1104,4316,4316,383,1980,2363,10995
3519,152,8,160,2041,2201,554,375,449,1003,4402,4402,338,2041,2379,11183
3520,138,10,148,2052,2200,484,358,443,927,4400,4400,316,2052,2368,11168
3521,139,10,149,2036,2185,516,376,458,974,4370,4370,316,2036,2352,11092
3522,161,16,177,2027,2204,645,385,465,1110,4408,4408,384,2027,2411,11227
3523,175,10,185,1986,2171,614,382,476,1090,4342,4342,387,1986,2373,11057
3524,148,9,157,2052,2209,525,395,478,1003,4418,4418,338,2052,2390,11226
3525,142,9,151,1982,2133,504,366,437,941,4266,4266,324,1982,2306,10838
3526,130,4,134,1995,2129,478,345,432,910,4258,4258,277,1995,2272,10788
3527,145,5,150,2083,2233,492,420,503,995,4466,4466,307,2083,2390,11322
3528,127,11,138,2067,2205,463,359,442,905,4410,4410,294,2067,2361,11181
3529,156,11,167,2093,2260,566,405,498,1064,4520,4520,357,2093,2450,11490
3530,162,10,172,2054,2226,567,383,453,1020,4452,4452,364,2054,2418,11322
3531,165,7,172,2077,2249,569,396,500,1069,4498,4498,363,2077,2440,11436
3532,155,8,163,2042,2205,532,397,488,1020,4410,4410,340,2042,2382,11202
3533,148,12,160,2047,2207,571,365,456,1027,4414,4414,346,2047,2393,11221
3534,152,15,167,1918,2085,615,377,465,1080,4170,4170,368,1918,2286,10626
3535,150,11,161,1998,2159,533,382,477,1010,4318,4318,344,1998,2342,10978
3536,138,10,148,2051,2199,498,388,476,974,4398,4398,315,2051,2366,11162
3537,162,5,167,2016,2183,573,377,464,1037,4366,4366,342,2016,2358,11090
3538,142,7,149,2016,2165,509,373,452,961,4330,4330,312,2016,2328,10988
3539,152,9,161,1992,2153,501,401,492,993,4306,4306,337,1992,2329,10941
3540,163,6,169,2085,2254,544,366,459,1003,4508,4508,355,2085,2440,11456
3541,140,16,156,2072,2228,548,411,512,1060,4456,4456,347,2072,2419,11331
3542,157,12,169,2037,2206,566,376,456,1022,4412,4412,361,2037,2398,11222
3543,142,8,150,2044,2194,519,381,476,995,4388,4388,318,2044,2362,11138
3544,138,9,147,1977,2124,497,371,448,945,4248,4248,316,1977,2293,10789
3545,180,12,192,2059,2251,656,380,466,1122,4502,4502,409,2059,2468,11472
3546,159,9,168,2063,2231,544,375,466,1010,4462,4462,348,2063,2411,11335
3547,160,16,176,2030,2206,655,371,456,1111,4412,4412,379,2030,2409,11233
3548,161,9,170,2021,2191,527,360,450,977,4382,4382,357,2021,2378,11142
3549,169,9,178,2003,2181,594,375,469,1063,4362,4362,376,2003,2379,11103
3550,155,10,165,2047,2212,561,368,439,1000,4424,4424,345,2047,2392,11240
3551,175,14,189,1941,2130,641,377,461,1102,4260,4260,398,1941,2339,10859
3552,136,16,152,2057,2209,549,365,442,991,4418,4418,333,2057,2390,11226
3553,135,8,143,2046,2189,522,406,505,1027,4378,4378,305,2046,2351,11107
3554,160,14,174,2017,2191,613,339,412,1025,4382,4382,371,2017,2388,11152
3555,172,12,184,2004,2188,623,375,460,1083,4376,4376,386,2004,2390,11142
3556,167,10,177,2042,2219,598,375,468,1066,4438,4438,370,2042,2412,11288
3557,159,9,168,1992,2160,573,389,467,1040,4320,4320,354,1992,2346,10986
3558,143,9,152,1993,2145,508,372,451,959,4290,4290,323,1993,2316,10896
3559,155,5,160,2005,2165,520,386,480,1000,4330,4330,330,2005,2335,10995
3560,155,12,167,2029,2196,598,397,482,1080,4392,4392,363,2029,2392,11176
3561,173,5,178,2072,2250,590,400,487,1077,4500,4500,367,2072,2439,11439
3562,143,11,154,2020,2174,500,393,495,995,4348,4348,324,2020,2344,11040
3563,151,16,167,2074,2241,551,408,513,1064,4482,4482,362,2074,2436,11400
3564,156,8,164,2044,2208,525,356,435,960,4416,4416,344,2044,2388,11220
3565,144,10,154,1978,2132,537,400,490,1027,4264,4264,324,1978,2302,10830
3566,141,12,153,1986,2139,526,374,446,972,4278,4278,328,1986,2314,10870
3567,158,5,163,2033,2196,512,388,467,979,4392,4392,336,2033,2369,11153
3568,122,17,139,2030,2169,533,376,467,1000,4338,4338,305,2030,2335,11011
3569,165,19,184,2046,2230,646,394,480,1126,4460,4460,411,2046,2457,11377
3570,150,9,159,2060,2219,514,400,481,995,4438,4438,337,2060,2397,11273
3571,150,9,159,2060,2219,548,386,469,1017,4438,4438,339,2060,2399,11275
3572,149,6,155,1940,2095,490,383,460,950,4190,4190,318,1940,2258,10638
3573,117,12,129,2026,2155,493,377,466,959,4310,4310,282,2026,2308,10928
3574,167,9,176,2073,2249,584,449,555,1139,4498,4498,372,2073,2445,11441
3575,151,8,159,2069,2228,532,391,466,998,4456,4456,330,2069,2399,11311
3576,141,14,155,2021,2176,507,374,449,956,4352,4352,336,2021,2357,11061
3577,155,14,169,1994,2163,568,355,431,999,4326,4326,373,1994,2367,11019
3578,141,5,146,2039,2185,472,377,456,928,4370,4370,299,2039,2338,11078
3579,165,11,176,1992,2168,605,367,451,1056,4336,4336,378,1992,2370,11042
3580,154,7,161,1999,2160,517,387,473,990,4320,4320,337,1999,2336,10976
3581,151,8,159,2015,2174,545,423,514,1059,4348,4348,335,2015,2350,11046
3582,164,8,172,2067,2239,566,374,449,1015,4478,4478,362,2067,2429,11385
3583,152,12,164,2065,2229,575,424,522,1097,4458,4458,350,2065,2415,11331
3584,170,10,180,2118,2298,593,410,492,1085,4596,4596,374,2118,2492,11684
3585,140,16,156,2108,2264,516,401,495,1011,4528,4528,340,2108,2448,11504
3586,136,14,150,2014,2164,495,383,471,966,4328,4328,326,2014,2340,10996
3587,161,14,175,2022,2197,598,408,505,1103,4394,4394,377,2022,2399,11187
3588,167,11,178,2069,2247,563,406,493,1056,4494,4494,377,2069,2446,11434
3589,157,9,166,2002,2168,579,406,483,1062,4336,4336,349,2002,2351,11023
3590,168,10,178,2045,2223,576,395,492,1068,4446,4446,372,2045,2417,11309
3591,144,11,155,1987,2142,533,356,425,958,4284,4284,334,1987,2321,10889
3592,158,13,171,2046,2217,631,412,506,1137,4434,4434,372,2046,2418,11286
3593,161,9,170,2028,2198,578,400,488,1066,4396,4396,360,2028,2388,11180
3594,159,12,171,2027,2198,625,397,457,1082,4396,4396,365,2027,2392,11184
3595,164,13,177,2046,2223,617,397,490,1107,4446,4446,387,2046,2433,11325
3596,146,14,160,2045,2205,586,396,495,1081,4410,4410,346,2045,2391,11211
3597,141,4,145,2057,2202,458,389,462,920,4404,4404,299,2057,2356,11164
3598,134,15,149,2125,2274,489,413,498,987,4548,4548,330,2125,2455,11551
3599,161,4,165,2081,2246,556,407,490,1046,4492,4492,338,2081,2419,11403
3600,143,11,154,2095,2249,527,379,459,986,4498,4498,335,2095,2430,11426
3601,150,10,160,1934,2094,590,350,427,1017,4188,4188,345,1934,2279,10655
3602,130,11,141,2081,2222,459,408,504,963,4444,4444,296,2081,2377,11265
3603,148,13,161,2000,2161,574,393,467,1041,4322,4322,346,2000,2346,10990
3604,157,8,165,2044,2209,534,410,500,1034,4418,4418,345,2044,2389,11225
3605,159,9,168,1955,2123,541,378,448,989,4246,4246,353,1955,2308,10800
3606,149,12,161,2122,2283,521,412,498,1019,4566,4566,343,2122,2465,11597
3607,144,8,152,2051,2203,518,380,456,974,4406,4406,322,2051,2373,11185
3608,147,12,159,2075,2234,548,391,487,1035,4468,4468,342,2075,2417,11353
3609,175,8,183,1904,2087,634,372,455,1089,4174,4174,385,1904,2289,10637
3610,154,10,164,2028,2192,571,377,456,1027,4384,4384,353,2028,2381,11149
3611,159,14,173,1969,2142,590,392,471,1061,4284,4284,379,1969,2348,10916
3612,165,10,175,2096,2271,579,378,462,1041,4542,4542,365,2096,2461,11545
3613,151,15,166,2034,2200,554,352,445,999,4400,4400,359,2034,2393,11193
3614,158,10,168,2051,2219,563,385,466,1029,4438,4438,354,2051,2405,11281
3615,166,9,175,2016,2191,607,388,484,1091,4382,4382,367,2016,2383,11147
3616,171,13,184,2042,2226,631,376,453,1084,4452,4452,393,2042,2435,11339
3617,151,18,169,1952,2121,606,383,471,1077,4242,4242,375,1952,2327,10811
3618,145,10,155,1970,2125,480,352,438,918,4250,4250,332,1970,2302,10802
3619,151,10,161,1975,2136,519,359,434,953,4272,4272,340,1975,2315,10859
3620,150,11,161,2074,2235,539,380,464,1003,4470,4470,338,2074,2412,11352
3621,149,7,156,2031,2187,521,387,458,979,4374,4374,325,2031,2356,11104
3622,152,8,160,2064,2224,546,376,467,1013,4448,4448,332,2064,2396,11292
3623,116,10,126,1993,2119,432,378,460,892,4238,4238,271,1993,2264,10740
3624,162,11,173,2014,2187,631,374,464,1095,4374,4374,367,2014,2381,11129
3625,167,10,177,2052,2229,565,409,505,1070,4458,4458,371,2052,2423,11339
3626,132,9,141,2037,2178,475,367,461,936,4356,4356,303,2037,2340,11052
3627,135,17,152,1970,2122,518,374,452,970,4244,4244,343,1970,2313,10801
3628,136,12,148,1988,2136,505,395,474,979,4272,4272,316,1988,2304,10848
3629,143,11,154,1967,2121,549,386,469,1018,4242,4242,329,1967,2296,10780
3630,160,19,179,2053,2232,644,380,468,1112,4464,4464,392,2053,2445,11373
3631,137,11,148,1994,2142,512,386,473,985,4284,4284,318,1994,2312,10880
3632,153,11,164,2038,2202,598,412,498,1096,4404,4404,346,2038,2384,11192
3633,164,9,173,2077,2250,541,386,463,1004,4500,4500,363,2077,2440,11440
3634,156,13,169,2060,2229,533,364,456,989,4458,4458,373,2060,2433,11349
3635,135,8,143,2012,2155,477,387,466,943,4310,4310,301,2012,2313,10933
3636,154,15,169,1996,2165,593,388,469,1062,4330,4330,365,1996,2361,11021
3637,148,14,162,2073,2235,592,396,484,1076,4470,4470,351,2073,2424,11364
3638,121,6,127,1894,2021,417,354,432,849,4042,4042,267,1894,2161,10245
3639,159,7,166,2076,2242,547,382,472,1019,4484,4484,346,2076,2422,11390
3640,138,13,151,2045,2196,549,368,451,1000,4392,4392,329,2045,2374,11158
3641,152,8,160,2037,2197,557,407,509,1066,4394,4394,335,2037,2372,11160
3642,149,12,161,2030,2191,522,420,522,1044,4382,4382,343,2030,2373,11137
3643,138,11,149,2035,2184,540,393,478,1018,4368,4368,320,2035,2355,11091
3644,147,10,157,2056,2213,531,395,470,1001,4426,4426,333,2056,2389,11241
3645,179,6,185,2032,2217,621,374,463,1084,4434,4434,379,2032,2411,11279
3646,166,14,180,2074,2254,629,373,462,1091,4508,4508,387,2074,2461,11477
3647,156,9,165,2003,2168,554,377,468,1022,4336,4336,347,2003,2350,11022
3648,132,12,144,2024,2168,520,374,452,972,4336,4336,315,2024,2339,11011
3649,156,5,161,2042,2203,519,377,469,988,4406,4406,332,2042,2374,11186
3650,161,16,177,1997,2174,606,376,455,1061,4348,4348,383,1997,2380,11076
3651,152,4,156,2047,2203,493,343,425,918,4406,4406,321,2047,2368,11180
3652,146,10,156,2050,2206,551,361,442,993,4412,4412,331,2050,2381,11205
3653,133,7,140,1991,2131,519,371,472,991,4262,4262,301,1991,2292,10816
3654,150,15,165,2101,2266,559,375,445,1004,4532,4532,355,2101,2456,11520
3655,172,9,181,1946,2127,589,390,492,1081,4254,4254,382,1946,2328,10836
3656,151,12,163,2066,2229,532,373,446,978,4458,4458,351,2066,2417,11333
3657,167,11,178,2048,2226,628,394,490,1118,4452,4452,376,2048,2424,11328
3658,135,12,147,2050,2197,524,414,493,1017,4394,4394,313,2050,2363,11151
3659,164,9,173,1981,2154,552,394,498,1050,4308,4308,362,1981,2343,10959
3660,163,10,173,2091,2264,569,376,460,1029,4528,4528,363,2091,2454,11510
3661,161,7,168,1988,2156,578,384,472,1050,4312,4312,352,1988,2340,10964
3662,155,7,162,2082,2244,551,410,480,1031,4488,4488,336,2082,2418,11394
3663,123,7,130,2110,2240,456,402,477,933,4480,4480,273,2110,2383,11343
3664,123,9,132,1968,2100,467,377,458,925,4200,4200,283,1968,2251,10651
3665,149,8,157,1953,2110,503,380,466,969,4220,4220,328,1953,2281,10721
3666,154,16,170,2057,2227,585,412,483,1068,4454,4454,369,2057,2426,11334
3667,157,12,169,2093,2262,597,365,447,1044,4524,4524,362,2093,2455,11503
3668,155,9,164,2005,2169,528,391,487,1015,4338,4338,346,2005,2351,11027
3669,132,13,145,2064,2209,502,394,475,977,4418,4418,316,2064,2380,11216
3670,142,7,149,2060,2209,493,395,481,974,4418,4418,311,2060,2371,11207
3671,167,13,180,1990,2170,648,354,444,1092,4340,4340,392,1990,2382,11062
3672,160,7,167,2032,2199,543,378,445,988,4398,4398,344,2032,2376,11172
3673,166,10,176,2019,2195,593,366,456,1049,4390,4390,374,2019,2393,11173
3674,161,12,173,2044,2217,600,371,458,1058,4434,4434,371,2044,2415,11283
3675,171,9,180,2033,2213,594,388,479,1073,4426,4426,378,2033,2411,11263
3676,163,7,170,2054,2224,554,354,436,990,4448,4448,355,2054,2409,11305
3677,160,7,167,2115,2282,568,389,483,1051,4564,4564,347,2115,2462,11590
3678,146,8,154,2013,2167,516,393,491,1007,4334,4334,320,2013,2333,11001
3679,154,10,164,1968,2132,524,361,448,972,4264,4264,346,1968,2314,10842
3680,143,8,151,2123,2274,491,382,468,959,4548,4548,317,2123,2440,11536
3681,171,12,183,2003,2186,622,376,453,1075,4372,4372,386,2003,2389,11133
3682,164,7,171,2053,2224,594,359,446,1040,4448,4448,352,2053,2405,11301
3683,136,11,147,1986,2133,475,352,425,900,4266,4266,316,1986,2302,10834
3684,173,13,186,1960,2146,606,340,417,1023,4292,4292,393,1960,2353,10937
3685,157,8,165,2048,2213,519,392,475,994,4426,4426,348,2048,2396,11248
3686,177,8,185,2091,2276,594,390,465,1059,4552,4552,384,2091,2475,11579
3687,152,19,171,2059,2230,552,375,443,995,4460,4460,380,2059,2439,11359
3688,138,9,147,2040,2187,498,369,459,957,4374,4374,309,2040,2349,11097
3689,151,11,162,2043,2205,537,380,460,997,4410,4410,345,2043,2388,11208
3690,137,10,147,1987,2134,497,364,437,934,4268,4268,314,1987,2301,10837
3691,144,8,152,2071,2223,505,400,494,999,4446,4446,322,2071,2393,11285
3692,168,11,179,1968,2147,613,359,445,1058,4294,4294,377,1968,2345,10933
3693,120,6,126,2054,2180,403,383,466,869,4360,4360,264,2054,2318,11038
3694,153,5,158,2017,2175,507,405,500,1007,4350,4350,326,2017,2343,11043
3695,163,7,170,2040,2210,572,399,478,1050,4420,4420,357,2040,2397,11237
3696,145,12,157,2135,2292,524,391,483,1007,4584,4584,339,2135,2474,11642
3697,169,12,181,1972,2153,595,383,463,1058,4306,4306,376,1972,2348,10960
3698,135,8,143,2080,2223,477,400,493,970,4446,4446,303,2080,2383,11275
3699,134,9,143,2044,2187,516,386,466,982,4374,4374,305,2044,2349,11097
3700,155,12,167,2013,2180,567,351,438,1005,4360,4360,356,2013,2369,11089
3701,159,13,172,2083,2255,578,377,457,1035,4510,4510,372,2083,2455,11475
3702,142,15,157,2060,2217,520,430,512,1032,4434,4434,343,2060,2403,11271
3703,151,12,163,1989,2152,541,386,462,1003,4304,4304,355,1989,2344,10952
3704,147,12,159,2011,2170,540,402,492,1032,4340,4340,352,2011,2363,11043
3705,144,12,156,2005,2161,553,377,456,1009,4322,4322,334,2005,2339,10983
3706,150,11,161,2018,2179,584,392,477,1061,4358,4358,343,2018,2361,11077
3707,154,14,168,2049,2217,629,448,545,1174,4434,4434,359,2049,2408,11276
3708,181,6,187,2112,2299,635,414,492,1127,4598,4598,393,2112,2505,11701
3709,170,11,181,2096,2277,578,400,485,1063,4554,4554,389,2096,2485,11593
3710,161,12,173,2009,2182,613,398,504,1117,4364,4364,374,2009,2383,11111
3711,136,7,143,2068,2211,504,404,499,1003,4422,4422,299,2068,2367,11211
3712,164,8,172,2056,2228,574,403,492,1066,4456,4456,360,2056,2416,11328
3713,160,8,168,2049,2217,582,393,474,1056,4434,4434,356,2049,2405,11273
3714,150,7,157,2042,2199,485,377,463,948,4398,4398,326,2042,2368,11164
3715,145,11,156,1990,2146,523,388,469,992,4292,4292,335,1990,2325,10909
3716,150,7,157,2062,2219,535,394,484,1019,4438,4438,326,2062,2388,11264
3717,135,4,139,2106,2245,451,439,545,996,4490,4490,286,2106,2392,11372
3718,126,13,139,1927,2066,487,381,463,950,4132,4132,302,1927,2229,10493
3719,165,8,173,1938,2111,564,402,496,1060,4222,4222,359,1938,2297,10741
3720,156,8,164,2105,2269,572,400,489,1061,4538,4538,341,2105,2446,11522
3721,151,12,163,2095,2258,573,392,468,1041,4516,4516,345,2095,2440,11472
3722,161,10,171,2063,2234,548,393,486,1034,4468,4468,361,2063,2424,11360
3723,169,12,181,2112,2293,606,410,497,1103,4586,4586,387,2112,2499,11671
3724,155,6,161,1996,2157,547,403,498,1045,4314,4314,334,1996,2330,10958
3725,140,14,154,1988,2142,563,365,442,1005,4284,4284,336,1988,2324,10892
3726,164,5,169,2077,2246,546,393,483,1029,4492,4492,349,2077,2426,11410
3727,164,13,177,1999,2176,615,379,454,1069,4352,4352,378,1999,2377,11081
3728,149,14,163,2019,2182,594,370,464,1058,4364,4364,346,2019,2365,11093
3729,138,6,144,1961,2105,440,382,471,911,4210,4210,298,1961,2259,10679
3730,149,10,159,2019,2178,552,372,463,1015,4356,4356,340,2019,2359,11071
3731,174,11,185,2018,2203,638,372,446,1084,4406,4406,394,2018,2412,11224
3732,150,15,165,2014,2179,573,363,439,1012,4358,4358,353,2014,2367,11083
3733,123,15,138,2099,2237,488,428,520,1008,4474,4474,310,2099,2409,11357
3734,163,7,170,1986,2156,566,381,457,1023,4312,4312,359,1986,2345,10969
3735,142,12,154,2009,2163,497,385,464,961,4326,4326,328,2009,2337,10989
3736,144,11,155,2071,2226,552,384,477,1029,4452,4452,336,2071,2407,11311
3737,130,7,137,1969,2106,470,375,457,927,4212,4212,291,1969,2260,10684
3738,156,10,166,2067,2233,564,398,489,1053,4466,4466,359,2067,2426,11358
3739,143,9,152,2145,2297,534,382,477,1011,4594,4594,326,2145,2471,11659
3740,147,11,158,1993,2151,490,366,450,940,4302,4302,336,1993,2329,10933
3741,172,12,184,2037,2221,684,393,473,1157,4442,4442,399,2037,2436,11320
3742,166,16,182,2058,2240,670,388,469,1139,4480,4480,393,2058,2451,11411
3743,138,7,145,2028,2173,475,363,436,911,4346,4346,303,2028,2331,11023
3744,150,7,157,2108,2265,500,413,513,1013,4530,4530,324,2108,2432,11492
3745,138,9,147,2060,2207,492,430,522,1014,4414,4414,309,2060,2369,11197
3746,175,12,187,1977,2164,626,362,438,1064,4328,4328,397,1977,2374,11030
3747,145,10,155,2094,2249,565,380,455,1020,4498,4498,327,2094,2421,11417
3748,159,14,173,2000,2173,623,394,478,1101,4346,4346,381,2000,2381,11073
3749,166,11,177,2044,2221,651,365,436,1087,4442,4442,390,2044,2434,11318
3750,158,17,175,2010,2185,572,381,454,1026,4370,4370,382,2010,2392,11132
3751,167,11,178,1957,2135,600,359,426,1026,4270,4270,375,1957,2332,10872
3752,151,12,163,2062,2225,564,375,444,1008,4450,4450,346,2062,2408,11308
3753,156,9,165,2147,2312,530,402,486,1016,4624,4624,349,2147,2496,11744
3754,151,10,161,2022,2183,543,392,485,1028,4366,4366,336,2022,2358,11090
3755,158,10,168,1974,2142,587,406,502,1089,4284,4284,355,1974,2329,10897
3756,131,4,135,2005,2140,405,388,472,877,4280,4280,278,2005,2283,10843
3757,138,8,146,2066,2212,487,392,473,960,4424,4424,308,2066,2374,11222
3758,153,20,173,2027,2200,636,355,415,1051,4400,4400,383,2027,2410,11210
3759,158,10,168,2036,2204,582,371,465,1047,4408,4408,352,2036,2388,11204
3760,152,11,163,2067,2230,597,409,497,1094,4460,4460,354,2067,2421,11341
3761,139,10,149,2098,2247,520,419,519,1039,4494,4494,316,2098,2414,11402
3762,152,13,165,2021,2186,609,387,477,1086,4372,4372,359,2021,2380,11124
3763,166,13,179,2066,2245,620,396,487,1107,4490,4490,378,2066,2444,11424
3764,161,16,177,1957,2134,582,360,420,1002,4268,4268,391,1957,2348,10884
3765,135,9,144,2029,2173,482,379,461,943,4346,4346,305,2029,2334,11026
3766,150,7,157,2108,2265,562,399,493,1055,4530,4530,333,2108,2441,11501
3767,139,10,149,2043,2192,495,366,446,941,4384,4384,313,2043,2356,11124
3768,157,9,166,1988,2154,587,394,487,1074,4308,4308,352,1988,2340,10956
3769,158,7,165,2048,2213,579,371,445,1024,4426,4426,347,2048,2395,11247
3770,160,11,171,2039,2210,563,398,475,1038,4420,4420,362,2039,2401,11241
3771,159,15,174,2015,2189,568,377,468,1036,4378,4378,381,2015,2396,11152
3772,146,12,158,2088,2246,538,419,525,1063,4492,4492,343,2088,2431,11415
3773,161,8,169,2068,2237,554,399,508,1062,4474,4474,356,2068,2424,11372
3774,155,12,167,1998,2165,588,371,452,1040,4330,4330,366,1998,2364,11024
3775,146,11,157,2096,2253,541,392,467,1008,4506,4506,332,2096,2428,11440
3776,156,14,170,2046,2216,604,404,490,1094,4432,4432,364,2046,2410,11274
3777,151,11,162,2027,2189,551,374,445,996,4378,4378,343,2027,2370,11126
3778,164,11,175,2045,2220,589,372,470,1059,4440,4440,379,2045,2424,11304
3779,170,8,178,2045,2223,553,375,448,1001,4446,4446,371,2045,2416,11308
3780,153,13,166,2045,2211,568,357,437,1005,4422,4422,365,2045,2410,11254
3781,164,9,173,1986,2159,594,398,476,1070,4318,4318,368,1986,2354,10990
3782,165,9,174,2057,2231,545,380,463,1008,4462,4462,364,2057,2421,11345
3783,170,14,184,2102,2286,618,373,461,1079,4572,4572,390,2102,2492,11636
3784,160,11,171,2030,2201,610,378,466,1076,4402,4402,363,2030,2393,11197
3785,147,10,157,2031,2188,530,371,451,981,4376,4376,331,2031,2362,11114
3786,146,8,154,2126,2280,502,416,512,1014,4560,4560,326,2126,2452,11572
3787,149,8,157,2077,2234,548,359,440,988,4468,4468,330,2077,2407,11343
3788,150,8,158,2013,2171,518,352,432,950,4342,4342,331,2013,2344,11028
3789,143,11,154,2059,2213,510,379,459,969,4426,4426,329,2059,2388,11240
3790,148,11,159,2055,2214,520,379,467,987,4428,4428,338,2055,2393,11249
3791,146,13,159,1985,2144,583,389,476,1059,4288,4288,341,1985,2326,10902
3792,146,10,156,1993,2149,531,399,481,1012,4298,4298,330,1993,2323,10919
3793,142,14,156,2026,2182,577,403,489,1066,4364,4364,340,2026,2366,11094
3794,170,8,178,2049,2227,565,372,460,1025,4454,4454,374,2049,2423,11331
3795,148,11,159,2010,2169,536,384,467,1003,4338,4338,342,2010,2352,11028
3796,151,7,158,2012,2170,538,376,450,988,4340,4340,334,2012,2346,11026
3797,163,7,170,2006,2176,549,385,477,1026,4352,4352,353,2006,2359,11063
3798,156,11,167,2033,2200,578,404,510,1088,4400,4400,357,2033,2390,11190
3799,142,10,152,2055,2207,517,380,469,986,4414,4414,319,2055,2374,11202
3800,141,9,150,2066,2216,502,404,505,1007,4432,4432,319,2066,2385,11249
3801,160,11,171,2029,2200,553,369,457,1010,4400,4400,360,2029,2389,11189
3802,175,9,184,1987,2171,661,367,456,1117,4342,4342,386,1987,2373,11057
3803,149,9,158,2042,2200,548,404,493,1041,4400,4400,335,2042,2377,11177
3804,132,6,138,2018,2156,468,395,479,947,4312,4312,289,2018,2307,10931
3805,154,13,167,2049,2216,551,377,457,1008,4432,4432,366,2049,2415,11279
3806,145,9,154,2128,2282,532,400,493,1025,4564,4564,327,2128,2455,11583
3807,155,12,167,2063,2230,600,396,480,1080,4460,4460,355,2063,2418,11338
3808,140,10,150,2008,2158,482,438,534,1016,4316,4316,320,2008,2328,10960
3809,132,14,146,2059,2205,529,390,466,995,4410,4410,326,2059,2385,11205
3810,148,9,157,2034,2191,517,400,488,1005,4382,4382,332,2034,2366,11130
3811,148,9,157,2071,2228,488,404,504,992,4456,4456,329,2071,2400,11312
3812,157,16,173,1994,2167,613,357,435,1048,4334,4334,382,1994,2376,11044
3813,157,9,166,2114,2280,537,380,472,1009,4560,4560,352,2114,2466,11586
3814,127,4,131,2017,2148,429,385,484,913,4296,4296,271,2017,2288,10880
3815,160,9,169,2050,2219,565,398,482,1047,4438,4438,352,2050,2402,11278
3816,132,14,146,2053,2199,500,388,477,977,4398,4398,319,2053,2372,11168
3817,176,8,184,1966,2150,632,355,440,1072,4300,4300,387,1966,2353,10953
3818,139,7,146,2044,2190,473,424,522,995,4380,4380,310,2044,2354,11114
3819,197,12,209,2074,2283,693,371,469,1162,4566,4566,445,2074,2519,11651
3820,165,8,173,2063,2236,536,379,458,994,4472,4472,362,2063,2425,11369
3821,151,9,160,2071,2231,554,404,493,1047,4462,4462,337,2071,2408,11332
3822,145,11,156,1997,2153,540,377,468,1008,4306,4306,334,1997,2331,10943
3823,153,16,169,1994,2163,591,378,455,1046,4326,4326,371,1994,2365,11017
3824,145,12,157,1970,2127,536,387,460,996,4254,4254,337,1970,2307,10815
3825,162,6,168,1994,2162,545,396,479,1024,4324,4324,348,1994,2342,10990
3826,157,11,168,2105,2273,567,416,491,1058,4546,4546,355,2105,2460,11552
3827,153,9,162,2049,2211,529,402,489,1018,4422,4422,343,2049,2392,11236
3828,162,9,171,2095,2266,534,381,462,996,4532,4532,357,2095,2452,11516
3829,148,14,162,2056,2218,582,398,487,1069,4436,4436,352,2056,2408,11280
3830,153,10,163,2039,2202,585,375,472,1057,4404,4404,348,2039,2387,11195
3831,155,12,167,2079,2246,565,424,512,1077,4492,4492,355,2079,2434,11418
3832,166,8,174,2002,2176,566,363,447,1013,4352,4352,360,2002,2362,11066
3833,157,11,168,2051,2219,552,395,481,1033,4438,4438,357,2051,2408,11284
3834,146,11,157,2089,2246,531,376,463,994,4492,4492,331,2089,2420,11404
3835,158,12,170,2017,2187,567,391,482,1049,4374,4374,363,2017,2380,11128
3836,169,11,180,2032,2212,610,389,478,1088,4424,4424,382,2032,2414,11262
3837,141,8,149,2050,2199,501,389,470,971,4398,4398,315,2050,2365,11161
3838,149,9,158,1989,2147,559,376,462,1021,4294,4294,336,1989,2325,10913
3839,166,8,174,2059,2233,552,393,470,1022,4466,4466,362,2059,2421,11353
3840,154,11,165,2011,2176,569,374,450,1019,4352,4352,346,2011,2357,11061
3841,164,7,171,2072,2243,556,358,434,990,4486,4486,356,2072,2428,11400
3842,154,9,163,2111,2274,530,429,520,1050,4548,4548,343,2111,2454,11550
3843,158,8,166,2039,2205,572,372,444,1016,4410,4410,352,2039,2391,11211
3844,147,15,162,2010,2172,522,416,499,1021,4344,4344,354,2010,2364,11052
3845,160,14,174,2089,2263,584,390,470,1054,4526,4526,376,2089,2465,11517
3846,172,8,180,2025,2205,603,388,481,1084,4410,4410,374,2025,2399,11219
3847,146,11,157,2057,2214,534,405,495,1029,4428,4428,335,2057,2392,11248
3848,156,15,171,2112,2283,614,383,480,1094,4566,4566,368,2112,2480,11612
3849,140,13,153,2028,2181,509,397,491,1000,4362,4362,331,2028,2359,11083
3850,146,14,160,1958,2118,553,373,444,997,4236,4236,345,1958,2303,10775
3851,146,11,157,2042,2199,501,388,485,986,4398,4398,336,2042,2378,11174
3852,160,7,167,2002,2169,561,369,463,1024,4338,4338,350,2002,2352,11028
3853,167,11,178,2063,2241,608,365,446,1054,4482,4482,374,2063,2437,11401
3854,177,7,184,1968,2152,609,397,472,1081,4304,4304,381,1968,2349,10957
3855,163,10,173,1972,2145,576,396,492,1068,4290,4290,365,1972,2337,10917
3856,174,10,184,2023,2207,597,436,543,1140,4414,4414,386,2023,2409,11237
3857,130,9,139,2065,2204,465,425,506,971,4408,4408,300,2065,2365,11181
3858,150,10,160,2011,2171,538,372,444,982,4342,4342,343,2011,2354,11038
3859,154,8,162,2040,2202,549,375,458,1007,4404,4404,340,2040,2380,11188
3860,150,4,154,2027,2181,479,348,428,907,4362,4362,315,2027,2342,11066
3861,162,7,169,1989,2158,574,331,397,971,4316,4316,349,1989,2338,10970
3862,138,11,149,1998,2147,550,369,449,999,4294,4294,318,1998,2316,10904
3863,149,12,161,2050,2211,560,355,415,975,4422,4422,342,2050,2392,11236
3864,163,8,171,2111,2282,541,390,480,1021,4564,4564,357,2111,2468,11596
3865,161,7,168,1969,2137,571,341,419,990,4274,4274,345,1969,2314,10862
3866,157,10,167,2010,2177,567,396,488,1055,4354,4354,350,2010,2360,11068
3867,152,11,163,1980,2143,536,380,461,997,4286,4286,351,1980,2331,10903
3868,134,8,142,2018,2160,488,375,462,950,4320,4320,301,2018,2319,10959
3869,156,7,163,1997,2160,524,376,468,992,4320,4320,338,1997,2335,10975
3870,141,11,152,2039,2191,510,374,455,965,4382,4382,325,2039,2364,11128
3871,151,10,161,1994,2155,560,380,472,1032,4310,4310,343,1994,2337,10957
3872,141,12,153,2001,2154,543,396,480,1023,4308,4308,327,2001,2328,10944
3873,142,12,154,1993,2147,490,388,475,965,4294,4294,325,1993,2318,10906
3874,150,10,160,2042,2202,509,416,514,1023,4404,4404,339,2042,2381,11189
3875,155,10,165,2051,2216,529,369,462,991,4432,4432,354,2051,2405,11269
3876,165,10,175,2053,2228,583,396,481,1064,4456,4456,373,2053,2426,11338
3877,180,7,187,1986,2173,618,352,426,1044,4346,4346,387,1986,2373,11065
3878,148,8,156,2045,2201,496,384,470,966,4402,4402,325,2045,2370,11174
3879,158,10,168,2086,2254,563,390,472,1035,4508,4508,358,2086,2444,11460
3880,151,11,162,2032,2194,526,399,496,1022,4388,4388,344,2032,2376,11152
3881,175,12,187,2034,2221,623,400,495,1118,4442,4442,392,2034,2426,11310
3882,140,6,146,2026,2172,463,402,492,955,4344,4344,300,2026,2326,11014
3883,159,13,172,1974,2146,605,382,457,1062,4292,4292,372,1974,2346,10930
3884,168,12,180,2016,2196,639,402,482,1121,4392,4392,391,2016,2407,11191
3885,145,5,150,1973,2123,495,383,471,966,4246,4246,313,1973,2286,10778
3886,135,9,144,1977,2121,523,386,481,1004,4242,4242,303,1977,2280,10764
3887,170,15,185,2007,2192,632,383,476,1108,4384,4384,406,2007,2413,11181
3888,170,10,180,2014,2194,623,373,464,1087,4388,4388,381,2014,2395,11171
3889,151,15,166,2044,2210,565,382,468,1033,4420,4420,356,2044,2400,11240
3890,157,12,169,2008,2177,609,379,460,1069,4354,4354,363,2008,2371,11079
3891,175,14,189,1955,2144,649,416,507,1156,4288,4288,398,1955,2353,10929
3892,161,8,169,2108,2277,553,407,494,1047,4554,4554,353,2108,2461,11569
3893,159,11,170,2010,2180,541,382,472,1013,4360,4360,362,2010,2372,11092
3894,148,9,157,2065,2222,515,386,470,985,4444,4444,331,2065,2396,11284
3895,151,14,165,1962,2127,604,390,476,1080,4254,4254,366,1962,2328,10836
3896,151,5,156,2035,2191,507,393,481,988,4382,4382,323,2035,2358,11122
3897,158,22,180,2067,2247,604,406,477,1081,4494,4494,398,2067,2465,11453
3898,150,11,161,2033,2194,549,376,459,1008,4388,4388,345,2033,2378,11154
3899,147,11,158,2048,2206,556,380,463,1019,4412,4412,338,2048,2386,11210
3900,159,10,169,2025,2194,550,387,458,1008,4388,4388,352,2025,2377,11153
3901,158,7,165,2008,2173,557,380,461,1018,4346,4346,345,2008,2353,11045
3902,157,6,163,2060,2223,522,416,523,1045,4446,4446,336,2060,2396,11288
3903,153,15,168,2088,2256,572,394,476,1048,4512,4512,363,2088,2451,11475
3904,160,4,164,1972,2136,561,380,460,1021,4272,4272,332,1972,2304,10848
3905,145,7,152,2018,2170,482,375,473,955,4340,4340,315,2018,2333,11013
3906,171,9,180,2067,2247,614,391,482,1096,4494,4494,383,2067,2450,11438
3907,166,10,176,2013,2189,577,404,486,1063,4378,4378,371,2013,2384,11140
3908,148,7,155,2002,2157,519,345,414,933,4314,4314,329,2002,2331,10959
3909,173,10,183,1999,2182,599,356,445,1044,4364,4364,387,1999,2386,11114
3910,163,8,171,2039,2210,598,379,483,1081,4420,4420,358,2039,2397,11237
3911,144,10,154,2038,2192,465,389,474,939,4384,4384,326,2038,2364,11132
3912,153,8,161,1982,2143,587,393,483,1070,4286,4286,337,1982,2319,10891
3913,151,7,158,1954,2112,525,388,467,992,4224,4224,329,1954,2283,10731
3914,162,13,175,2047,2222,603,415,513,1116,4444,4444,377,2047,2424,11312
3915,128,10,138,2002,2140,472,370,455,927,4280,4280,299,2002,2301,10861
3916,156,12,168,2057,2225,588,388,476,1064,4450,4450,366,2057,2423,11323
3917,151,9,160,1977,2137,530,333,400,930,4274,4274,334,1977,2311,10859
3918,174,8,182,1979,2161,591,364,442,1033,4322,4322,382,1979,2361,11005
3919,139,14,153,2056,2209,553,380,453,1006,4418,4418,329,2056,2385,11221
3920,167,11,178,1986,2164,635,355,443,1078,4328,4328,382,1986,2368,11024
3921,145,9,154,2054,2208,534,377,467,1001,4416,4416,327,2054,2381,11213
3922,156,12,168,2015,2183,562,370,436,998,4366,4366,355,2015,2370,11102
3923,168,9,177,2036,2213,600,393,489,1089,4426,4426,373,2036,2409,11261
3924,143,18,161,2010,2171,577,366,457,1034,4342,4342,358,2010,2368,11052
3925,158,13,171,2025,2196,607,405,502,1109,4392,4392,364,2025,2389,11173
3926,168,10,178,2056,2234,618,379,460,1078,4468,4468,378,2056,2434,11370
3927,149,12,161,1949,2110,570,350,432,1002,4220,4220,345,1949,2294,10734
3928,167,14,181,2032,2213,629,373,443,1072,4426,4426,392,2032,2424,11276
3929,132,16,148,2054,2202,547,392,474,1021,4404,4404,327,2054,2381,11189
3930,171,11,182,2048,2230,595,367,456,1051,4460,4460,391,2048,2439,11359
3931,138,14,152,2131,2283,554,422,521,1075,4566,4566,332,2131,2463,11595
3932,149,9,158,2030,2188,524,386,460,984,4376,4376,332,2030,2362,11114
3933,155,10,165,1979,2144,533,382,473,1006,4288,4288,351,1979,2330,10906
3934,135,9,144,2058,2202,493,386,462,955,4404,4404,307,2058,2365,11173
3935,150,5,155,2071,2226,508,379,472,980,4452,4452,318,2071,2389,11293
3936,161,23,184,2057,2241,652,373,452,1104,4482,4482,419,2057,2476,11440
3937,153,6,159,2077,2236,537,386,469,1006,4472,4472,327,2077,2404,11348
3938,133,14,147,1997,2144,516,367,455,971,4288,4288,323,1997,2320,10896
3939,139,13,152,1948,2100,499,359,452,951,4200,4200,323,1948,2271,10671
3940,162,11,173,1990,2163,594,386,465,1059,4326,4326,371,1990,2361,11013
3941,147,12,159,1924,2083,533,345,413,946,4166,4166,336,1924,2260,10592
3942,161,14,175,2060,2235,621,370,449,1070,4470,4470,378,2060,2438,11378
3943,136,8,144,1996,2140,483,376,451,934,4280,4280,301,1996,2297,10857
3944,163,10,173,2079,2252,554,363,443,997,4504,4504,366,2079,2445,11453
3945,162,11,173,1962,2135,576,386,471,1047,4270,4270,362,1962,2324,10864
3946,140,9,149,2010,2159,523,365,455,978,4318,4318,314,2010,2324,10960
3947,138,11,149,1956,2105,502,363,450,952,4210,4210,321,1956,2277,10697
3948,141,8,149,1972,2121,480,383,468,948,4242,4242,315,1972,2287,10771
3949,159,5,164,2020,2184,534,383,461,995,4368,4368,337,2020,2357,11093
3950,165,8,173,2061,2234,573,389,484,1057,4468,4468,357,2061,2418,11354
3951,156,12,168,2039,2207,579,390,464,1043,4414,4414,359,2039,2398,11226
3952,155,8,163,2010,2173,544,377,460,1004,4346,4346,340,2010,2350,11042
3953,165,13,178,2025,2203,565,355,429,994,4406,4406,388,2025,2413,11225
3954,144,9,153,2083,2236,525,403,506,1031,4472,4472,323,2083,2406,11350
3955,151,5,156,2046,2202,504,373,460,964,4404,4404,320,2046,2366,11174
3956,156,12,168,2012,2180,593,346,424,1017,4360,4360,359,2012,2371,11091
3957,155,6,161,2056,2217,528,392,467,995,4434,4434,337,2056,2393,11261
3958,155,10,165,2063,2228,531,369,449,980,4456,4456,346,2063,2409,11321
3959,136,10,146,1979,2125,513,372,456,969,4250,4250,311,1979,2290,10790
3960,185,14,199,2015,2214,661,391,470,1131,4428,4428,430,2015,2445,11301
3961,139,10,149,2003,2152,481,403,489,970,4304,4304,314,2003,2317,10925
3962,176,7,183,1993,2176,600,365,448,1048,4352,4352,380,1993,2373,11077
3963,171,9,180,2028,2208,590,371,459,1049,4416,4416,380,2028,2408,11240
3964,145,10,155,2137,2292,522,393,477,999,4584,4584,327,2137,2464,11632
3965,164,9,173,2030,2203,607,365,449,1056,4406,4406,364,2030,2394,11206
3966,144,5,149,2017,2166,509,390,488,997,4332,4332,308,2017,2325,10989
3967,138,10,148,2032,2180,486,403,496,982,4360,4360,312,2032,2344,11064
3968,156,6,162,2055,2217,548,368,438,986,4434,4434,337,2055,2392,11260
3969,157,12,169,2031,2200,588,407,504,1092,4400,4400,360,2031,2391,11191
3970,150,10,160,2010,2170,540,375,450,990,4340,4340,342,2010,2352,11032
3971,143,10,153,2137,2290,505,405,498,1003,4580,4580,320,2137,2457,11617
3972,149,6,155,2066,2221,510,372,465,975,4442,4442,323,2066,2389,11273
3973,131,9,140,2093,2233,496,366,453,949,4466,4466,303,2093,2396,11328
3974,151,12,163,2010,2173,593,352,426,1019,4346,4346,349,2010,2359,11051
3975,164,17,181,2088,2269,621,425,520,1141,4538,4538,395,2088,2483,11559
3976,135,7,142,2017,2159,483,392,473,956,4318,4318,297,2017,2314,10950
3977,164,8,172,2029,2201,571,373,451,1022,4402,4402,357,2029,2386,11190
3978,154,12,166,2023,2189,566,420,501,1067,4378,4378,355,2023,2378,11134
3979,142,5,147,2006,2153,473,384,476,949,4306,4306,304,2006,2310,10922
3980,161,14,175,2007,2182,626,381,455,1081,4364,4364,381,2007,2388,11116
3981,160,9,169,1959,2128,585,377,459,1044,4256,4256,359,1959,2318,10830
3982,164,8,172,2046,2218,565,403,494,1059,4436,4436,359,2046,2405,11277
3983,147,8,155,1964,2119,488,371,464,952,4238,4238,326,1964,2290,10766
3984,164,9,173,2028,2201,583,384,470,1053,4402,4402,366,2028,2394,11198
3985,153,9,162,2011,2173,532,405,492,1024,4346,4346,345,2011,2356,11048
3986,155,7,162,2119,2281,562,371,445,1007,4562,4562,340,2119,2459,11583
3987,140,7,147,1993,2140,518,358,439,957,4280,4280,307,1993,2300,10860
3988,138,17,155,1970,2125,537,390,457,994,4250,4250,343,1970,2313,10813
3989,145,11,156,2076,2232,538,398,498,1036,4464,4464,337,2076,2413,11341
3990,156,6,162,2037,2199,514,383,480,994,4398,4398,334,2037,2371,11167
3991,143,16,159,2020,2179,578,373,455,1033,4358,4358,347,2020,2367,11083
3992,168,14,182,2059,2241,614,407,488,1102,4482,4482,388,2059,2447,11411
3993,143,10,153,2030,2183,547,388,462,1009,4366,4366,322,2030,2352,11084
3994,138,12,150,1998,2148,552,355,429,981,4296,4296,330,1998,2328,10920
3995,162,6,168,1958,2126,576,379,459,1035,4252,4252,353,1958,2311,10815
3996,124,7,131,2056,2187,432,370,450,882,4374,4374,273,2056,2329,11077
3997,140,12,152,2010,2162,506,372,435,941,4324,4324,325,2010,2335,10983
3998,167,7,174,2028,2202,575,409,501,1076,4404,4404,359,2028,2387,11195
3999,142,7,149,2112,2261,489,417,513,1002,4522,4522,311,2112,2423,11467
4000,148,10,158,1985,2143,506,395,488,994,4286,4286,335,1985,2320,10892
4001,167,13,180,1994,2174,589,391,497,1086,4348,4348,382,1994,2376,11072
4002,151,15,166,2003,2169,577,386,476,1053,4338,4338,362,2003,2365,11041
4003,150,14,164,2021,2185,601,403,489,1090,4370,4370,353,2021,2374,11114
4004,178,10,188,2080,2268,631,412,497,1128,4536,4536,394,2080,2474,11546
4005,162,11,173,2035,2208,625,362,441,1066,4416,4416,364,2035,2399,11231
4006,136,12,148,2024,2172,517,388,474,991,4344,4344,322,2024,2346,11034
4007,141,11,152,2029,2181,499,387,484,983,4362,4362,332,2029,2361,11085
4008,170,6,176,1990,2166,563,374,461,1024,4332,4332,361,1990,2351,11015
4009,144,19,163,2111,2274,575,430,523,1098,4548,4548,368,2111,2479,11575
4010,144,9,153,2008,2161,513,363,439,952,4322,4322,322,2008,2330,10974
4011,162,10,172,2032,2204,602,410,499,1101,4408,4408,361,2032,2393,11209
4012,155,4,159,2050,2209,532,390,466,998,4418,4418,324,2050,2374,11210
4013,169,8,177,1975,2152,576,396,505,1081,4304,4304,367,1975,2342,10950
4014,155,9,164,2123,2287,553,405,487,1040,4574,4574,344,2123,2467,11615
4015,143,11,154,2037,2191,506,383,468,974,4382,4382,326,2037,2363,11127
4016,158,11,169,2013,2182,585,351,434,1019,4364,4364,357,2013,2370,11098
4017,152,10,162,2068,2230,566,399,476,1042,4460,4460,346,2068,2414,11334
4018,146,11,157,2007,2164,523,375,482,1005,4328,4328,340,2007,2347,11003
4019,151,8,159,2084,2243,533,425,520,1053,4486,4486,328,2084,2412,11384
4020,138,11,149,2008,2157,556,386,470,1026,4314,4314,326,2008,2334,10962
4021,143,6,149,2001,2150,458,375,461,919,4300,4300,309,2001,2310,10910
4022,159,8,167,2003,2170,575,377,450,1025,4340,4340,347,2003,2350,11030
4023,150,8,158,2016,2174,551,391,482,1033,4348,4348,329,2016,2345,11041
4024,133,5,138,2117,2255,447,373,454,901,4510,4510,285,2117,2402,11422
4025,154,12,166,1999,2165,562,397,487,1049,4330,4330,352,1999,2351,11011
4026,163,12,175,2051,2226,595,388,478,1073,4452,4452,374,2051,2425,11329
4027,134,7,141,2069,2210,444,390,477,921,4420,4420,296,2069,2365,11205
4028,153,12,165,2059,2224,596,405,486,1082,4448,4448,357,2059,2416,11312
4029,151,8,159,2020,2179,498,350,432,930,4358,4358,331,2020,2351,11067
4030,155,14,169,1968,2137,583,402,489,1072,4274,4274,363,1968,2331,10879
4031,187,9,196,2054,2250,587,361,440,1027,4500,4500,410,2054,2464,11464
4032,143,6,149,2037,2186,485,372,462,947,4372,4372,310,2037,2347,11091
4033,158,11,169,1987,2156,565,375,463,1028,4312,4312,360,1987,2347,10971
4034,146,10,156,2020,2176,525,340,412,937,4352,4352,327,2020,2347,11051
4035,152,16,168,2034,2202,623,389,469,1092,4404,4404,363,2034,2397,11205
4036,157,7,164,2024,2188,557,377,457,1014,4376,4376,344,2024,2368,11120
4037,155,10,165,2087,2252,542,385,466,1008,4504,4504,347,2087,2434,11442
4038,168,12,180,2064,2244,610,377,457,1067,4488,4488,375,2064,2439,11415
4039,159,5,164,2101,2265,501,406,490,991,4530,4530,340,2101,2441,11501
4040,139,8,147,2053,2200,485,426,531,1016,4400,4400,310,2053,2363,11163
4041,148,8,156,1951,2107,559,348,418,977,4214,4214,330,1951,2281,10709
4042,181,17,198,2057,2255,691,398,499,1190,4510,4510,426,2057,2483,11503
4043,152,11,163,2022,2185,601,412,499,1100,4370,4370,351,2022,2373,11113
4044,135,5,140,1995,2135,478,380,463,941,4270,4270,293,1995,2288,10828
4045,146,15,161,1992,2153,585,387,471,1056,4306,4306,362,1992,2354,10966
4046,130,9,139,2001,2140,454,343,413,867,4280,4280,294,2001,2295,10855
4047,164,9,173,2035,2208,603,374,462,1065,4416,4416,366,2035,2401,11233
4048,161,14,175,2050,2225,597,383,467,1064,4450,4450,382,2050,2432,11332
4049,147,10,157,2057,2214,560,434,532,1092,4428,4428,335,2057,2392,11248
4050,168,8,176,2022,2198,579,395,469,1048,4396,4396,365,2022,2387,11179
4051,136,10,146,2043,2189,500,392,469,969,4378,4378,310,2043,2353,11109
4052,156,10,166,2034,2200,548,383,463,1011,4400,4400,354,2034,2388,11188
4053,133,10,143,2033,2176,501,362,424,925,4352,4352,306,2033,2339,11043
4054,142,7,149,2005,2154,497,398,485,982,4308,4308,308,2005,2313,10929
4055,157,14,171,2091,2262,608,357,429,1037,4524,4524,370,2091,2461,11509
4056,151,9,160,2025,2185,546,379,472,1018,4370,4370,336,2025,2361,11101
4057,151,7,158,2000,2158,546,360,450,996,4316,4316,334,2000,2334,10966
4058,138,15,153,2011,2164,526,364,446,972,4328,4328,334,2011,2345,11001
4059,138,7,145,2010,2155,512,378,474,986,4310,4310,299,2010,2309,10929
4060,192,10,202,2089,2291,665,395,478,1143,4582,4582,423,2089,2512,11676
4061,146,12,158,2045,2203,599,406,500,1099,4406,4406,340,2045,2385,11197
4062,154,6,160,2006,2166,505,364,436,941,4332,4332,330,2006,2336,11000
4063,154,11,165,2024,2189,596,406,487,1083,4378,4378,352,2024,2376,11132
4064,172,10,182,2087,2269,602,392,486,1088,4538,4538,382,2087,2469,11545
4065,158,6,164,2051,2215,498,372,436,934,4430,4430,340,2051,2391,11251
4066,145,8,153,2014,2167,475,400,487,962,4334,4334,322,2014,2336,11004
4067,163,7,170,2034,2204,550,375,466,1016,4408,4408,353,2034,2387,11203
4068,136,10,146,2042,2188,465,389,461,926,4376,4376,312,2042,2354,11106
4069,149,10,159,2108,2267,507,388,494,1001,4534,4534,341,2108,2449,11517
4070,157,12,169,2012,2181,563,363,443,1006,4362,4362,353,2012,2365,11089
4071,137,7,144,1990,2134,488,384,473,961,4268,4268,306,1990,2296,10832
4072,156,9,165,2017,2182,557,376,455,1012,4364,4364,349,2017,2366,11094
4073,146,5,151,2082,2233,484,385,480,964,4466,4466,311,2082,2393,11325
4074,123,9,132,2098,2230,481,418,506,987,4460,4460,289,2098,2387,11307
4075,167,10,177,2042,2219,648,395,475,1123,4438,4438,383,2042,2425,11301
4076,157,12,169,2080,2249,565,388,472,1037,4498,4498,362,2080,2442,11438
4077,131,11,142,2006,2148,488,366,451,939,4296,4296,308,2006,2314,10906
4078,152,16,168,2042,2210,607,392,471,1078,4420,4420,359,2042,2401,11241
4079,153,16,169,1996,2165,627,361,438,1065,4330,4330,373,1996,2369,11029
4080,123,13,136,2022,2158,462,374,456,918,4316,4316,291,2022,2313,10945
4081,158,7,165,2103,2268,561,391,484,1045,4536,4536,340,2103,2443,11515
4082,165,12,177,1960,2137,583,382,464,1047,4274,4274,380,1960,2340,10888
4083,160,10,170,2017,2187,556,387,495,1051,4374,4374,354,2017,2371,11119
4084,171,10,181,2068,2249,620,410,505,1125,4498,4498,383,2068,2451,11447
4085,155,14,169,1967,2136,598,345,417,1015,4272,4272,367,1967,2334,10878
4086,151,11,162,2058,2220,531,374,447,978,4440,4440,340,2058,2398,11278
4087,148,7,155,2017,2172,503,388,471,974,4344,4344,329,2017,2346,11034
4088,157,15,172,1957,2129,615,396,486,1101,4258,4258,372,1957,2329,10845
4089,161,13,174,2010,2184,564,359,433,997,4368,4368,371,2010,2381,11117
4090,141,14,155,2036,2191,535,397,482,1017,4382,4382,345,2036,2381,11145
4091,138,4,142,2012,2154,468,365,450,918,4308,4308,292,2012,2304,10920
4092,159,9,168,2049,2217,564,376,450,1014,4434,4434,357,2049,2406,11274
4093,137,8,145,2025,2170,493,373,448,941,4340,4340,309,2025,2334,11014
4094,140,13,153,1999,2152,539,391,470,1009,4304,4304,335,1999,2334,10942
4095,150,6,156,2089,2245,501,434,521,1022,4490,4490,324,2089,2413,11393
4096,140,13,153,1949,2102,551,359,439,990,4204,4204,331,1949,2280,10688
4097,147,11,158,2049,2207,549,383,472,1021,4414,4414,335,2049,2384,11212
4098,130,7,137,2004,2141,461,368,450,911,4282,4282,283,2004,2287,10851
4099,155,17,172,2041,2213,583,356,437,1020,4426,4426,380,2041,2421,11273
4100,132,10,142,2164,2306,522,420,507,1029,4612,4612,303,2164,2467,11691
4101,150,11,161,2021,2182,506,382,473,979,4364,4364,340,2021,2361,11089
4102,154,8,162,1997,2159,550,363,441,991,4318,4318,342,1997,2339,10975
4103,146,10,156,2088,2244,535,403,496,1031,4488,4488,330,2088,2418,11394
4104,157,12,169,2022,2191,536,359,432,968,4382,4382,361,2022,2383,11147
4105,167,16,183,2047,2230,634,387,465,1099,4460,4460,400,2047,2447,11367
4106,159,11,170,2114,2284,520,401,487,1007,4568,4568,362,2114,2476,11612
4107,141,13,154,2053,2207,492,397,503,995,4414,4414,330,2053,2383,11211
4108,141,9,150,2038,2188,529,396,483,1012,4376,4376,321,2038,2359,11111
4109,139,7,146,2021,2167,486,406,485,971,4334,4334,305,2021,2326,10994
4110,155,6,161,2061,2222,546,406,484,1030,4444,4444,333,2061,2394,11282
4111,145,9,154,2015,2169,533,407,481,1014,4338,4338,332,2015,2347,11023
4112,153,12,165,1959,2124,556,359,433,989,4248,4248,350,1959,2309,10805
4113,165,8,173,2049,2222,545,384,462,1007,4444,4444,365,2049,2414,11302
4114,148,8,156,2027,2183,523,394,469,992,4366,4366,326,2027,2353,11085
4115,152,5,157,2117,2274,498,404,485,983,4548,4548,324,2117,2441,11537
4116,146,9,155,2088,2243,558,422,512,1070,4486,4486,330,2088,2418,11390
4117,168,7,175,2002,2177,565,365,457,1022,4354,4354,364,2002,2366,11074
4118,147,10,157,2034,2191,485,401,477,962,4382,4382,332,2034,2366,11130
4119,165,8,173,1979,2152,564,378,466,1030,4304,4304,359,1979,2338,10946
4120,173,15,188,2085,2273,670,378,468,1138,4546,4546,410,2085,2495,11587
4121,175,10,185,2019,2204,612,347,420,1032,4408,4408,386,2019,2405,11221
4122,142,8,150,2010,2160,531,381,472,1003,4320,4320,313,2010,2323,10963
4123,139,12,151,1980,2131,524,379,455,979,4262,4262,325,1980,2305,10829
4124,145,9,154,2123,2277,501,407,501,1002,4554,4554,327,2123,2450,11558
4125,133,15,148,2032,2180,509,372,453,962,4360,4360,326,2032,2358,11078
4126,169,9,178,1975,2153,613,381,465,1078,4306,4306,381,1975,2356,10968
4127,142,7,149,2023,2172,528,353,432,960,4344,4344,308,2023,2331,11019
4128,166,11,177,2049,2226,562,367,447,1009,4452,4452,374,2049,2423,11327
4129,138,14,152,1994,2146,531,368,450,981,4292,4292,334,1994,2328,10912
4130,161,14,175,1979,2154,620,362,438,1058,4308,4308,378,1979,2357,10973
4131,150,9,159,2024,2183,564,412,485,1049,4366,4366,338,2024,2362,11094
4132,146,4,150,2043,2193,449,405,503,952,4386,4386,308,2043,2351,11123
4133,148,12,160,2091,2251,526,420,515,1041,4502,4502,342,2091,2433,11437
4134,148,11,159,2087,2246,526,456,568,1094,4492,4492,333,2087,2420,11404
4135,153,4,157,2016,2173,557,356,436,993,4346,4346,319,2016,2335,11027
4136,161,13,174,2016,2190,589,398,475,1064,4380,4380,367,2016,2383,11143
4137,157,13,170,2112,2282,588,375,447,1035,4564,4564,364,2112,2476,11604
4138,150,10,160,2115,2275,538,392,479,1017,4550,4550,339,2115,2454,11554
4139,152,12,164,2033,2197,567,370,461,1028,4394,4394,356,2033,2389,11177
4140,176,12,188,2094,2282,644,400,478,1122,4564,4564,400,2094,2494,11622
4141,168,16,184,1983,2167,656,368,454,1110,4334,4334,403,1983,2386,11054
4142,145,6,151,1957,2108,503,333,404,907,4216,4216,314,1957,2271,10703
4143,156,5,161,2093,2254,501,400,492,993,4508,4508,332,2093,2425,11441
4144,143,9,152,2078,2230,485,417,518,1003,4460,4460,322,2078,2400,11320
4145,167,14,181,2045,2226,626,409,497,1123,4452,4452,388,2045,2433,11337
4146,157,17,174,2098,2272,592,405,495,1087,4544,4544,378,2098,2476,11564
4147,135,10,145,2070,2215,470,411,480,950,4430,4430,309,2070,2379,11239
4148,153,7,160,2072,2232,516,403,499,1015,4464,4464,333,2072,2405,11333
4149,169,9,178,2095,2273,571,392,489,1060,4546,4546,371,2095,2466,11558
4150,164,10,174,2014,2188,536,384,464,1000,4376,4376,368,2014,2382,11134
4151,157,9,166,2050,2216,556,384,481,1037,4432,4432,352,2050,2402,11266
4152,135,14,149,2051,2200,538,370,449,987,4400,4400,325,2051,2376,11176
4153,158,5,163,1991,2154,525,378,463,988,4308,4308,335,1991,2326,10942
4154,141,8,149,2009,2158,498,377,456,954,4316,4316,313,2009,2322,10954
4155,148,15,163,2042,2205,580,425,520,1100,4410,4410,361,2042,2403,11223
4156,169,6,175,1997,2172,544,364,438,982,4344,4344,358,1997,2355,11043
4157,163,9,172,1976,2148,609,377,447,1056,4296,4296,362,1976,2338,10930
4158,162,7,169,2106,2275,541,393,488,1029,4550,4550,350,2106,2456,11556
4159,148,10,158,2054,2212,533,397,494,1027,4424,4424,339,2054,2393,11241
4160,145,9,154,2103,2257,542,417,509,1051,4514,4514,326,2103,2429,11457
4161,144,17,161,2108,2269,556,438,533,1089,4538,4538,359,2108,2467,11543
4162,161,8,169,2015,2184,548,407,502,1050,4368,4368,351,2015,2366,11102
4163,148,4,152,2126,2278,517,387,472,989,4556,4556,313,2126,2439,11551
4164,174,5,179,2019,2198,590,373,449,1039,4396,4396,367,2019,2386,11178
4165,152,9,161,2040,2201,539,358,448,987,4402,4402,342,2040,2382,11186
4166,132,8,140,1979,2119,478,403,499,977,4238,4238,300,1979,2279,10755
4167,160,15,175,2046,2221,590,401,502,1092,4442,4442,377,2046,2423,11307
4168,164,15,179,2007,2186,599,353,423,1022,4372,4372,386,2007,2393,11137
4169,145,7,152,2141,2293,459,406,507,966,4586,4586,316,2141,2457,11629
4170,152,12,164,1973,2137,556,365,434,990,4274,4274,344,1973,2317,10865
4171,182,12,194,2053,2247,649,409,493,1142,4494,4494,416,2053,2469,11457
4172,164,11,175,1927,2102,620,384,467,1087,4204,4204,374,1927,2301,10709
4173,145,10,155,1968,2123,531,360,443,974,4246,4246,329,1968,2297,10789
4174,132,11,143,1951,2094,450,366,445,895,4188,4188,305,1951,2256,10632
4175,150,9,159,1997,2156,540,374,476,1016,4312,4312,331,1997,2328,10952
4176,143,6,149,2006,2155,491,371,458,949,4310,4310,312,2006,2318,10938
4177,178,13,191,1955,2146,635,372,451,1086,4292,4292,406,1955,2361,10945
4178,150,10,160,2040,2200,546,375,457,1003,4400,4400,336,2040,2376,11176
4179,152,13,165,1973,2138,579,374,462,1041,4276,4276,357,1973,2330,10882
4180,136,10,146,2108,2254,497,394,491,988,4508,4508,317,2108,2425,11441
4181,164,13,177,2069,2246,597,410,495,1092,4492,4492,388,2069,2457,11441
4182,174,11,185,2051,2236,648,363,453,1101,4472,4472,391,2051,2442,11386
4183,152,6,158,2095,2253,526,349,427,953,4506,4506,326,2095,2421,11433
4184,145,5,150,2009,2159,475,398,487,962,4318,4318,310,2009,2319,10955
4185,140,11,151,2059,2210,515,392,479,994,4420,4420,325,2059,2384,11224
4186,152,11,163,2001,2164,541,358,430,971,4328,4328,347,2001,2348,11004
4187,168,7,175,2088,2263,570,365,457,1027,4526,4526,366,2088,2454,11506
4188,145,9,154,2055,2209,519,393,477,996,4418,4418,327,2055,2382,11218
4189,152,8,160,1994,2154,538,370,450,988,4308,4308,337,1994,2331,10947
4190,153,7,160,2039,2199,539,390,471,1010,4398,4398,336,2039,2375,11171
4191,180,12,192,1975,2167,640,415,482,1122,4334,4334,407,1975,2382,11050
4192,165,12,177,2022,2199,617,412,482,1099,4398,4398,379,2022,2401,11197
4193,150,10,160,2037,2197,530,368,440,970,4394,4394,341,2037,2378,11166
4194,153,8,161,2058,2219,515,394,490,1005,4438,4438,332,2058,2390,11266
4195,141,16,157,1986,2143,568,390,480,1048,4286,4286,344,1986,2330,10902
4196,151,11,162,2048,2210,578,365,448,1026,4420,4420,349,2048,2397,11237
4197,147,15,162,1967,2129,600,381,458,1058,4258,4258,352,1967,2319,10835
4198,152,16,168,1982,2150,615,396,485,1100,4300,4300,372,1982,2354,10954
4199,156,12,168,2031,2199,563,345,430,993,4398,4398,358,2031,2389,11185
4200,154,12,166,2163,2329,540,435,536,1076,4658,4658,355,2163,2518,11834
4201,139,10,149,1996,2145,482,389,471,953,4290,4290,313,1996,2309,10889
4202,170,14,184,2066,2250,638,415,506,1144,4500,4500,403,2066,2469,11469
4203,172,12,184,1997,2181,635,371,453,1088,4362,4362,398,1997,2395,11119
4204,156,12,168,2017,2185,556,399,482,1038,4370,4370,363,2017,2380,11120
4205,136,14,150,1990,2140,532,378,448,980,4280,4280,326,1990,2316,10876
4206,167,7,174,2149,2323,604,395,480,1084,4646,4646,363,2149,2512,11804
4207,147,9,156,2001,2157,491,376,460,951,4314,4314,329,2001,2330,10958
4208,126,14,140,2137,2277,514,438,543,1057,4554,4554,312,2137,2449,11557
4209,133,10,143,2054,2197,503,405,487,990,4394,4394,303,2054,2357,11145
4210,153,12,165,2004,2169,558,358,424,982,4338,4338,353,2004,2357,11033
4211,163,9,172,2031,2203,569,383,474,1043,4406,4406,356,2031,2387,11199
4212,147,7,154,1994,2148,505,401,488,993,4296,4296,320,1994,2314,10906
4213,150,8,158,2091,2249,522,404,494,1016,4498,4498,331,2091,2422,11418
4214,145,12,157,1981,2138,524,355,435,959,4276,4276,332,1981,2313,10865
4215,137,17,154,2034,2188,550,403,492,1042,4376,4376,342,2034,2376,11128
4216,150,8,158,2094,2252,516,390,467,983,4504,4504,330,2094,2424,11432
4217,161,11,172,2099,2271,621,358,446,1067,4542,4542,366,2099,2465,11549
4218,163,10,173,2079,2252,553,411,504,1057,4504,4504,360,2079,2439,11447
4219,140,9,149,1993,2142,494,365,447,941,4284,4284,317,1993,2310,10878
4220,149,14,163,2023,2186,570,403,485,1055,4372,4372,351,2023,2374,11118
4221,152,11,163,2012,2175,564,401,474,1038,4350,4350,346,2012,2358,11058
4222,157,7,164,2024,2188,545,365,452,997,4376,4376,341,2024,2365,11117
4223,152,8,160,1920,2080,543,354,443,986,4160,4160,331,1920,2251,10571
4224,164,13,177,1991,2168,591,383,467,1058,4336,4336,382,1991,2373,11045
4225,138,13,151,2038,2189,559,395,478,1037,4378,4378,334,2038,2372,11128
4226,158,18,176,2004,2180,601,376,458,1059,4360,4360,383,2004,2387,11107
4227,165,12,177,2011,2188,581,385,469,1050,4376,4376,378,2011,2389,11141
4228,163,15,178,2025,2203,639,386,472,1111,4406,4406,382,2025,2407,11219
4229,162,11,173,2033,2206,540,374,448,988,4412,4412,366,2033,2399,11223
4230,148,7,155,1958,2113,503,360,433,936,4226,4226,321,1958,2279,10731
4231,147,6,153,2093,2246,488,399,482,970,4492,4492,316,2093,2409,11393
4232,128,14,142,2013,2155,480,382,459,939,4310,4310,309,2013,2322,10942
4233,144,11,155,1964,2119,516,352,421,937,4238,4238,333,1964,2297,10773
4234,162,10,172,2042,2214,589,391,484,1073,4428,4428,362,2042,2404,11260
4235,151,8,159,1979,2138,513,370,461,974,4276,4276,330,1979,2309,10861
4236,150,8,158,2038,2196,549,424,512,1061,4392,4392,334,2038,2372,11156
4237,137,14,151,2005,2156,497,384,482,979,4312,4312,325,2005,2330,10954
4238,157,11,168,1999,2167,571,341,419,990,4334,4334,364,1999,2363,11031
4239,130,12,142,1976,2118,505,400,491,996,4236,4236,307,1976,2283,10755
4240,153,14,167,2132,2299,520,397,486,1006,4598,4598,359,2132,2491,11687
4241,151,12,163,2025,2188,541,367,438,979,4376,4376,354,2025,2379,11131
4242,161,17,178,2059,2237,593,367,439,1032,4474,4474,383,2059,2442,11390
4243,138,10,148,2113,2261,501,396,481,982,4522,4522,318,2113,2431,11475
4244,168,11,179,2012,2191,606,347,413,1019,4382,4382,380,2012,2392,11156
4245,132,12,144,2075,2219,516,393,484,1000,4438,4438,311,2075,2386,11262
4246,164,11,175,2002,2177,604,355,441,1045,4354,4354,367,2002,2369,11077
4247,153,11,164,2002,2166,553,367,446,999,4332,4332,353,2002,2355,11019
4248,164,12,176,1963,2139,599,379,453,1052,4278,4278,376,1963,2339,10895
4249,153,13,166,1986,2152,588,370,460,1048,4304,4304,359,1986,2345,10953
4250,169,14,183,1999,2182,612,392,476,1088,4364,4364,386,1999,2385,11113
4251,148,11,159,1890,2049,535,369,457,992,4098,4098,341,1890,2231,10427
4252,179,12,191,2109,2300,655,387,467,1122,4600,4600,406,2109,2515,11715
4253,155,11,166,2034,2200,555,373,458,1013,4400,4400,349,2034,2383,11183
4254,151,14,165,2078,2243,587,403,485,1072,4486,4486,356,2078,2434,11406
4255,150,13,163,2050,2213,551,378,474,1025,4426,4426,348,2050,2398,11250
4256,157,9,166,1954,2120,567,353,431,998,4240,4240,356,1954,2310,10790
4257,143,8,151,2038,2189,527,386,484,1011,4378,4378,317,2038,2355,11111
4258,139,13,152,2000,2152,518,347,413,931,4304,4304,330,2000,2330,10938
4259,155,15,170,2020,2190,589,396,467,1056,4380,4380,364,2020,2384,11144
4260,152,9,161,2115,2276,548,387,477,1025,4552,4552,337,2115,2452,11556
4261,142,13,155,2010,2165,537,371,462,999,4330,4330,334,2010,2344,11004
4262,147,9,156,2000,2156,544,404,496,1040,4312,4312,332,2000,2332,10956
4263,155,8,163,2116,2279,526,362,439,965,4558,4558,340,2116,2456,11572
4264,155,7,162,2073,2235,525,423,519,1044,4470,4470,342,2073,2415,11355
4265,173,14,187,2017,2204,663,399,498,1161,4408,4408,412,2017,2429,11245
4266,134,11,145,1978,2123,482,357,439,921,4246,4246,313,1978,2291,10783
4267,157,16,173,2027,2200,639,381,459,1098,4400,4400,381,2027,2408,11208
4268,158,11,169,2064,2233,579,375,470,1049,4466,4466,357,2064,2421,11353
4269,140,6,146,2050,2196,527,390,469,996,4392,4392,302,2050,2352,11136
4270,148,10,158,2025,2183,568,389,484,1052,4366,4366,334,2025,2359,11091
4271,161,7,168,2044,2212,573,387,463,1036,4424,4424,348,2044,2392,11240
4272,162,6,168,2096,2264,527,399,475,1002,4528,4528,351,2096,2447,11503
4273,146,6,152,2045,2197,504,394,480,984,4394,4394,316,2045,2361,11149
4274,171,8,179,2012,2191,570,394,478,1048,4382,4382,376,2012,2388,11152
4275,150,11,161,2038,2199,594,403,485,1079,4398,4398,343,2038,2381,11177
4276,156,13,169,2150,2319,581,394,487,1068,4638,4638,360,2150,2510,11786
4277,144,13,157,2059,2216,545,394,496,1041,4432,4432,341,2059,2400,11264
4278,138,17,155,2088,2243,519,371,461,980,4486,4486,342,2088,2430,11402
4279,147,4,151,1977,2128,476,388,478,954,4256,4256,308,1977,2285,10797
4280,152,9,161,2045,2206,562,393,497,1059,4412,4412,338,2045,2383,11207
4281,158,7,165,2073,2238,552,381,456,1008,4476,4476,347,2073,2420,11372
4282,153,9,162,2046,2208,515,395,482,997,4416,4416,344,2046,2390,11222
4283,162,8,170,2014,2184,554,399,482,1036,4368,4368,351,2014,2365,11101
4284,146,6,152,1987,2139,527,385,465,992,4278,4278,321,1987,2308,10864
4285,143,12,155,2069,2224,515,389,471,986,4448,4448,334,2069,2403,11299
4286,163,4,167,2079,2246,563,385,470,1033,4492,4492,344,2079,2423,11407
4287,149,4,153,2063,2216,496,371,456,952,4432,4432,312,2063,2375,11239
4288,153,10,163,1969,2132,559,358,444,1003,4264,4264,346,1969,2315,10843
4289,144,9,153,2023,2176,536,397,479,1015,4352,4352,320,2023,2343,11047
4290,152,16,168,2006,2174,541,383,486,1027,4348,4348,373,2006,2379,11075
4291,163,9,172,2078,2250,579,402,483,1062,4500,4500,364,2078,2442,11442
4292,159,7,166,2025,2191,593,360,459,1052,4382,4382,346,2025,2371,11135
4293,161,12,173,2003,2176,599,384,478,1077,4352,4352,370,2003,2373,11077
4294,170,10,180,2082,2262,602,379,462,1064,4524,4524,379,2082,2461,11509
4295,130,13,143,2008,2151,520,356,441,961,4302,4302,313,2008,2321,10925
4296,137,8,145,2014,2159,497,367,451,948,4318,4318,306,2014,2320,10956
4297,147,10,157,2008,2165,541,387,455,996,4330,4330,335,2008,2343,11003
4298,167,7,174,2007,2181,519,371,458,977,4362,4362,359,2007,2366,11090
4299,152,16,168,2043,2211,604,397,486,1090,4422,4422,371,2043,2414,11258
4300,130,9,139,2049,2188,505,385,489,994,4376,4376,296,2049,2345,11097
4301,164,8,172,1981,2153,548,367,446,994,4306,4306,358,1981,2339,10951
4302,153,7,160,2081,2241,546,396,481,1027,4482,4482,333,2081,2414,11378
4303,168,12,180,2061,2241,589,371,457,1046,4482,4482,385,2061,2446,11410
4304,138,16,154,2089,2243,573,390,486,1059,4486,4486,340,2089,2429,11401
4305,170,18,188,2067,2255,637,409,496,1133,4510,4510,412,2067,2479,11499
4306,149,12,161,1999,2160,535,378,483,1018,4320,4320,348,1999,2347,10987
4307,157,11,168,2062,2230,563,408,504,1067,4460,4460,363,2062,2425,11345
4308,165,6,171,2090,2261,584,382,469,1053,4522,4522,351,2090,2441,11485
4309,138,10,148,2004,2152,498,364,441,939,4304,4304,318,2004,2322,10930
4310,172,13,185,2065,2250,589,370,442,1031,4500,4500,396,2065,2461,11461
4311,161,7,168,2043,2211,525,362,425,950,4422,4422,348,2043,2391,11235
4312,142,8,150,2088,2238,545,394,493,1038,4476,4476,314,2088,2402,11354
4313,174,5,179,2046,2225,620,372,451,1071,4450,4450,369,2046,2415,11315
4314,159,11,170,2004,2174,579,400,461,1040,4348,4348,365,2004,2369,11065
4315,145,16,161,2033,2194,589,387,481,1070,4388,4388,356,2033,2389,11165
4316,162,7,169,2059,2228,564,374,454,1018,4456,4456,351,2059,2410,11322
4317,167,12,179,2093,2272,643,396,486,1129,4544,4544,387,2093,2480,11568
4318,114,10,124,2043,2167,410,356,433,843,4334,4334,272,2043,2315,10983
4319,147,9,156,2002,2158,554,386,481,1035,4316,4316,328,2002,2330,10962
4320,156,9,165,1980,2145,542,391,471,1013,4290,4290,353,1980,2333,10913
4321,153,10,163,2047,2210,549,345,429,978,4420,4420,345,2047,2392,11232
4322,137,21,158,1993,2151,553,365,444,997,4302,4302,363,1993,2356,10960
4323,161,9,170,1997,2167,572,410,492,1064,4334,4334,358,1997,2355,11023
4324,161,12,173,2092,2265,582,422,508,1090,4530,4530,368,2092,2460,11520
4325,149,10,159,1952,2111,544,370,460,1004,4222,4222,336,1952,2288,10732
4326,141,6,147,2096,2243,462,403,488,950,4486,4486,305,2096,2401,11373
4327,169,10,179,2061,2240,616,386,471,1087,4480,4480,380,2061,2441,11401
4328,159,17,176,2050,2226,611,386,472,1083,4452,4452,395,2050,2445,11349
4329,162,9,171,1942,2113,626,364,446,1072,4226,4226,358,1942,2300,10752
4330,154,11,165,2067,2232,539,423,511,1050,4464,4464,347,2067,2414,11342
4331,153,12,165,1998,2163,598,407,501,1099,4326,4326,351,1998,2349,11001
4332,153,14,167,2036,2203,605,377,466,1071,4406,4406,363,2036,2399,11211
4333,151,12,163,2045,2208,616,384,480,1096,4416,4416,357,2045,2402,11234
4334,192,11,203,1962,2165,657,406,495,1152,4330,4330,424,1962,2386,11046
4335,158,11,169,2078,2247,541,382,474,1015,4494,4494,358,2078,2436,11424
4336,166,10,176,2073,2249,597,393,470,1067,4498,4498,367,2073,2440,11436
4337,153,7,160,2014,2174,529,376,465,994,4348,4348,335,2014,2349,11045
4338,178,14,192,2111,2303,676,396,494,1170,4606,4606,410,2111,2521,11733
4339,154,11,165,2078,2243,524,374,457,981,4486,4486,350,2078,2428,11400
4340,160,11,171,1967,2138,583,369,462,1045,4276,4276,362,1967,2329,10881
4341,160,9,169,2094,2263,575,407,498,1073,4526,4526,352,2094,2446,11498
4342,155,10,165,2040,2205,558,392,469,1027,4410,4410,351,2040,2391,11211
4343,166,10,176,2073,2249,595,386,466,1061,4498,4498,370,2073,2443,11439
4344,151,8,159,1992,2151,535,383,479,1014,4302,4302,335,1992,2327,10931
4345,172,10,182,2038,2220,630,362,447,1077,4440,4440,386,2038,2424,11304
4346,136,15,151,2039,2190,545,367,460,1005,4380,4380,331,2039,2370,11130
4347,165,6,171,1923,2094,585,407,490,1075,4188,4188,354,1923,2277,10653
4348,155,10,165,2051,2216,520,392,483,1003,4432,4432,346,2051,2397,11261
4349,153,9,162,2104,2266,548,415,529,1077,4532,4532,339,2104,2443,11507
4350,156,7,163,2044,2207,526,396,473,999,4414,4414,341,2044,2385,11213
4351,157,10,167,2028,2195,550,369,450,1000,4390,4390,353,2028,2381,11161
4352,149,14,163,2011,2174,578,373,460,1038,4348,4348,352,2011,2363,11059
4353,157,11,168,2050,2218,539,370,449,988,4436,4436,350,2050,2400,11272
4354,166,9,175,2034,2209,603,372,448,1051,4418,4418,366,2034,2400,11236
4355,141,14,155,1992,2147,517,354,439,956,4294,4294,338,1992,2330,10918
4356,135,10,145,1973,2118,501,374,454,955,4236,4236,308,1973,2281,10753
4357,150,12,162,2029,2191,585,378,461,1046,4382,4382,355,2029,2384,11148
4358,162,10,172,2050,2222,598,367,446,1044,4444,4444,360,2050,2410,11298
4359,142,13,155,1935,2090,510,366,455,965,4180,4180,337,1935,2272,10632
4360,149,6,155,1979,2134,545,384,472,1017,4268,4268,324,1979,2303,10839
4361,164,12,176,2011,2187,564,379,479,1043,4374,4374,376,2011,2387,11135
4362,151,11,162,2032,2194,546,420,524,1070,4388,4388,347,2032,2379,11155
4363,149,13,162,1996,2158,557,367,456,1013,4316,4316,343,1996,2339,10971
4364,171,12,183,2008,2191,617,385,477,1094,4382,4382,389,2008,2397,11161
4365,147,8,155,2035,2190,502,379,436,938,4380,4380,325,2035,2360,11120
4366,159,10,169,2019,2188,553,376,465,1018,4376,4376,361,2019,2380,11132
4367,143,14,157,2029,2186,515,394,489,1004,4372,4372,342,2029,2371,11115
4368,158,5,163,1977,2140,546,356,434,980,4280,4280,335,1977,2312,10872
4369,152,9,161,2000,2161,565,397,477,1042,4322,4322,339,2000,2339,10983
4370,155,12,167,2128,2295,563,407,502,1065,4590,4590,355,2128,2483,11663
4371,143,11,154,2017,2171,523,392,477,1000,4342,4342,332,2017,2349,11033
4372,158,9,167,1988,2155,582,360,431,1013,4310,4310,351,1988,2339,10959
4373,132,13,145,2040,2185,527,351,440,967,4370,4370,314,2040,2354,11094
4374,153,18,171,2094,2265,633,399,492,1125,4530,4530,380,2094,2474,11534
4375,157,6,163,2101,2264,530,403,499,1029,4528,4528,339,2101,2440,11496
4376,155,11,166,2065,2231,566,356,439,1005,4462,4462,355,2065,2420,11344
4377,163,10,173,2024,2197,577,357,434,1011,4394,4394,365,2024,2389,11177
4378,160,13,173,2007,2180,594,406,480,1074,4360,4360,369,2007,2376,11096
4379,160,11,171,2064,2235,578,374,458,1036,4470,4470,368,2064,2432,11372
4380,163,10,173,2037,2210,621,363,434,1055,4420,4420,367,2037,2404,11244
4381,153,14,167,1997,2164,599,389,483,1082,4328,4328,363,1997,2360,11016
4382,143,12,155,2020,2175,485,386,468,953,4350,4350,335,2020,2355,11055
4383,140,7,147,2065,2212,509,397,481,990,4424,4424,304,2065,2369,11217
4384,165,12,177,1997,2174,634,384,479,1113,4348,4348,383,1997,2380,11076
4385,146,10,156,2032,2188,554,386,486,1040,4376,4376,335,2032,2367,11119
4386,138,8,146,2033,2179,488,398,493,981,4358,4358,306,2033,2339,11055
4387,170,12,182,2091,2273,604,359,448,1052,4546,4546,392,2091,2483,11575
4388,133,8,141,2007,2148,498,360,448,946,4296,4296,300,2007,2307,10899
4389,171,17,188,2005,2193,674,418,506,1180,4386,4386,404,2005,2409,11181
4390,141,11,152,2058,2210,512,371,455,967,4420,4420,328,2058,2386,11226
4391,133,9,142,2048,2190,487,412,499,986,4380,4380,304,2048,2352,11112
4392,154,7,161,1975,2136,526,345,422,948,4272,4272,334,1975,2309,10853
4393,175,12,187,2021,2208,588,368,460,1048,4416,4416,395,2021,2416,11248
4394,149,9,158,2022,2180,542,355,428,970,4360,4360,335,2022,2357,11077
4395,145,10,155,1975,2130,535,363,458,993,4260,4260,328,1975,2303,10823
4396,157,10,167,1989,2156,584,429,536,1120,4312,4312,356,1989,2345,10969
4397,149,16,165,1990,2155,547,414,506,1053,4310,4310,354,1990,2344,10964
4398,163,9,172,1974,2146,572,371,435,1007,4292,4292,357,1974,2331,10915
4399,139,11,150,1946,2096,479,379,460,939,4192,4192,318,1946,2264,10648
4400,148,13,161,2064,2225,516,411,504,1020,4450,4450,348,2064,2412,11312
4401,154,8,162,1988,2150,534,379,472,1006,4300,4300,340,1988,2328,10928
4402,162,16,178,2053,2231,628,407,499,1127,4462,4462,389,2053,2442,11366
4403,154,8,162,2015,2177,543,402,493,1036,4354,4354,337,2015,2352,11060
4404,149,10,159,2001,2160,558,365,456,1014,4320,4320,339,2001,2340,10980
4405,168,7,175,2040,2215,562,394,488,1050,4430,4430,362,2040,2402,11262
4406,152,9,161,2046,2207,557,380,457,1014,4414,4414,343,2046,2389,11217
4407,150,6,156,1996,2152,502,385,473,975,4304,4304,325,1996,2321,10929
4408,142,8,150,2070,2220,495,384,462,957,4440,4440,314,2070,2384,11264
4409,152,11,163,1924,2087,529,377,460,989,4174,4174,348,1924,2272,10620
4410,150,11,161,2076,2237,540,410,508,1048,4474,4474,340,2076,2416,11364
4411,154,15,169,2018,2187,590,381,462,1052,4374,4374,364,2018,2382,11130
4412,140,14,154,2032,2186,521,394,495,1016,4372,4372,333,2032,2365,11109
4413,151,10,161,2103,2264,546,427,529,1075,4528,4528,341,2103,2444,11500
4414,147,11,158,2075,2233,554,375,464,1018,4466,4466,337,2075,2412,11344
4415,164,12,176,2076,2252,588,366,444,1032,4504,4504,375,2076,2451,11459
4416,159,7,166,2038,2204,573,407,475,1048,4408,4408,346,2038,2384,11200
4417,146,6,152,2056,2208,492,404,477,969,4416,4416,315,2056,2371,11203
4418,151,6,157,1963,2120,558,409,488,1046,4240,4240,326,1963,2289,10769
4419,140,13,153,1990,2143,508,393,473,981,4286,4286,328,1990,2318,10890
4420,178,10,188,2067,2255,661,377,453,1114,4510,4510,396,2067,2463,11483
4421,168,8,176,1988,2164,608,403,493,1101,4328,4328,370,1988,2358,11014
4422,144,13,157,2130,2287,521,399,493,1014,4574,4574,337,2130,2467,11615
4423,149,9,158,2058,2216,526,389,473,999,4432,4432,334,2058,2392,11256
4424,149,15,164,2117,2281,543,408,491,1034,4562,4562,363,2117,2480,11604
4425,143,9,152,2053,2205,525,399,492,1017,4410,4410,321,2053,2374,11194
4426,142,9,151,2027,2178,546,421,503,1049,4356,4356,318,2027,2345,11057
4427,141,9,150,2114,2264,503,387,487,990,4528,4528,318,2114,2432,11488
4428,143,7,150,2115,2265,500,424,515,1015,4530,4530,314,2115,2429,11489
4429,148,10,158,2026,2184,535,373,448,983,4368,4368,331,2026,2357,11093
4430,158,3,161,2024,2185,521,358,446,967,4370,4370,326,2024,2350,11090
4431,142,12,154,2024,2178,563,392,475,1038,4356,4356,327,2024,2351,11063
4432,149,6,155,2052,2207,516,420,505,1021,4414,4414,322,2052,2374,11202
4433,161,12,173,2008,2181,581,402,492,1073,4362,4362,369,2008,2377,11101
4434,146,10,156,1989,2145,494,365,435,929,4290,4290,325,1989,2314,10894
4435,149,8,157,2044,2201,513,402,480,993,4402,4402,328,2044,2372,11176
4436,148,7,155,2077,2232,479,369,453,932,4464,4464,324,2077,2401,11329
4437,152,15,167,2063,2230,569,402,503,1072,4460,4460,360,2063,2423,11343
4438,177,13,190,2058,2248,665,396,486,1151,4496,4496,407,2058,2465,11457
4439,154,11,165,2063,2228,524,395,483,1007,4456,4456,349,2063,2412,11324
4440,152,6,158,2005,2163,549,376,449,998,4326,4326,333,2005,2338,10990
4441,173,5,178,2007,2185,579,374,446,1025,4370,4370,368,2007,2375,11115
4442,124,5,129,1966,2095,436,341,422,858,4190,4190,266,1966,2232,10612
4443,164,5,169,2022,2191,536,385,458,994,4382,4382,346,2022,2368,11132
4444,138,7,145,2096,2241,508,403,494,1002,4482,4482,307,2096,2403,11367
4445,165,8,173,1962,2135,581,338,410,991,4270,4270,364,1962,2326,10866
4446,151,12,163,2065,2228,534,413,541,1075,4456,4456,343,2065,2408,11320
4447,156,8,164,2002,2166,544,386,474,1018,4332,4332,344,2002,2346,11010
4448,133,5,138,2080,2218,450,403,495,945,4436,4436,287,2080,2367,11239
4449,151,9,160,2026,2186,552,393,480,1032,4372,4372,338,2026,2364,11108
4450,155,23,178,1974,2152,652,389,477,1129,4304,4304,407,1974,2381,10989
4451,168,10,178,2004,2182,560,360,451,1011,4364,4364,372,2004,2376,11104
4452,164,7,171,2047,2218,547,403,490,1037,4436,4436,358,2047,2405,11277
4453,133,10,143,1987,2130,493,380,469,962,4260,4260,307,1987,2294,10814
4454,149,10,159,2069,2228,544,402,485,1029,4456,4456,335,2069,2404,11316
4455,164,8,172,2006,2178,581,373,440,1021,4356,4356,355,2006,2361,11073
4456,145,14,159,2128,2287,544,441,533,1077,4574,4574,341,2128,2469,11617
4457,179,14,193,2025,2218,667,382,467,1134,4436,4436,411,2025,2436,11308
4458,159,8,167,2017,2184,554,377,469,1023,4368,4368,350,2017,2367,11103
4459,146,12,158,2087,2245,532,359,437,969,4490,4490,335,2087,2422,11402
4460,166,11,177,2057,2234,580,396,504,1084,4468,4468,374,2057,2431,11367
4461,151,10,161,2100,2261,504,391,471,975,4522,4522,339,2100,2439,11483
4462,162,3,165,1963,2128,563,359,434,997,4256,4256,336,1963,2299,10811
4463,157,14,171,1995,2166,582,417,509,1091,4332,4332,367,1995,2362,11026
4464,147,9,156,1962,2118,516,347,424,940,4236,4236,331,1962,2293,10765
4465,154,8,162,2009,2171,554,403,486,1040,4342,4342,338,2009,2347,11031
4466,150,11,161,2015,2176,527,365,442,969,4352,4352,346,2015,2361,11065
4467,157,13,170,2043,2213,574,389,469,1043,4426,4426,365,2043,2408,11260
4468,171,9,180,2110,2290,583,407,497,1080,4580,4580,373,2110,2483,11643
4469,159,9,168,2044,2212,536,395,482,1018,4424,4424,352,2044,2396,11244
4470,145,11,156,2094,2250,537,393,468,1005,4500,4500,327,2094,2421,11421
4471,148,7,155,2032,2187,503,383,456,959,4374,4374,321,2032,2353,11101
4472,150,4,154,2028,2182,510,389,466,976,4364,4364,317,2028,2345,11073
4473,148,15,163,2072,2235,549,396,474,1023,4470,4470,354,2072,2426,11366
4474,145,6,151,2045,2196,494,353,421,915,4392,4392,312,2045,2357,11141
4475,157,8,165,2065,2230,543,397,497,1040,4460,4460,341,2065,2406,11326
4476,131,12,143,2044,2187,464,412,506,970,4374,4374,302,2044,2346,11094
4477,149,10,159,2070,2229,524,409,491,1015,4458,4458,339,2070,2409,11325
4478,147,8,155,1908,2063,502,356,422,924,4126,4126,323,1908,2231,10483
4479,159,10,169,2087,2256,560,409,500,1060,4512,4512,352,2087,2439,11463
4480,174,7,181,2010,2191,616,357,441,1057,4382,4382,377,2010,2387,11151
4481,146,10,156,2125,2281,528,414,515,1043,4562,4562,335,2125,2460,11584
4482,153,15,168,2087,2255,613,382,467,1080,4510,4510,369,2087,2456,11476
4483,159,9,168,2071,2239,576,394,484,1060,4478,4478,355,2071,2426,11382
4484,166,13,179,2026,2205,618,411,505,1123,4410,4410,390,2026,2416,11236
4485,147,10,157,1957,2114,513,365,434,947,4228,4228,332,1957,2289,10745
4486,172,12,184,2010,2194,582,343,429,1011,4388,4388,387,2010,2397,11173
4487,157,11,168,2133,2301,582,395,485,1067,4602,4602,361,2133,2494,11698
4488,145,8,153,2031,2184,504,371,459,963,4368,4368,325,2031,2356,11092
4489,143,13,156,2006,2162,558,395,491,1049,4324,4324,333,2006,2339,10987
4490,154,7,161,2033,2194,484,392,478,962,4388,4388,334,2033,2367,11143
4491,166,10,176,2065,2241,600,434,518,1118,4482,4482,376,2065,2441,11405
4492,153,14,167,2079,2246,587,392,480,1067,4492,4492,362,2079,2441,11425
4493,149,9,158,2121,2279,565,373,457,1022,4558,4558,334,2121,2455,11571
4494,142,8,150,2070,2220,525,388,473,998,4440,4440,315,2070,2385,11265
4495,167,10,177,2053,2230,579,402,489,1068,4460,4460,376,2053,2429,11349
4496,145,8,153,2021,2174,517,378,471,988,4348,4348,321,2021,2342,11038
4497,149,10,159,2078,2237,534,374,456,990,4474,4474,336,2078,2414,11362
4498,175,12,187,2066,2253,642,391,472,1114,4506,4506,400,2066,2466,11478
4499,157,14,171,2027,2198,602,366,443,1045,4396,4396,370,2027,2397,11189
4500,140,12,152,2080,2232,521,415,505,1026,4464,4464,326,2080,2406,11334
4501,165,12,177,2015,2192,596,404,502,1098,4384,4384,378,2015,2393,11161
4502,164,10,174,1999,2173,612,365,456,1068,4346,4346,366,1999,2365,11057
4503,144,15,159,2029,2188,560,408,498,1058,4376,4376,345,2029,2374,11126
4504,141,15,156,1982,2138,561,382,475,1036,4276,4276,339,1982,2321,10873
4505,151,8,159,2065,2224,536,370,448,984,4448,4448,336,2065,2401,11297
4506,137,8,145,2041,2186,478,411,503,981,4372,4372,312,2041,2353,11097
4507,138,13,151,2028,2179,556,398,493,1049,4358,4358,329,2028,2357,11073
4508,166,15,181,1989,2170,617,391,489,1106,4340,4340,398,1989,2387,11067
4509,157,11,168,1999,2167,521,379,451,972,4334,4334,353,1999,2352,11020
4510,143,6,149,2038,2187,507,366,444,951,4374,4374,306,2038,2344,11092
4511,148,7,155,2102,2257,480,368,444,924,4514,4514,326,2102,2428,11456
4512,152,12,164,2043,2207,558,399,485,1043,4414,4414,353,2043,2396,11224
4513,127,14,141,1956,2097,512,404,500,1012,4194,4194,306,1956,2262,10650
4514,146,7,153,2060,2213,510,394,482,992,4426,4426,318,2060,2378,11230
4515,147,10,157,2130,2287,540,388,471,1011,4574,4574,336,2130,2466,11614
4516,166,11,177,2082,2259,623,377,464,1087,4518,4518,378,2082,2460,11496
4517,174,10,184,2084,2268,641,401,486,1127,4536,4536,385,2084,2469,11541
4518,162,10,172,2037,2209,561,406,493,1054,4418,4418,371,2037,2408,11244
4519,144,6,150,2019,2169,483,393,490,973,4338,4338,312,2019,2331,11007
4520,156,7,163,2021,2184,515,388,482,997,4368,4368,340,2021,2361,11097
4521,151,18,169,2028,2197,637,404,488,1125,4394,4394,375,2028,2403,11191
4522,128,7,135,2019,2154,433,368,451,884,4308,4308,285,2019,2304,10920
4523,157,8,165,2053,2218,564,380,485,1049,4436,4436,345,2053,2398,11270
4524,149,2,151,2145,2296,492,404,485,977,4592,4592,306,2145,2451,11635
4525,137,14,151,2019,2170,582,340,400,982,4340,4340,334,2019,2353,11033
4526,158,8,166,2044,2210,598,401,495,1093,4420,4420,350,2044,2394,11234
4527,131,12,143,2167,2310,512,394,472,984,4620,4620,308,2167,2475,11715
4528,164,9,173,2055,2228,577,420,516,1093,4456,4456,366,2055,2421,11333
4529,154,11,165,2136,2301,553,407,502,1055,4602,4602,354,2136,2490,11694
4530,131,10,141,1978,2119,487,371,452,939,4238,4238,297,1978,2275,10751
4531,137,10,147,2000,2147,511,407,491,1002,4294,4294,319,2000,2319,10907
4532,159,14,173,2107,2280,601,409,497,1098,4560,4560,379,2107,2486,11606
4533,167,14,181,2060,2241,627,371,449,1076,4482,4482,396,2060,2456,11420
4534,145,4,149,2032,2181,488,387,470,958,4362,4362,311,2032,2343,11067
4535,164,9,173,2008,2181,565,373,462,1027,4362,4362,367,2008,2375,11099
4536,160,11,171,2030,2201,567,411,511,1078,4402,4402,365,2030,2395,11199
4537,145,4,149,2045,2194,511,396,486,997,4388,4388,304,2045,2349,11125
4538,150,19,169,1988,2157,634,401,485,1119,4314,4314,379,1988,2367,10995
4539,148,3,151,1980,2131,504,361,443,947,4262,4262,310,1980,2290,10814
4540,150,9,159,1985,2144,539,385,466,1005,4288,4288,332,1985,2317,10893
4541,150,10,160,1998,2158,546,362,444,990,4316,4316,340,1998,2338,10970
4542,143,11,154,1937,2091,532,354,435,967,4182,4182,329,1937,2266,10630
4543,141,8,149,1946,2095,519,350,430,949,4190,4190,313,1946,2259,10639
4544,149,12,161,1978,2139,530,365,435,965,4278,4278,342,1978,2320,10876
4545,163,8,171,2097,2268,578,388,473,1051,4536,4536,354,2097,2451,11523
4546,159,14,173,2045,2218,620,402,485,1105,4436,4436,369,2045,2414,11286
4547,154,12,166,2027,2193,588,406,495,1083,4386,4386,361,2027,2388,11160
4548,145,12,157,2000,2157,534,385,472,1006,4314,4314,334,2000,2334,10962
4549,163,7,170,2092,2262,587,407,502,1089,4524,4524,357,2092,2449,11497
4550,151,10,161,2070,2231,584,400,494,1078,4462,4462,338,2070,2408,11332
4551,144,7,151,1994,2145,504,365,456,960,4290,4290,315,1994,2309,10889
4552,147,11,158,2014,2172,532,395,485,1017,4344,4344,339,2014,2353,11041
4553,136,10,146,2035,2181,497,392,468,965,4362,4362,308,2035,2343,11067
4554,154,9,163,2092,2255,540,409,482,1022,4510,4510,338,2092,2430,11450
4555,150,14,164,2004,2168,547,395,478,1025,4336,4336,355,2004,2359,11031
4556,162,12,174,2111,2285,579,417,515,1094,4570,4570,371,2111,2482,11622
4557,170,13,183,2018,2201,645,380,459,1104,4402,4402,392,2018,2410,11214
4558,147,11,158,1986,2144,562,391,477,1039,4288,4288,334,1986,2320,10896
4559,141,12,153,1967,2120,521,364,431,952,4240,4240,336,1967,2303,10783
4560,164,12,176,2027,2203,603,362,443,1046,4406,4406,381,2027,2408,11220
4561,163,12,175,2049,2224,597,411,500,1097,4448,4448,373,2049,2422,11318
4562,141,10,151,2016,2167,520,355,434,954,4334,4334,326,2016,2342,11010
4563,164,13,177,1989,2166,614,332,397,1011,4332,4332,375,1989,2364,11028
4564,155,11,166,2038,2204,537,355,451,988,4408,4408,352,2038,2390,11206
4565,164,13,177,2010,2187,584,408,491,1075,4374,4374,381,2010,2391,11139
4566,145,9,154,2047,2201,513,366,452,965,4402,4402,321,2047,2368,11172
4567,163,7,170,2004,2174,549,393,482,1031,4348,4348,354,2004,2358,11054
4568,140,6,146,2005,2151,471,372,447,918,4302,4302,302,2005,2307,10911
4569,131,15,146,1995,2141,523,386,468,991,4282,4282,321,1995,2316,10880
4570,160,8,168,2145,2313,571,406,490,1061,4626,4626,352,2145,2497,11749
4571,153,8,161,1970,2131,580,377,463,1043,4262,4262,336,1970,2306,10830
4572,182,13,195,1986,2181,656,381,456,1112,4362,4362,417,1986,2403,11127
4573,156,8,164,2086,2250,567,366,454,1021,4500,4500,344,2086,2430,11430
4574,153,11,164,2024,2188,531,364,436,967,4376,4376,351,2024,2375,11127
4575,148,13,161,1977,2138,559,379,455,1014,4276,4276,347,1977,2324,10876
4576,137,10,147,2042,2189,498,385,473,971,4378,4378,311,2042,2353,11109
4577,157,4,161,2005,2166,491,400,489,980,4332,4332,332,2005,2337,11001
4578,146,12,158,2004,2162,520,388,480,1000,4324,4324,343,2004,2347,10995
4579,132,8,140,1938,2078,448,355,427,875,4156,4156,297,1938,2235,10547
4580,135,12,147,1984,2131,514,364,451,965,4262,4262,313,1984,2297,10821
4581,140,9,149,2021,2170,530,402,496,1026,4340,4340,319,2021,2340,11020
4582,170,6,176,2010,2186,594,423,510,1104,4372,4372,369,2010,2379,11123
4583,160,11,171,2040,2211,589,392,487,1076,4422,4422,361,2040,2401,11245
4584,162,14,176,2008,2184,581,365,441,1022,4368,4368,378,2008,2386,11122
4585,157,13,170,2068,2238,575,404,494,1069,4476,4476,362,2068,2430,11382
4586,141,8,149,2074,2223,496,396,487,983,4446,4446,313,2074,2387,11279
4587,144,13,157,2004,2161,511,367,435,946,4322,4322,333,2004,2337,10981
4588,154,17,171,1967,2138,616,377,466,1082,4276,4276,377,1967,2344,10896
4589,153,2,155,1993,2148,502,338,413,915,4296,4296,313,1993,2306,10898
4590,164,14,178,1986,2164,597,347,429,1026,4328,4328,388,1986,2374,11030
4591,163,10,173,2049,2222,547,363,444,991,4444,4444,367,2049,2416,11304
4592,151,19,170,1966,2136,616,362,439,1055,4272,4272,371,1966,2337,10881
4593,172,10,182,2039,2221,631,390,475,1106,4442,4442,381,2039,2420,11304
4594,152,12,164,1933,2097,567,362,452,1019,4194,4194,353,1933,2286,10674
4595,161,10,171,2045,2216,595,387,473,1068,4432,4432,356,2045,2401,11265
4596,151,9,160,2057,2217,542,413,488,1030,4434,4434,336,2057,2393,11261
4597,140,9,149,1984,2133,530,374,447,977,4266,4266,314,1984,2298,10830
4598,152,12,164,2060,2224,563,386,480,1043,4448,4448,358,2060,2418,11314
4599,163,9,172,1972,2144,571,377,461,1032,4288,4288,358,1972,2330,10906
4600,155,15,170,2110,2280,579,428,518,1097,4560,4560,370,2110,2480,11600
4601,162,9,171,2108,2279,542,406,505,1047,4558,4558,356,2108,2464,11580
4602,160,9,169,1993,2162,553,418,519,1072,4324,4324,356,1993,2349,10997
4603,143,10,153,2075,2228,533,369,438,971,4456,4456,332,2075,2407,11319
4604,154,11,165,2059,2224,606,399,480,1086,4448,4448,355,2059,2414,11310
4605,156,8,164,2009,2173,572,403,495,1067,4346,4346,347,2009,2356,11048
4606,149,8,157,2023,2180,533,362,444,977,4360,4360,332,2023,2355,11075
4607,161,9,170,1984,2154,568,393,496,1064,4308,4308,357,1984,2341,10957
4608,154,12,166,1929,2095,607,357,434,1041,4190,4190,359,1929,2288,10668
4609,167,5,172,2069,2241,545,378,455,1000,4482,4482,353,2069,2422,11386
4610,171,10,181,2092,2273,615,406,498,1113,4546,4546,382,2092,2474,11566
4611,138,9,147,2017,2164,502,373,451,953,4328,4328,312,2017,2329,10985
4612,166,14,180,1990,2170,621,397,482,1103,4340,4340,390,1990,2380,11060
4613,159,12,171,2009,2180,537,396,495,1032,4360,4360,366,2009,2375,11095
4614,168,10,178,1938,2116,601,394,484,1085,4232,4232,376,1938,2314,10778
4615,169,13,182,2075,2257,613,388,462,1075,4514,4514,392,2075,2467,11495
4616,152,8,160,2006,2166,541,374,449,990,4332,4332,335,2006,2341,11005
4617,141,14,155,2047,2202,539,380,456,995,4404,4404,336,2047,2383,11191
4618,159,10,169,2045,2214,552,385,469,1021,4428,4428,357,2045,2402,11258
4619,179,10,189,2044,2233,633,383,476,1109,4466,4466,401,2044,2445,11377
4620,147,14,161,2132,2293,558,384,459,1017,4586,4586,350,2132,2482,11654
4621,136,13,149,2041,2190,497,398,479,976,4380,4380,319,2041,2360,11120
4622,158,10,168,2002,2170,561,373,465,1026,4340,4340,354,2002,2356,11036
4623,145,9,154,2015,2169,503,365,432,935,4338,4338,325,2015,2340,11016
4624,158,13,171,2002,2173,586,366,436,1022,4346,4346,364,2002,2366,11058
4625,155,15,170,1999,2169,568,411,493,1061,4338,4338,367,1999,2366,11042
4626,150,12,162,1966,2128,537,354,431,968,4256,4256,345,1966,2311,10823
4627,133,11,144,2045,2189,489,369,444,933,4378,4378,307,2045,2352,11108
4628,138,10,148,1975,2123,492,401,487,979,4246,4246,320,1975,2295,10787
4629,123,9,132,2012,2144,484,406,503,987,4288,4288,279,2012,2291,10867
4630,164,7,171,2068,2239,539,397,480,1019,4478,4478,355,2068,2423,11379
4631,183,9,192,2072,2264,678,390,484,1162,4528,4528,403,2072,2475,11531
4632,156,14,170,2046,2216,597,385,478,1075,4432,4432,370,2046,2416,11280
4633,174,12,186,2078,2264,632,386,463,1095,4528,4528,393,2078,2471,11527
4634,151,14,165,2110,2275,569,389,481,1050,4550,4550,354,2110,2464,11564
4635,143,9,152,1983,2135,519,347,422,941,4270,4270,320,1983,2303,10843
4636,131,12,143,2129,2272,524,384,468,992,4544,4544,321,2129,2450,11538
4637,171,6,177,2042,2219,592,394,478,1070,4438,4438,364,2042,2406,11282
4638,150,12,162,2066,2228,552,373,467,1019,4456,4456,347,2066,2413,11325
4639,127,7,134,2057,2191,453,375,460,913,4382,4382,283,2057,2340,11104
4640,157,13,170,2036,2206,586,400,485,1071,4412,4412,363,2036,2399,11223
4641,137,5,142,2058,2200,491,396,483,974,4400,4400,295,2058,2353,11153
4642,129,14,143,2029,2172,497,376,458,955,4344,4344,306,2029,2335,11023
4643,165,4,169,2129,2298,560,431,521,1081,4596,4596,348,2129,2477,11669
4644,154,13,167,2049,2216,592,403,493,1085,4432,4432,362,2049,2411,11275
4645,141,8,149,1935,2084,515,362,445,960,4168,4168,312,1935,2247,10583
4646,140,13,153,2133,2286,592,438,548,1140,4572,4572,338,2133,2471,11615
4647,169,13,182,2016,2198,653,408,503,1156,4396,4396,399,2016,2415,11207
4648,182,5,187,2095,2282,585,406,496,1081,4564,4564,383,2095,2478,11606
4649,163,7,170,2065,2235,533,364,445,978,4470,4470,354,2065,2419,11359
4650,141,11,152,2008,2160,517,372,448,965,4320,4320,321,2008,2329,10969
4651,170,7,177,1955,2132,583,338,415,998,4264,4264,363,1955,2318,10846
4652,128,8,136,2028,2164,477,354,421,898,4328,4328,289,2028,2317,10973
4653,180,8,188,1972,2160,629,363,444,1073,4320,4320,390,1972,2362,11002
4654,142,8,150,2006,2156,505,386,458,963,4312,4312,313,2006,2319,10943
4655,145,8,153,1984,2137,525,364,432,957,4274,4274,318,1984,2302,10850
4656,141,14,155,2090,2245,541,377,464,1005,4490,4490,337,2090,2427,11407
4657,151,8,159,2055,2214,535,420,510,1045,4428,4428,330,2055,2385,11241
4658,151,5,156,1991,2147,489,350,437,926,4294,4294,320,1991,2311,10899
4659,159,9,168,1990,2158,574,359,438,1012,4316,4316,350,1990,2340,10972
4660,145,11,156,2106,2262,552,394,494,1046,4524,4524,338,2106,2444,11492
4661,152,12,164,2144,2308,532,406,490,1022,4616,4616,357,2144,2501,11733
4662,158,6,164,1970,2134,527,350,435,962,4268,4268,343,1970,2313,10849
4663,143,11,154,2055,2209,542,401,471,1013,4418,4418,326,2055,2381,11217
4664,150,7,157,2011,2168,537,367,440,977,4336,4336,329,2011,2340,11012
4665,162,10,172,2046,2218,564,374,442,1006,4436,4436,364,2046,2410,11282
4666,133,9,142,2045,2187,478,384,459,937,4374,4374,303,2045,2348,11096
4667,139,13,152,2073,2225,518,389,478,996,4450,4450,325,2073,2398,11298
4668,150,16,166,2156,2322,589,412,475,1064,4644,4644,368,2156,2524,11812
4669,141,10,151,1995,2146,523,366,429,952,4292,4292,323,1995,2318,10902
4670,158,17,175,2085,2260,608,398,488,1096,4520,4520,382,2085,2467,11507
4671,133,14,147,1944,2091,535,364,447,982,4182,4182,314,1944,2258,10622
4672,152,9,161,2048,2209,527,373,440,967,4418,4418,336,2048,2384,11220
4673,158,14,172,2059,2231,570,363,438,1008,4462,4462,367,2059,2426,11350
4674,169,11,180,2043,2223,615,368,451,1066,4446,4446,380,2043,2423,11315
4675,160,9,169,2099,2268,576,391,487,1063,4536,4536,359,2099,2458,11530
4676,168,11,179,2128,2307,583,426,527,1110,4614,4614,380,2128,2508,11736
4677,133,8,141,2019,2160,511,369,452,963,4320,4320,303,2019,2322,10962
4678,160,9,169,2073,2242,588,400,487,1075,4484,4484,354,2073,2427,11395
4679,134,7,141,2021,2162,436,385,478,914,4324,4324,294,2021,2315,10963
4680,163,15,178,2084,2262,618,414,503,1121,4524,4524,386,2084,2470,11518
4681,152,14,166,2006,2172,580,383,463,1043,4344,4344,359,2006,2365,11053
4682,176,8,184,2042,2226,595,377,454,1049,4452,4452,388,2042,2430,11334
4683,164,6,170,2014,2184,568,382,476,1044,4368,4368,352,2014,2366,11102
4684,150,12,162,2109,2271,574,381,462,1036,4542,4542,352,2109,2461,11545
4685,141,8,149,1979,2128,555,419,506,1061,4256,4256,313,1979,2292,10804
4686,152,9,161,2053,2214,539,411,492,1031,4428,4428,337,2053,2390,11246
4687,150,9,159,1974,2133,555,382,470,1025,4266,4266,337,1974,2311,10843
4688,151,8,159,2059,2218,521,402,490,1011,4436,4436,337,2059,2396,11268
4689,182,11,193,2065,2258,643,405,488,1131,4516,4516,401,2065,2466,11498
4690,149,17,166,2073,2239,577,369,446,1023,4478,4478,362,2073,2435,11391
4691,152,8,160,2123,2283,566,376,472,1038,4566,4566,331,2123,2454,11586
4692,136,11,147,1954,2101,530,378,465,995,4202,4202,312,1954,2266,10670
4693,156,6,162,1999,2161,541,370,452,993,4322,4322,333,1999,2332,10976
4694,170,14,184,1995,2179,611,353,430,1041,4358,4358,402,1995,2397,11113
4695,158,11,169,2021,2190,562,359,439,1001,4380,4380,357,2021,2378,11138
4696,153,5,158,1983,2141,524,383,450,974,4282,4282,327,1983,2310,10874
4697,157,8,165,2009,2174,556,374,454,1010,4348,4348,349,2009,2358,11054
4698,138,12,150,2031,2181,521,390,482,1003,4362,4362,321,2031,2352,11076
4699,140,8,148,2031,2179,491,390,472,963,4358,4358,313,2031,2344,11060
4700,144,11,155,2104,2259,507,427,521,1028,4518,4518,331,2104,2435,11471
4701,156,7,163,2038,2201,549,387,457,1006,4402,4402,340,2038,2378,11182
4702,151,11,162,2053,2215,570,403,493,1063,4430,4430,354,2053,2407,11267
4703,151,11,162,2003,2165,523,411,476,999,4330,4330,348,2003,2351,11011
4704,134,13,147,2014,2161,515,374,462,977,4322,4322,317,2014,2331,10975
4705,151,10,161,2036,2197,564,366,437,1001,4394,4394,337,2036,2373,11161
4706,151,11,162,2142,2304,569,399,481,1050,4608,4608,350,2142,2492,11708
4707,135,8,143,2028,2171,484,355,445,929,4342,4342,305,2028,2333,11017
4708,157,8,165,1931,2096,616,367,453,1069,4192,4192,352,1931,2283,10667
4709,155,10,165,1971,2136,556,372,447,1003,4272,4272,347,1971,2318,10862
4710,160,11,171,1957,2128,611,381,472,1083,4256,4256,365,1957,2322,10834
4711,140,11,151,2078,2229,507,372,452,959,4458,4458,323,2078,2401,11317
4712,148,12,160,1979,2139,579,395,489,1068,4278,4278,339,1979,2318,10874
4713,152,12,164,2054,2218,575,381,471,1046,4436,4436,356,2054,2410,11282
4714,133,10,143,2075,2218,467,415,512,979,4436,4436,300,2075,2375,11247
4715,155,7,162,2087,2249,565,397,493,1058,4498,4498,339,2087,2426,11422
4716,140,14,154,2046,2200,508,373,461,969,4400,4400,334,2046,2380,11180
4717,172,10,182,2065,2247,588,376,460,1048,4494,4494,382,2065,2447,11435
4718,151,17,168,2058,2226,582,406,501,1083,4452,4452,370,2058,2428,11332
4719,149,16,165,2017,2182,569,361,435,1004,4364,4364,365,2017,2382,11110
4720,145,9,154,2019,2173,533,383,471,1004,4346,4346,322,2019,2341,11033
4721,171,10,181,2102,2283,610,400,496,1106,4566,4566,382,2102,2484,11616
4722,136,10,146,2012,2158,485,395,488,973,4316,4316,306,2012,2318,10950
4723,161,12,173,1968,2141,619,392,481,1100,4282,4282,369,1968,2337,10901
4724,146,14,160,2012,2172,503,389,468,971,4344,4344,340,2012,2352,11040
4725,146,9,155,2064,2219,525,420,519,1044,4438,4438,329,2064,2393,11269
4726,151,9,160,2025,2185,555,381,463,1018,4370,4370,338,2025,2363,11103
4727,160,11,171,2021,2192,591,371,437,1028,4384,4384,364,2021,2385,11153
4728,164,7,171,2044,2215,514,378,459,973,4430,4430,351,2044,2395,11255
4729,162,12,174,2081,2255,568,450,557,1125,4510,4510,367,2081,2448,11468
4730,154,12,166,1961,2127,548,398,488,1036,4254,4254,353,1961,2314,10822
4731,149,9,158,1951,2109,556,377,457,1013,4218,4218,330,1951,2281,10717
4732,127,7,134,1978,2112,493,371,444,937,4224,4224,281,1978,2259,10707
4733,161,13,174,1964,2138,605,348,429,1034,4276,4276,377,1964,2341,10893
4734,149,8,157,2014,2171,503,391,470,973,4342,4342,325,2014,2339,11023
4735,142,6,148,2095,2243,510,416,502,1012,4486,4486,307,2095,2402,11374
4736,156,10,166,1974,2140,530,373,451,981,4280,4280,358,1974,2332,10892
4737,167,14,181,2084,2265,614,396,479,1093,4530,4530,390,2084,2474,11534
4738,159,9,168,1944,2112,591,383,463,1054,4224,4224,353,1944,2297,10745
4739,137,9,146,2047,2193,472,379,450,922,4386,4386,309,2047,2356,11128
4740,165,13,178,2070,2248,609,412,500,1109,4496,4496,380,2070,2450,11442
4741,151,4,155,2065,2220,497,389,486,983,4440,4440,318,2065,2383,11263
4742,143,7,150,1979,2129,487,361,439,926,4258,4258,311,1979,2290,10806
4743,149,12,161,2040,2201,579,414,496,1075,4402,4402,348,2040,2388,11192
4744,161,9,170,2061,2231,571,397,497,1068,4462,4462,362,2061,2423,11347
4745,147,11,158,2063,2221,549,378,454,1003,4442,4442,340,2063,2403,11287
4746,147,10,157,2058,2215,527,413,491,1018,4430,4430,333,2058,2391,11251
4747,146,11,157,2035,2192,552,379,456,1008,4384,4384,336,2035,2371,11139
4748,152,12,164,2058,2222,553,403,484,1037,4444,4444,347,2058,2405,11293
4749,139,15,154,2043,2197,549,402,513,1062,4394,4394,338,2043,2381,11169
4750,150,9,159,2106,2265,545,401,496,1041,4530,4530,335,2106,2441,11501
4751,159,12,171,2001,2172,582,391,484,1066,4344,4344,368,2001,2369,11057
4752,132,9,141,2081,2222,469,389,469,938,4444,4444,296,2081,2377,11265
4753,153,8,161,2087,2248,520,387,472,992,4496,4496,334,2087,2421,11413
4754,140,8,148,1988,2136,488,393,495,983,4272,4272,312,1988,2300,10844
4755,164,12,176,2061,2237,613,382,483,1096,4474,4474,372,2061,2433,11381
4756,143,19,162,2045,2207,545,416,501,1046,4414,4414,355,2045,2400,11228
4757,148,12,160,2147,2307,548,417,506,1054,4614,4614,337,2147,2484,11712
4758,161,14,175,2033,2208,629,379,461,1090,4416,4416,380,2033,2413,11245
4759,168,8,176,2101,2277,612,379,470,1082,4554,4554,374,2101,2475,11583
4760,150,11,161,1984,2145,547,367,433,980,4290,4290,341,1984,2325,10905
4761,161,5,166,2070,2236,514,380,461,975,4472,4472,340,2070,2410,11354
4762,157,16,173,2007,2180,589,360,443,1032,4360,4360,379,2007,2386,11106
4763,151,12,163,2087,2250,512,371,446,958,4500,4500,350,2087,2437,11437
4764,147,12,159,2049,2208,569,408,503,1072,4416,4416,341,2049,2390,11222
4765,153,7,160,2081,2241,559,390,476,1035,4482,4482,339,2081,2420,11384
4766,165,7,172,2026,2198,585,359,441,1026,4396,4396,355,2026,2381,11173
4767,165,11,176,2051,2227,652,386,468,1120,4454,4454,379,2051,2430,11338
4768,145,12,157,2004,2161,522,396,465,987,4322,4322,338,2004,2342,10986
4769,162,11,173,2093,2266,534,395,473,1007,4532,4532,364,2093,2457,11521
4770,164,11,175,2034,2209,616,380,468,1084,4418,4418,373,2034,2407,11243
4771,180,12,192,2113,2305,630,377,462,1092,4610,4610,411,2113,2524,11744
4772,151,13,164,2093,2257,583,418,507,1090,4514,4514,358,2093,2451,11479
4773,145,11,156,2046,2202,528,380,464,992,4404,4404,334,2046,2380,11188
4774,157,13,170,2014,2184,575,390,477,1052,4368,4368,367,2014,2381,11117
4775,187,11,198,2048,2246,659,397,490,1149,4492,4492,418,2048,2466,11450
4776,157,5,162,2018,2180,556,359,442,998,4360,4360,338,2018,2356,11076
4777,169,7,176,2095,2271,545,391,485,1030,4542,4542,365,2095,2460,11544
4778,151,9,160,2027,2187,501,406,499,1000,4374,4374,339,2027,2366,11114
4779,160,12,172,2104,2276,575,406,505,1080,4552,4552,364,2104,2468,11572
4780,184,13,197,2093,2290,665,401,473,1138,4580,4580,429,2093,2522,11682
4781,157,16,173,1983,2156,618,390,490,1108,4312,4312,376,1983,2359,10983
4782,154,6,160,2084,2244,534,404,494,1028,4488,4488,332,2084,2416,11392
4783,155,15,170,2165,2335,596,393,477,1073,4670,4670,367,2165,2532,11872
4784,164,12,176,1978,2154,581,326,398,979,4308,4308,375,1978,2353,10969
4785,169,11,180,1959,2139,597,361,430,1027,4278,4278,386,1959,2345,10901
4786,165,9,174,2017,2191,561,412,504,1065,4382,4382,369,2017,2386,11150
4787,128,12,140,2009,2149,486,380,469,955,4298,4298,311,2009,2320,10916
4788,157,8,165,2053,2218,542,418,509,1051,4436,4436,345,2053,2398,11270
4789,130,17,147,2020,2167,516,373,456,972,4334,4334,330,2020,2350,11018
4790,165,10,175,2030,2205,583,357,444,1027,4410,4410,375,2030,2405,11225
4791,162,16,178,1942,2120,569,362,438,1007,4240,4240,386,1942,2328,10808
4792,147,5,152,2069,2221,505,381,479,984,4442,4442,313,2069,2382,11266
4793,154,13,167,2045,2212,571,377,466,1037,4424,4424,357,2045,2402,11250
4794,156,14,170,2027,2197,566,404,493,1059,4394,4394,368,2027,2395,11183
4795,128,9,137,2090,2227,440,409,508,948,4454,4454,291,2090,2381,11289
4796,152,4,156,1978,2134,502,373,465,967,4268,4268,320,1978,2298,10834
4797,142,9,151,1968,2119,520,368,438,958,4238,4238,318,1968,2286,10762
4798,145,13,158,1999,2157,579,365,446,1025,4314,4314,341,1999,2340,10968
4799,153,6,159,1995,2154,546,363,442,988,4308,4308,329,1995,2324,10940
4800,147,10,157,2047,2204,539,388,471,1010,4408,4408,338,2047,2385,11201
4801,136,8,144,2054,2198,493,385,453,946,4396,4396,302,2054,2356,11148
4802,155,9,164,2028,2192,547,371,448,995,4384,4384,347,2028,2375,11143
4803,161,14,175,2026,2201,609,356,436,1045,4402,4402,377,2026,2403,11207
4804,156,9,165,2037,2202,544,404,493,1037,4404,4404,346,2037,2383,11191
4805,139,9,148,2064,2212,493,410,509,1002,4424,4424,319,2064,2383,11231
4806,172,10,182,2025,2207,578,371,437,1015,4414,4414,387,2025,2412,11240
4807,141,9,150,1982,2132,505,376,462,967,4264,4264,319,1982,2301,10829
4808,146,11,157,2019,2176,530,399,472,1002,4352,4352,336,2019,2355,11059
4809,146,5,151,1984,2135,498,344,420,918,4270,4270,312,1984,2296,10836
4810,138,10,148,2098,2246,482,429,502,984,4492,4492,320,2098,2418,11402
4811,140,4,144,1988,2132,431,349,428,859,4264,4264,294,1988,2282,10810
4812,137,12,149,2055,2204,519,381,462,981,4408,4408,322,2055,2377,11193
4813,149,6,155,2028,2183,526,362,446,972,4366,4366,325,2028,2353,11085
4814,158,11,169,2117,2286,589,415,514,1103,4572,4572,363,2117,2480,11624
4815,146,11,157,2111,2268,528,408,499,1027,4536,4536,333,2111,2444,11516
4816,138,11,149,1977,2126,489,348,420,909,4252,4252,317,1977,2294,10798
4817,136,17,153,1992,2145,547,394,507,1054,4290,4290,345,1992,2337,10917
4818,142,14,156,1970,2126,538,404,490,1028,4252,4252,341,1970,2311,10815
4819,147,11,158,2112,2270,553,358,445,998,4540,4540,341,2112,2453,11533
4820,140,8,148,1945,2093,483,367,451,934,4186,4186,310,1945,2255,10627
4821,168,8,176,2004,2180,571,394,469,1040,4360,4360,369,2004,2373,11093
4822,156,10,166,2025,2191,581,386,469,1050,4382,4382,354,2025,2379,11143
4823,149,9,158,2115,2273,538,400,493,1031,4546,4546,333,2115,2448,11540
4824,143,10,153,2018,2171,510,397,469,979,4342,4342,327,2018,2345,11029
4825,161,9,170,2016,2186,566,396,483,1049,4372,4372,364,2016,2380,11124
4826,164,14,178,2010,2188,618,368,444,1062,4376,4376,388,2010,2398,11150
4827,143,13,156,2044,2200,547,397,492,1039,4400,4400,344,2044,2388,11188
4828,167,10,177,2024,2201,584,419,504,1088,4402,4402,374,2024,2398,11202
4829,129,5,134,2031,2165,493,384,471,964,4330,4330,284,2031,2315,10975
4830,154,9,163,1979,2142,564,353,432,996,4284,4284,339,1979,2318,10886
4831,151,14,165,2062,2227,591,384,464,1055,4454,4454,362,2062,2424,11332
4832,157,6,163,1990,2153,542,388,479,1021,4306,4306,334,1990,2324,10936
4833,160,6,166,2059,2225,586,366,462,1048,4450,4450,345,2059,2404,11304
4834,155,13,168,2064,2232,536,355,434,970,4464,4464,360,2064,2424,11352
4835,157,9,166,2030,2196,571,419,498,1069,4392,4392,351,2030,2381,11165
4836,148,10,158,1968,2126,551,352,416,967,4252,4252,340,1968,2308,10812
4837,143,9,152,2005,2157,493,385,472,965,4314,4314,318,2005,2323,10951
4838,148,10,158,2070,2228,554,397,498,1052,4456,4456,342,2070,2412,11324
4839,133,6,139,1975,2114,459,411,499,958,4228,4228,290,1975,2265,10721
4840,157,15,172,2026,2198,580,409,490,1070,4396,4396,373,2026,2399,11191
4841,144,10,154,2032,2186,525,389,484,1009,4372,4372,330,2032,2362,11106
4842,144,10,154,2117,2271,517,425,518,1035,4542,4542,336,2117,2453,11537
4843,156,19,175,2040,2215,621,379,462,1083,4430,4430,385,2040,2425,11285
4844,148,15,163,2029,2192,592,403,496,1088,4384,4384,353,2029,2382,11150
4845,159,13,172,2002,2174,593,377,453,1046,4348,4348,370,2002,2372,11068
4846,169,17,186,2001,2187,635,358,436,1071,4374,4374,401,2001,2402,11150
4847,136,7,143,1999,2142,491,354,435,926,4284,4284,302,1999,2301,10869
4848,177,17,194,2114,2308,642,387,478,1120,4616,4616,416,2114,2530,11762
4849,152,13,165,2033,2198,528,400,483,1011,4396,4396,351,2033,2384,11176
4850,163,12,175,1964,2139,567,371,448,1015,4278,4278,373,1964,2337,10893
4851,155,8,163,2031,2194,547,365,441,988,4388,4388,344,2031,2375,11151
4852,149,11,160,2017,2177,540,354,445,985,4354,4354,336,2017,2353,11061
4853,154,18,172,1994,2166,590,359,441,1031,4332,4332,380,1994,2374,11038
4854,170,6,176,2059,2235,571,387,483,1054,4470,4470,364,2059,2423,11363
4855,153,15,168,2143,2311,578,421,515,1093,4622,4622,369,2143,2512,11756
4856,162,7,169,2031,2200,576,351,435,1011,4400,4400,351,2031,2382,11182
4857,165,9,174,2000,2174,597,409,493,1090,4348,4348,363,2000,2363,11059
4858,155,11,166,2037,2203,554,391,480,1034,4406,4406,356,2037,2393,11205
4859,145,6,151,2039,2190,496,392,476,972,4380,4380,311,2039,2350,11110
4860,139,8,147,1993,2140,472,353,431,903,4280,4280,310,1993,2303,10863
4861,145,9,154,1973,2127,495,362,450,945,4254,4254,327,1973,2300,10808
4862,149,12,161,2033,2194,564,371,455,1019,4388,4388,344,2033,2377,11153
4863,180,8,188,2062,2250,644,404,491,1135,4500,4500,393,2062,2455,11455
4864,151,6,157,2043,2200,501,375,471,972,4400,4400,321,2043,2364,11164
4865,151,9,160,2042,2202,532,414,493,1025,4404,4404,340,2042,2382,11190
4866,140,12,152,2018,2170,548,386,460,1008,4340,4340,333,2018,2351,11031
4867,156,12,168,2068,2236,547,373,462,1009,4472,4472,361,2068,2429,11373
4868,154,10,164,2042,2206,584,416,534,1118,4412,4412,353,2042,2395,11219
4869,139,6,145,1996,2141,452,372,442,894,4282,4282,298,1996,2294,10858
4870,160,14,174,2046,2220,585,403,485,1070,4440,4440,369,2046,2415,11295
4871,153,4,157,2059,2216,494,381,451,945,4432,4432,321,2059,2380,11244
4872,175,4,179,2039,2218,596,390,481,1077,4436,4436,367,2039,2406,11278
4873,147,11,158,2055,2213,538,376,446,984,4426,4426,342,2055,2397,11249
4874,155,11,166,2068,2234,548,442,541,1089,4468,4468,355,2068,2423,11359
4875,162,8,170,2048,2218,612,404,479,1091,4436,4436,357,2048,2405,11277
4876,134,11,145,2129,2274,530,414,517,1047,4548,4548,317,2129,2446,11542
4877,162,8,170,2074,2244,564,381,473,1037,4488,4488,357,2074,2431,11407
4878,153,9,162,2001,2163,558,378,466,1024,4326,4326,338,2001,2339,10991
4879,139,17,156,2035,2191,551,414,492,1043,4382,4382,345,2035,2380,11144
4880,145,10,155,2044,2199,510,385,464,974,4398,4398,328,2044,2372,11168
4881,140,12,152,1989,2141,530,374,459,989,4282,4282,329,1989,2318,10882
4882,154,13,167,2105,2272,574,371,449,1023,4544,4544,359,2105,2464,11552
4883,151,6,157,2029,2186,512,406,478,990,4372,4372,326,2029,2355,11099
4884,133,9,142,1968,2110,494,379,453,947,4220,4220,302,1968,2270,10710
4885,157,7,164,2021,2185,548,396,495,1043,4370,4370,341,2021,2362,11102
4886,157,18,175,2055,2230,595,381,465,1060,4460,4460,384,2055,2439,11359
4887,147,15,162,2011,2173,570,351,435,1005,4346,4346,360,2011,2371,11063
4888,165,9,174,2097,2271,573,396,483,1056,4542,4542,369,2097,2466,11550
4889,146,7,153,2064,2217,498,400,494,992,4434,4434,322,2064,2386,11254
4890,147,14,161,2043,2204,539,383,463,1002,4408,4408,345,2043,2388,11204
4891,152,5,157,2095,2252,541,417,523,1064,4504,4504,326,2095,2421,11429
4892,162,10,172,2089,2261,581,410,497,1078,4522,4522,369,2089,2458,11502
4893,183,13,196,2074,2270,646,385,472,1118,4540,4540,423,2074,2497,11577
4894,141,13,154,2000,2154,551,387,472,1023,4308,4308,335,2000,2335,10951
4895,151,18,169,2049,2218,544,375,460,1004,4436,4436,368,2049,2417,11289
4896,139,7,146,2068,2214,477,404,505,982,4428,4428,309,2068,2377,11233
4897,152,17,169,2087,2256,531,426,516,1047,4512,4512,369,2087,2456,11480
4898,145,10,155,2040,2195,559,366,446,1005,4390,4390,334,2040,2374,11154
4899,133,8,141,2059,2200,463,387,471,934,4400,4400,300,2059,2359,11159
4900,156,16,172,2042,2214,608,392,484,1092,4428,4428,380,2042,2422,11278
4901,139,10,149,1962,2111,501,414,510,1011,4222,4222,314,1962,2276,10720
4902,162,11,173,2073,2246,599,406,489,1088,4492,4492,367,2073,2440,11424
4903,166,5,171,1975,2146,562,394,485,1047,4292,4292,352,1975,2327,10911
4904,137,11,148,2057,2205,510,395,501,1011,4410,4410,317,2057,2374,11194
4905,164,8,172,2044,2216,592,397,483,1075,4432,4432,361,2044,2405,11269
4906,174,13,187,1952,2139,626,360,440,1066,4278,4278,395,1952,2347,10903
4907,146,7,153,1998,2151,527,418,507,1034,4302,4302,321,1998,2319,10923
4908,154,10,164,2051,2215,571,432,526,1097,4430,4430,350,2051,2401,11261
4909,165,10,175,1985,2160,608,405,484,1092,4320,4320,372,1985,2357,10997
4910,149,13,162,1995,2157,577,403,492,1069,4314,4314,353,1995,2348,10976
4911,148,13,161,2025,2186,525,373,450,975,4372,4372,349,2025,2374,11118
4912,159,11,170,2039,2209,592,373,464,1056,4418,4418,361,2039,2400,11236
4913,145,8,153,2037,2190,500,377,449,949,4380,4380,321,2037,2358,11118
4914,150,10,160,2025,2185,570,403,498,1068,4370,4370,343,2025,2368,11108
4915,158,11,169,2088,2257,570,419,495,1065,4514,4514,363,2088,2451,11479
4916,142,12,154,2110,2264,538,406,485,1023,4528,4528,333,2110,2443,11499
4917,162,8,170,2085,2255,547,381,471,1018,4510,4510,352,2085,2437,11457
4918,168,12,180,2032,2212,611,373,470,1081,4424,4424,378,2032,2410,11258
4919,128,10,138,1998,2136,459,401,503,962,4272,4272,299,1998,2297,10841
4920,142,11,153,2063,2216,546,402,493,1039,4432,4432,338,2063,2401,11265
4921,167,15,182,1985,2167,639,378,451,1090,4334,4334,393,1985,2378,11046
4922,158,13,171,1998,2169,608,380,464,1072,4338,4338,376,1998,2374,11050
4923,158,9,167,1945,2112,547,383,472,1019,4224,4224,351,1945,2296,10744
4924,171,7,178,2067,2245,618,393,477,1095,4490,4490,371,2067,2438,11418
4925,135,13,148,2076,2224,549,379,471,1020,4448,4448,325,2076,2401,11297
4926,151,8,159,2052,2211,512,381,457,969,4422,4422,335,2052,2387,11231
4927,130,10,140,2063,2203,481,375,462,943,4406,4406,296,2063,2359,11171
4928,159,9,168,2079,2247,564,388,472,1036,4494,4494,354,2079,2433,11421
4929,142,7,149,2072,2221,500,372,460,960,4442,4442,316,2072,2388,11272
4930,145,8,153,1977,2130,525,359,441,966,4260,4260,320,1977,2297,10817
4931,148,8,156,1992,2148,517,382,474,991,4296,4296,324,1992,2316,10908
4932,154,6,160,1964,2124,550,360,435,985,4248,4248,337,1964,2301,10797
4933,144,8,152,2003,2155,540,422,509,1049,4310,4310,329,2003,2332,10952
4934,159,8,167,2004,2171,558,392,468,1026,4342,4342,353,2004,2357,11041
4935,157,10,167,2023,2190,533,405,485,1018,4380,4380,362,2023,2385,11145
4936,142,8,150,2104,2254,498,429,515,1013,4508,4508,316,2104,2420,11436
4937,165,12,177,2081,2258,594,393,476,1070,4516,4516,375,2081,2456,11488
4938,152,8,160,2047,2207,524,382,467,991,4414,4414,335,2047,2382,11210
4939,172,13,185,2051,2236,635,368,447,1082,4472,4472,390,2051,2441,11385
4940,138,8,146,1991,2137,480,405,496,976,4274,4274,305,1991,2296,10844
4941,165,15,180,2093,2273,612,368,445,1057,4546,4546,388,2093,2481,11573
4942,159,14,173,2096,2269,637,391,480,1117,4538,4538,376,2096,2472,11548
4943,156,8,164,2021,2185,527,366,450,977,4370,4370,344,2021,2365,11105
4944,147,12,159,2003,2162,557,390,478,1035,4324,4324,346,2003,2349,10997
4945,139,12,151,2062,2213,509,369,445,954,4426,4426,325,2062,2387,11239
4946,153,11,164,2012,2176,536,390,483,1019,4352,4352,349,2012,2361,11065
4947,160,19,179,2051,2230,682,375,449,1131,4460,4460,397,2051,2448,11368
4948,159,11,170,2033,2203,566,381,459,1025,4406,4406,356,2033,2389,11201
4949,155,14,169,2045,2214,585,384,469,1054,4428,4428,363,2045,2408,11264
4950,150,13,163,2021,2184,576,391,468,1044,4368,4368,353,2021,2374,11110
4951,163,13,176,2010,2186,606,359,436,1042,4372,4372,377,2010,2387,11131
4952,146,9,155,1995,2150,529,390,487,1016,4300,4300,324,1995,2319,10919
4953,149,11,160,2057,2217,565,421,511,1076,4434,4434,343,2057,2400,11268
4954,153,11,164,2005,2169,555,366,452,1007,4338,4338,348,2005,2353,11029
4955,153,11,164,1994,2158,553,362,435,988,4316,4316,351,1994,2345,10977
4956,152,7,159,2060,2219,521,376,462,983,4438,4438,329,2060,2389,11265
4957,150,14,164,2030,2194,567,378,461,1028,4388,4388,351,2030,2381,11157
4958,165,7,172,2049,2221,581,403,491,1072,4442,4442,359,2049,2408,11292
4959,146,10,156,2010,2166,555,397,470,1025,4332,4332,336,2010,2346,11010
4960,163,11,174,2027,2201,608,387,478,1086,4402,4402,370,2027,2397,11201
4961,137,14,151,1988,2139,529,365,452,981,4278,4278,328,1988,2316,10872
4962,137,12,149,1934,2083,510,366,452,962,4166,4166,322,1934,2256,10588
4963,159,9,168,2070,2238,541,387,470,1011,4476,4476,351,2070,2421,11373
4964,145,15,160,1980,2140,560,389,474,1034,4280,4280,354,1980,2334,10894
4965,156,11,167,2091,2258,549,426,520,1069,4516,4516,356,2091,2447,11479
4966,139,6,145,1978,2123,490,356,438,928,4246,4246,300,1978,2278,10770
4967,159,6,165,1966,2131,522,379,469,991,4262,4262,341,1966,2307,10831
4968,166,12,178,2124,2302,629,408,500,1129,4604,4604,383,2124,2507,11715
4969,137,8,145,2087,2232,459,435,532,991,4464,4464,309,2087,2396,11324
4970,143,11,154,1964,2118,517,363,439,956,4236,4236,335,1964,2299,10771
4971,150,8,158,2058,2216,540,394,465,1005,4432,4432,335,2058,2393,11257
4972,171,10,181,1915,2096,587,350,418,1005,4192,4192,379,1915,2294,10678
4973,167,7,174,1983,2157,596,380,479,1075,4314,4314,362,1983,2345,10973
4974,162,12,174,2073,2247,582,423,513,1095,4494,4494,380,2073,2453,11441
4975,144,9,153,2008,2161,514,394,472,986,4322,4322,321,2008,2329,10973
4976,178,12,190,2075,2265,659,403,497,1156,4530,4530,408,2075,2483,11543
4977,151,12,163,2103,2266,572,417,514,1086,4532,4532,346,2103,2449,11513
4978,174,9,183,2059,2242,633,389,472,1105,4484,4484,381,2059,2440,11408
4979,149,12,161,2016,2177,556,387,467,1023,4354,4354,353,2016,2369,11077
4980,128,12,140,1994,2134,468,371,449,917,4268,4268,306,1994,2300,10836
4981,156,10,166,2060,2226,536,392,469,1005,4452,4452,353,2060,2413,11317
4982,152,10,162,2004,2166,549,367,440,989,4332,4332,346,2004,2350,11014
4983,147,11,158,2076,2234,537,349,413,950,4468,4468,335,2076,2411,11347
4984,159,7,166,2034,2200,582,367,453,1035,4400,4400,351,2034,2385,11185
4985,163,11,174,2084,2258,606,393,468,1074,4516,4516,375,2084,2459,11491
4986,142,8,150,1961,2111,500,385,469,969,4222,4222,320,1961,2281,10725
4987,146,12,158,2023,2181,538,371,459,997,4362,4362,340,2023,2363,11087
4988,165,8,173,2045,2218,555,382,476,1031,4436,4436,365,2045,2410,11282
4989,153,17,170,2016,2186,576,391,467,1043,4372,4372,370,2016,2386,11130
4990,161,10,171,2052,2223,564,388,475,1039,4446,4446,360,2052,2412,11304
4991,157,10,167,2127,2294,531,402,475,1006,4588,4588,353,2127,2480,11656
4992,163,9,172,1993,2165,577,399,481,1058,4330,4330,365,1993,2358,11018
4993,154,12,166,1962,2128,556,373,455,1011,4256,4256,353,1962,2315,10827
4994,162,4,166,2093,2259,533,410,503,1036,4518,4518,340,2093,2433,11469
4995,141,10,151,2071,2222,504,386,476,980,4444,4444,320,2071,2391,11279
4996,155,14,169,2040,2209,585,407,502,1087,4418,4418,367,2040,2407,11243
4997,157,10,167,2017,2184,577,352,424,1001,4368,4368,354,2017,2371,11107
4998,169,11,180,2008,2188,599,380,467,1066,4376,4376,376,2008,2384,11136
4999,174,9,183,2109,2292,649,384,466,1115,4584,4584,385,2109,2494,11662
5000,156,8,164,1932,2096,558,368,462,1020,4192,4192,345,1932,2277,10661
5001,144,5,149,2091,2240,489,391,476,965,4480,4480,306,2091,2397,11357
5002,160,7,167,2003,2170,545,396,494,1039,4340,4340,347,2003,2350,11030
5003,150,9,159,2011,2170,519,372,457,976,4340,4340,335,2011,2346,11026
5004,157,6,163,2052,2215,532,391,469,1001,4430,4430,336,2052,2388,11248
5005,136,10,146,1937,2083,550,396,476,1026,4166,4166,313,1937,2250,10582
5006,141,6,147,2037,2184,513,359,429,942,4368,4368,304,2037,2341,11077
5007,153,8,161,1989,2150,556,398,502,1058,4300,4300,340,1989,2329,10929
5008,160,10,170,2015,2185,568,402,489,1057,4370,4370,358,2015,2373,11113
5009,144,12,156,2049,2205,495,395,487,982,4410,4410,338,2049,2387,11207
5010,148,12,160,2041,2201,575,390,468,1043,4402,4402,339,2041,2380,11184
5011,155,6,161,2022,2183,527,398,474,1001,4366,4366,333,2022,2355,11087
5012,171,11,182,2104,2286,609,395,479,1088,4572,4572,390,2104,2494,11638
5013,161,10,171,2066,2237,570,375,459,1029,4474,4474,364,2066,2430,11378
5014,144,9,153,2011,2164,546,388,475,1021,4328,4328,333,2011,2344,11000
5015,144,10,154,2086,2240,558,408,495,1053,4480,4480,327,2086,2413,11373
5016,140,4,144,2045,2189,472,381,479,951,4378,4378,293,2045,2338,11094
5017,172,10,182,1957,2139,605,364,445,1050,4278,4278,385,1957,2342,10898
5018,160,11,171,1956,2127,567,390,470,1037,4254,4254,364,1956,2320,10828
5019,151,8,159,2074,2233,532,405,482,1014,4466,4466,329,2074,2403,11335
5020,154,9,163,2032,2195,569,385,464,1033,4390,4390,342,2032,2374,11154
5021,180,15,195,1998,2193,640,362,430,1070,4386,4386,423,1998,2421,11193
5022,148,15,163,2086,2249,583,382,462,1045,4498,4498,357,2086,2443,11439
5023,138,8,146,2037,2183,487,388,471,958,4366,4366,308,2037,2345,11077
5024,119,12,131,2077,2208,431,389,472,903,4416,4416,278,2077,2355,11187
5025,156,12,168,2036,2204,545,367,447,992,4408,4408,366,2036,2402,11218
5026,168,8,176,2050,2226,554,378,458,1012,4452,4452,368,2050,2418,11322
5027,136,13,149,2075,2224,545,383,480,1025,4448,4448,328,2075,2403,11299
5028,153,5,158,1996,2154,519,367,458,977,4308,4308,324,1996,2320,10936
5029,179,12,191,2092,2283,601,401,491,1092,4566,4566,404,2092,2496,11628
5030,157,8,165,2001,2166,532,344,407,939,4332,4332,345,2001,2346,11010
5031,186,11,197,2051,2248,677,429,517,1194,4496,4496,414,2051,2465,11457
5032,151,7,158,1991,2149,542,378,458,1000,4298,4298,333,1991,2324,10920
5033,155,14,169,2040,2209,575,366,437,1012,4418,4418,361,2040,2401,11237
5034,138,8,146,2052,2198,472,376,445,917,4396,4396,304,2052,2356,11148
5035,153,8,161,2016,2177,537,407,513,1050,4354,4354,341,2016,2357,11065
5036,135,15,150,2040,2190,487,377,462,949,4380,4380,327,2040,2367,11127
5037,142,8,150,2023,2173,504,385,473,977,4346,4346,317,2023,2340,11032
5038,169,10,179,2035,2214,586,388,491,1077,4428,4428,375,2035,2410,11266
5039,152,11,163,2007,2170,556,357,432,988,4340,4340,354,2007,2361,11041
5040,151,15,166,2016,2182,583,391,481,1064,4364,4364,363,2016,2379,11107
5041,160,7,167,2043,2210,525,390,474,999,4420,4420,352,2043,2395,11235
5042,133,13,146,2014,2160,520,344,410,930,4320,4320,317,2014,2331,10971
5043,144,8,152,1957,2109,503,386,480,983,4218,4218,325,1957,2282,10718
5044,144,7,151,2063,2214,494,410,499,993,4428,4428,312,2063,2375,11231
5045,155,16,171,1972,2143,608,395,475,1083,4286,4286,380,1972,2352,10924
5046,143,7,150,2010,2160,511,367,459,970,4320,4320,320,2010,2330,10970
5047,140,12,152,2029,2181,560,397,482,1042,4362,4362,330,2029,2359,11083
5048,174,15,189,2061,2250,616,398,493,1109,4500,4500,403,2061,2464,11464
5049,164,6,170,1946,2116,563,380,455,1018,4232,4232,347,1946,2293,10757
5050,138,6,144,1971,2115,467,356,437,904,4230,4230,297,1971,2268,10728
5051,143,13,156,2066,2222,493,403,490,983,4444,4444,331,2066,2397,11285
5052,169,14,183,2077,2260,623,403,494,1117,4520,4520,392,2077,2469,11509
5053,149,15,164,2069,2233,573,394,483,1056,4466,4466,351,2069,2420,11352
5054,148,9,157,1943,2100,549,369,463,1012,4200,4200,334,1943,2277,10677
5055,137,11,148,2024,2172,450,358,436,886,4344,4344,315,2024,2339,11027
5056,162,10,172,2083,2255,566,404,484,1050,4510,4510,365,2083,2448,11468
5057,157,9,166,2003,2169,577,379,454,1031,4338,4338,351,2003,2354,11030
5058,140,16,156,2060,2216,572,399,474,1046,4432,4432,344,2060,2404,11268
5059,171,13,184,2085,2269,625,390,462,1087,4538,4538,392,2085,2477,11553
5060,167,9,176,1958,2134,580,363,446,1026,4268,4268,368,1958,2326,10862
5061,150,5,155,2065,2220,498,373,460,958,4440,4440,319,2065,2384,11264
5062,191,16,207,2059,2266,713,399,489,1202,4532,4532,450,2059,2509,11573
5063,147,13,160,2072,2232,551,390,460,1011,4464,4464,343,2072,2415,11343
5064,145,9,154,2054,2208,530,410,504,1034,4416,4416,322,2054,2376,11208
5065,167,15,182,2046,2228,596,410,495,1091,4456,4456,393,2046,2439,11351
5066,159,16,175,1966,2141,593,366,426,1019,4282,4282,376,1966,2342,10906
5067,156,5,161,1935,2096,494,373,455,949,4192,4192,331,1935,2266,10650
5068,147,17,164,2093,2257,584,400,483,1067,4514,4514,367,2093,2460,11488
5069,167,8,175,1956,2131,616,362,429,1045,4262,4262,367,1956,2323,10847
5070,154,6,160,2095,2255,484,400,484,968,4510,4510,335,2095,2430,11450
5071,165,11,176,2067,2243,608,379,464,1072,4486,4486,370,2067,2437,11409
5072,135,10,145,2040,2185,466,364,430,896,4370,4370,312,2040,2352,11092
5073,164,14,178,2031,2209,610,387,467,1077,4418,4418,384,2031,2415,11251
5074,148,10,158,2096,2254,521,390,485,1006,4508,4508,331,2096,2427,11443
5075,152,8,160,2052,2212,557,391,474,1031,4424,4424,339,2052,2391,11239
5076,154,10,164,2090,2254,599,421,529,1128,4508,4508,345,2090,2435,11451
5077,141,13,154,2031,2185,555,400,484,1039,4370,4370,333,2031,2364,11104
5078,154,9,163,2039,2202,543,369,452,995,4404,4404,342,2039,2381,11189
5079,159,15,174,2009,2183,610,401,481,1091,4366,4366,378,2009,2387,11119
5080,161,8,169,2051,2220,564,420,512,1076,4440,4440,348,2051,2399,11279
5081,145,15,160,2009,2169,548,382,459,1007,4338,4338,345,2009,2354,11030
5082,153,12,165,2083,2248,534,423,532,1066,4496,4496,352,2083,2435,11427
5083,149,17,166,2110,2276,538,416,503,1041,4552,4552,369,2110,2479,11583
5084,134,13,147,2024,2171,495,388,472,967,4342,4342,320,2024,2344,11028
5085,152,9,161,2102,2263,556,381,472,1028,4526,4526,346,2102,2448,11500
5086,154,15,169,2057,2226,547,396,491,1038,4452,4452,371,2057,2428,11332
5087,136,8,144,2048,2192,499,413,502,1001,4384,4384,307,2048,2355,11123
5088,154,10,164,2080,2244,557,386,470,1027,4488,4488,349,2080,2429,11405
5089,147,9,156,2001,2157,532,396,489,1021,4314,4314,333,2001,2334,10962
5090,150,9,159,2071,2230,525,390,494,1019,4460,4460,336,2071,2407,11327
5091,148,4,152,2034,2186,476,404,486,962,4372,4372,311,2034,2345,11089
5092,139,13,152,2022,2174,542,369,452,994,4348,4348,333,2022,2355,11051
5093,151,9,160,2021,2181,535,383,457,992,4362,4362,344,2021,2365,11089
5094,146,8,154,1999,2153,575,366,447,1022,4306,4306,326,1999,2325,10937
5095,152,10,162,1999,2161,567,400,503,1070,4322,4322,339,1999,2338,10982
5096,164,12,176,2047,2223,589,387,473,1062,4446,4446,381,2047,2428,11320
5097,155,12,167,2045,2212,586,378,472,1058,4424,4424,354,2045,2399,11247
5098,146,10,156,2007,2163,537,426,529,1066,4326,4326,332,2007,2339,10991
5099,164,10,174,1973,2147,560,385,465,1025,4294,4294,368,1973,2341,10929
5100,148,11,159,1994,2153,545,393,485,1030,4306,4306,340,1994,2334,10946
5101,164,16,180,2014,2194,648,383,461,1109,4388,4388,388,2014,2402,11178
5102,150,11,161,2009,2170,553,378,463,1016,4340,4340,347,2009,2356,11036
5103,164,12,176,2034,2210,593,379,461,1054,4420,4420,374,2034,2408,11248
5104,153,14,167,2055,2222,571,430,519,1090,4444,4444,369,2055,2424,11312
5105,153,10,163,2090,2253,563,367,459,1022,4506,4506,351,2090,2441,11453
5106,158,8,166,1974,2140,536,397,486,1022,4280,4280,349,1974,2323,10883
5107,148,10,158,1999,2157,511,375,468,979,4314,4314,331,1999,2330,10958
5108,152,9,161,2076,2237,550,396,461,1011,4474,4474,341,2076,2417,11365
5109,140,9,149,1980,2129,508,407,489,997,4258,4258,317,1980,2297,10813
5110,138,9,147,1991,2138,489,372,459,948,4276,4276,312,1991,2303,10855
5111,138,5,143,2052,2195,476,392,469,945,4390,4390,295,2052,2347,11127
5112,165,10,175,2073,2248,622,391,474,1096,4496,4496,369,2073,2442,11434
5113,145,14,159,2023,2182,586,382,464,1050,4364,4364,349,2023,2372,11100
5114,154,9,163,2087,2250,555,390,467,1022,4500,4500,341,2087,2428,11428
5115,152,14,166,2089,2255,570,423,509,1079,4510,4510,360,2089,2449,11469
5116,158,12,170,2022,2192,554,411,502,1056,4384,4384,368,2022,2390,11158
5117,155,7,162,2047,2209,532,392,480,1012,4418,4418,339,2047,2386,11222
5118,156,7,163,2028,2191,541,381,476,1017,4382,4382,337,2028,2365,11129
5119,142,10,152,2092,2244,537,408,490,1027,4488,4488,327,2092,2419,11395
5120,156,11,167,2051,2218,545,409,508,1053,4436,4436,356,2051,2407,11279
5121,138,18,156,2100,2256,571,378,470,1041,4512,4512,348,2100,2448,11472
5122,166,9,175,2030,2205,574,359,433,1007,4410,4410,365,2030,2395,11215
5123,157,15,172,2009,2181,600,388,462,1062,4362,4362,378,2009,2387,11111
5124,152,6,158,2099,2257,534,384,474,1008,4514,4514,325,2099,2424,11452
5125,131,12,143,2079,2222,493,414,493,986,4444,4444,310,2079,2389,11277
5126,147,4,151,2086,2237,512,355,447,959,4474,4474,314,2086,2400,11348
5127,162,14,176,2100,2276,613,414,513,1126,4552,4552,374,2100,2474,11578
5128,151,13,164,2052,2216,602,407,493,1095,4432,4432,355,2052,2407,11271
5129,160,10,170,2000,2170,604,362,443,1047,4340,4340,366,2000,2366,11046
5130,157,8,165,2049,2214,537,354,430,967,4428,4428,350,2049,2399,11255
5131,151,10,161,1992,2153,537,375,454,991,4306,4306,337,1992,2329,10941
5132,173,9,182,2040,2222,610,382,466,1076,4444,4444,386,2040,2426,11314
5133,142,12,154,2013,2167,554,366,446,1000,4334,4334,339,2013,2352,11020
5134,156,15,171,2027,2198,595,402,480,1075,4396,4396,366,2027,2393,11185
5135,157,6,163,1992,2155,492,379,450,942,4310,4310,335,1992,2327,10947
5136,134,12,146,1995,2141,504,362,446,950,4282,4282,316,1995,2311,10875
5137,157,5,162,1990,2152,520,373,457,977,4304,4304,335,1990,2325,10933
5138,169,13,182,1982,2164,627,391,473,1100,4328,4328,392,1982,2374,11030
5139,137,13,150,2002,2152,498,371,441,939,4304,4304,322,2002,2324,10932
5140,136,15,151,1965,2116,518,350,422,940,4232,4232,341,1965,2306,10770
5141,149,8,157,2033,2190,514,385,461,975,4380,4380,334,2033,2367,11127
5142,175,10,185,2100,2285,643,390,472,1115,4570,4570,384,2100,2484,11624
5143,162,14,176,2004,2180,607,374,456,1063,4360,4360,378,2004,2382,11102
5144,154,8,162,2024,2186,560,385,458,1018,4372,4372,340,2024,2364,11108
5145,168,9,177,2099,2276,622,384,467,1089,4552,4552,371,2099,2470,11574
5146,160,10,170,1984,2154,561,362,429,990,4308,4308,356,1984,2340,10956
5147,155,8,163,2002,2165,564,375,455,1019,4330,4330,342,2002,2344,11004
5148,145,7,152,2089,2241,522,374,446,968,4482,4482,320,2089,2409,11373
5149,158,10,168,1993,2161,533,376,477,1010,4322,4322,355,1993,2348,10992
5150,156,8,164,2127,2291,530,403,492,1022,4582,4582,348,2127,2475,11639
5151,141,8,149,2110,2259,482,409,496,978,4518,4518,316,2110,2426,11462
5152,144,3,147,2083,2230,466,419,514,980,4460,4460,301,2083,2384,11304
5153,161,11,172,2052,2224,587,384,459,1046,4448,4448,362,2052,2414,11310
5154,160,12,172,2016,2188,571,393,491,1062,4376,4376,370,2016,2386,11138
5155,152,7,159,2077,2236,524,391,479,1003,4472,4472,328,2077,2405,11349
5156,155,15,170,2022,2192,583,381,463,1046,4384,4384,372,2022,2394,11162
5157,138,11,149,1968,2117,522,357,434,956,4234,4234,321,1968,2289,10757
5158,163,7,170,2064,2234,571,360,445,1016,4468,4468,356,2064,2420,11356
5159,154,21,175,2029,2204,639,371,458,1097,4408,4408,390,2029,2419,11235
5160,142,10,152,1984,2136,525,383,461,986,4272,4272,330,1984,2314,10858
5161,135,10,145,1983,2128,494,363,446,940,4256,4256,311,1983,2294,10806
5162,141,6,147,1943,2090,514,414,503,1017,4180,4180,309,1943,2252,10612
5163,173,7,180,2054,2234,610,343,433,1043,4468,4468,377,2054,2431,11367
5164,147,13,160,2078,2238,533,424,515,1048,4476,4476,343,2078,2421,11373
5165,158,16,174,2038,2212,570,385,460,1030,4424,4424,383,2038,2421,11269
5166,147,10,157,1981,2138,532,376,469,1001,4276,4276,335,1981,2316,10868
5167,159,11,170,2025,2195,571,388,476,1047,4390,4390,365,2025,2390,11170
5168,151,14,165,2032,2197,591,387,483,1074,4394,4394,358,2032,2390,11178
5169,159,14,173,1995,2168,596,359,448,1044,4336,4336,377,1995,2372,11044
5170,151,10,161,2087,2248,570,406,494,1064,4496,4496,344,2087,2431,11423
5171,148,7,155,2018,2173,538,399,489,1027,4346,4346,324,2018,2342,11034
5172,155,8,163,2012,2175,530,372,446,976,4350,4350,347,2012,2359,11059
5173,173,9,182,1940,2122,622,374,469,1091,4244,4244,385,1940,2325,10813
5174,157,8,165,2077,2242,556,396,474,1030,4484,4484,348,2077,2425,11393
5175,133,11,144,1967,2111,470,380,464,934,4222,4222,308,1967,2275,10719
5176,138,7,145,1933,2078,519,368,452,971,4156,4156,304,1933,2237,10549
5177,167,9,176,2054,2230,577,382,468,1045,4460,4460,370,2054,2424,11344
5178,143,8,151,2065,2216,490,398,482,972,4432,4432,315,2065,2380,11244
5179,151,14,165,2028,2193,529,402,486,1015,4386,4386,357,2028,2385,11157
5180,143,10,153,2084,2237,502,406,485,987,4474,4474,326,2084,2410,11358
5181,172,6,178,1982,2160,558,373,454,1012,4320,4320,366,1982,2348,10988
5182,175,10,185,1993,2178,623,395,476,1099,4356,4356,394,1993,2387,11099
5183,156,16,172,2058,2230,599,407,498,1097,4460,4460,374,2058,2432,11352
5184,146,8,154,2050,2204,543,379,480,1023,4408,4408,327,2050,2377,11193
5185,153,12,165,2072,2237,553,367,447,1000,4474,4474,359,2072,2431,11379
5186,167,12,179,2015,2194,613,371,455,1068,4388,4388,384,2015,2399,11175
5187,138,7,145,2056,2201,493,376,456,949,4402,4402,306,2056,2362,11166
5188,145,13,158,1902,2060,572,385,465,1037,4120,4120,338,1902,2240,10480
5189,149,9,158,2024,2182,520,327,391,911,4364,4364,334,2024,2358,11086
5190,152,14,166,2086,2252,579,408,500,1079,4504,4504,362,2086,2448,11456
5191,143,8,151,1991,2142,493,350,426,919,4284,4284,320,1991,2311,10879
5192,124,8,132,2046,2178,427,409,508,935,4356,4356,280,2046,2326,11038
5193,150,14,164,2050,2214,523,391,482,1005,4428,4428,346,2050,2396,11252
5194,152,10,162,1986,2148,530,381,458,988,4296,4296,347,1986,2333,10925
5195,160,6,166,2018,2184,532,367,447,979,4368,4368,345,2018,2363,11099
5196,160,13,173,2047,2220,589,395,486,1075,4440,4440,376,2047,2423,11303
5197,130,12,142,2003,2145,450,388,485,935,4290,4290,303,2003,2306,10886
5198,155,12,167,2031,2198,573,397,490,1063,4396,4396,359,2031,2390,11182
5199,170,15,185,2040,2225,665,393,487,1152,4450,4450,403,2040,2443,11343
5200,162,15,177,2007,2184,614,379,470,1084,4368,4368,388,2007,2395,11131
5201,165,3,168,1997,2165,528,369,447,975,4330,4330,342,1997,2339,10999
5202,156,8,164,2134,2298,530,415,498,1028,4596,4596,341,2134,2475,11667
5203,160,12,172,2029,2201,581,422,521,1102,4402,4402,365,2029,2394,11198
5204,146,7,153,2032,2185,519,393,482,1001,4370,4370,322,2032,2354,11094
5205,135,9,144,1991,2135,468,368,452,920,4270,4270,309,1991,2300,10840
5206,166,8,174,2071,2245,580,405,508,1088,4490,4490,367,2071,2438,11418
5207,153,12,165,1992,2157,607,349,419,1026,4314,4314,362,1992,2354,10982
5208,133,7,140,2006,2146,442,390,479,921,4292,4292,292,2006,2298,10882
5209,169,11,180,2081,2261,607,367,450,1057,4522,4522,381,2081,2462,11506
5210,155,5,160,1964,2124,572,363,443,1015,4248,4248,332,1964,2296,10792
5211,136,10,146,2029,2175,487,383,472,959,4350,4350,315,2029,2344,11044
5212,165,9,174,1981,2155,558,379,456,1014,4310,4310,362,1981,2343,10963
5213,140,8,148,2036,2184,472,377,455,927,4368,4368,310,2036,2346,11082
5214,173,8,181,2020,2201,615,369,437,1052,4402,4402,381,2020,2401,11205
5215,173,9,182,2030,2212,572,364,439,1011,4424,4424,381,2030,2411,11259
5216,163,6,169,2015,2184,622,376,467,1089,4368,4368,355,2015,2370,11106
5217,127,7,134,1982,2116,433,363,437,870,4232,4232,279,1982,2261,10725
5218,158,10,168,2022,2190,581,416,513,1094,4380,4380,359,2022,2381,11141
5219,153,14,167,2050,2217,584,388,466,1050,4434,4434,361,2050,2411,11279
5220,145,16,161,1950,2111,553,376,461,1014,4222,4222,359,1950,2309,10753
5221,141,16,157,2072,2229,562,412,500,1062,4458,4458,352,2072,2424,11340
5222,137,11,148,2003,2151,492,363,448,940,4302,4302,323,2003,2326,10930
5223,156,12,168,2047,2215,593,403,499,1092,4430,4430,363,2047,2410,11270
5224,157,9,166,2107,2273,554,386,476,1030,4546,4546,345,2107,2452,11544
5225,129,4,133,2007,2140,425,373,449,874,4280,4280,270,2007,2277,10837
5226,145,11,156,1944,2100,519,375,465,984,4200,4200,332,1944,2276,10676
5227,154,5,159,2100,2259,485,409,505,990,4518,4518,328,2100,2428,11464
5228,157,10,167,2058,2225,554,402,503,1057,4450,4450,352,2058,2410,11310
5229,152,12,164,1936,2100,617,392,479,1096,4200,4200,351,1936,2287,10687
5230,161,10,171,2064,2235,560,406,502,1062,4470,4470,359,2064,2423,11363
5231,142,5,147,2054,2201,452,406,488,940,4402,4402,303,2054,2357,11161
5232,149,10,159,2044,2203,529,377,462,991,4406,4406,338,2044,2382,11194
5233,153,10,163,2063,2226,544,358,441,985,4452,4452,342,2063,2405,11309
5234,146,18,164,2048,2212,585,343,424,1009,4424,4424,369,2048,2417,11265
5235,155,11,166,1965,2131,556,372,452,1008,4262,4262,355,1965,2320,10844
5236,140,8,148,2056,2204,507,410,498,1005,4408,4408,308,2056,2364,11180
5237,159,10,169,2036,2205,532,419,505,1037,4410,4410,355,2036,2391,11211
5238,149,11,160,2067,2227,571,408,495,1066,4454,4454,343,2067,2410,11318
5239,174,13,187,1959,2146,603,378,455,1058,4292,4292,392,1959,2351,10935
5240,135,12,147,2065,2212,522,374,446,968,4424,4424,313,2065,2378,11226
5241,161,9,170,2006,2176,579,389,476,1055,4352,4352,353,2006,2359,11063
5242,139,8,147,2034,2181,469,377,460,929,4362,4362,306,2034,2340,11064
5243,153,8,161,2030,2191,557,392,481,1038,4382,4382,337,2030,2367,11131
5244,138,8,146,2022,2168,474,383,463,937,4336,4336,304,2022,2326,10998
5245,154,12,166,1995,2161,567,385,460,1027,4322,4322,351,1995,2346,10990
5246,155,15,170,2023,2193,576,387,471,1047,4386,4386,366,2023,2389,11161
5247,136,9,145,1983,2128,488,396,471,959,4256,4256,301,1983,2284,10796
5248,146,10,156,2067,2223,500,400,480,980,4446,4446,329,2067,2396,11288
5249,130,10,140,2077,2217,476,393,469,945,4434,4434,307,2077,2384,11252
5250,148,6,154,2034,2188,500,391,480,980,4376,4376,321,2034,2355,11107
5251,162,13,175,2015,2190,584,400,472,1056,4380,4380,371,2015,2386,11146
5252,175,13,188,2106,2294,660,385,478,1138,4588,4588,401,2106,2507,11683
5253,179,8,187,2027,2214,625,370,460,1085,4428,4428,391,2027,2418,11274
5254,140,6,146,2008,2154,469,356,434,903,4308,4308,300,2008,2308,10924
5255,145,8,153,2062,2215,536,393,472,1008,4430,4430,326,2062,2388,11248
5256,158,8,166,2083,2249,578,413,514,1092,4498,4498,350,2083,2433,11429
5257,141,9,150,1997,2147,537,375,460,997,4294,4294,320,1997,2317,10905
5258,156,13,169,2080,2249,576,388,475,1051,4498,4498,361,2080,2441,11437
5259,165,11,176,1998,2174,582,373,453,1035,4348,4348,372,1998,2370,11066
5260,131,8,139,2006,2145,465,406,492,957,4290,4290,295,2006,2301,10881
5261,151,14,165,2076,2241,585,382,472,1057,4482,4482,357,2076,2433,11397
5262,157,12,169,2031,2200,568,377,455,1023,4400,4400,362,2031,2393,11193
5263,142,7,149,2132,2281,505,406,484,989,4562,4562,311,2132,2443,11567
5264,151,17,168,2029,2197,578,389,478,1056,4394,4394,369,2029,2398,11186
5265,138,17,155,1997,2152,526,355,427,953,4304,4304,345,1997,2342,10950
5266,165,8,173,1980,2153,541,362,442,983,4306,4306,360,1980,2340,10952
5267,167,11,178,2004,2182,609,390,470,1079,4364,4364,376,2004,2380,11108
5268,167,8,175,2126,2301,553,398,477,1030,4602,4602,360,2126,2486,11690
5269,164,10,174,2044,2218,591,405,508,1099,4436,4436,370,2044,2414,11286
5270,126,7,133,1964,2097,454,350,430,884,4194,4194,279,1964,2243,10631
5271,190,7,197,2096,2293,649,408,503,1152,4586,4586,404,2096,2500,11672
5272,141,16,157,2046,2203,572,386,474,1046,4406,4406,349,2046,2395,11207
5273,173,7,180,1989,2169,592,404,495,1087,4338,4338,370,1989,2359,11035
5274,161,10,171,2029,2200,575,397,485,1060,4400,4400,361,2029,2390,11190
5275,157,9,166,2087,2253,559,407,486,1045,4506,4506,345,2087,2432,11444
5276,157,10,167,2027,2194,559,371,451,1010,4388,4388,355,2027,2382,11158
5277,151,10,161,2026,2187,533,350,419,952,4374,4374,341,2026,2367,11115
5278,136,11,147,1961,2108,509,353,424,933,4216,4216,314,1961,2275,10707
5279,158,10,168,2008,2176,558,385,473,1031,4352,4352,354,2008,2362,11066
5280,142,13,155,1982,2137,529,375,466,995,4274,4274,333,1982,2315,10863
5281,152,13,165,2006,2171,582,401,476,1058,4342,4342,350,2006,2356,11040
5282,153,9,162,2030,2192,551,422,526,1077,4384,4384,340,2030,2370,11138
5283,162,9,171,2117,2288,593,386,483,1076,4576,4576,357,2117,2474,11626
5284,147,10,157,1985,2142,552,357,438,990,4284,4284,331,1985,2316,10884
5285,141,13,154,1991,2145,583,394,477,1060,4290,4290,337,1991,2328,10908
5286,172,8,180,2106,2286,582,390,478,1060,4572,4572,378,2106,2484,11628
5287,153,12,165,2034,2199,598,395,481,1079,4398,4398,359,2034,2393,11189
5288,135,11,146,2045,2191,496,407,506,1002,4382,4382,308,2045,2353,11117
5289,156,11,167,2027,2194,554,380,455,1009,4388,4388,357,2027,2384,11160
5290,154,10,164,2041,2205,547,414,510,1057,4410,4410,349,2041,2390,11210
5291,153,10,163,2073,2236,549,388,477,1026,4472,4472,347,2073,2420,11364
5292,153,15,168,2009,2177,590,361,453,1043,4354,4354,361,2009,2370,11078
5293,158,9,167,2020,2187,554,358,436,990,4374,4374,352,2020,2372,11120
5294,153,6,159,2016,2175,544,368,444,988,4350,4350,334,2016,2350,11050
5295,153,11,164,2139,2303,561,399,488,1049,4606,4606,351,2139,2490,11702
5296,158,10,168,2058,2226,546,392,468,1014,4452,4452,356,2058,2414,11318
5297,146,6,152,2002,2154,531,368,458,989,4308,4308,318,2002,2320,10936
5298,161,15,176,1944,2120,671,376,467,1138,4240,4240,385,1944,2329,10809
5299,155,12,167,2111,2278,583,358,438,1021,4556,4556,356,2111,2467,11579
5300,128,7,135,2005,2140,454,404,491,945,4280,4280,285,2005,2290,10850
5301,135,13,148,2017,2165,540,382,464,1004,4330,4330,328,2017,2345,11005
5302,153,9,162,2075,2237,544,384,464,1008,4474,4474,339,2075,2414,11362
5303,155,11,166,2091,2257,551,385,480,1031,4514,4514,350,2091,2441,11469
5304,178,9,187,1993,2180,614,391,477,1091,4360,4360,393,1993,2386,11106
5305,168,9,177,2012,2189,611,383,458,1069,4378,4378,369,2012,2381,11137
5306,160,8,168,2014,2182,565,368,440,1005,4364,4364,348,2014,2362,11090
5307,163,9,172,2046,2218,608,396,489,1097,4436,4436,363,2046,2409,11281
5308,134,12,146,2039,2185,513,366,436,949,4370,4370,318,2039,2357,11097
5309,154,9,163,2011,2174,532,418,490,1022,4348,4348,343,2011,2354,11050
5310,150,10,160,2036,2196,514,393,471,985,4392,4392,339,2036,2375,11159
5311,143,9,152,2048,2200,545,380,458,1003,4400,4400,323,2048,2371,11171
5312,156,7,163,2043,2206,535,406,490,1025,4412,4412,341,2043,2384,11208
5313,161,6,167,1944,2111,545,373,448,993,4222,4222,344,1944,2288,10732
5314,149,5,154,2003,2157,534,367,445,979,4314,4314,320,2003,2323,10951
5315,167,5,172,2079,2251,606,407,510,1116,4502,4502,358,2079,2437,11441
5316,162,10,172,1991,2163,647,368,431,1078,4326,4326,366,1991,2357,11009
5317,155,5,160,2069,2229,517,393,483,1000,4458,4458,327,2069,2396,11312
5318,160,9,169,2031,2200,563,359,430,993,4400,4400,356,2031,2387,11187
5319,147,11,158,2039,2197,556,410,496,1052,4394,4394,340,2039,2379,11167
5320,163,11,174,2133,2307,568,384,455,1023,4614,4614,367,2133,2500,11728
5321,151,11,162,2077,2239,506,413,496,1002,4478,4478,344,2077,2421,11377
5322,161,12,173,2033,2206,592,365,454,1046,4412,4412,373,2033,2406,11230
5323,132,9,141,2045,2186,489,384,451,940,4372,4372,303,2045,2348,11092
5324,179,18,197,2062,2259,668,395,490,1158,4518,4518,430,2062,2492,11528
5325,151,8,159,1980,2139,544,389,484,1028,4278,4278,337,1980,2317,10873
5326,150,13,163,1988,2151,540,382,475,1015,4302,4302,355,1988,2343,10947
5327,143,10,153,2015,2168,549,361,461,1010,4336,4336,326,2015,2341,11013
5328,164,8,172,1935,2107,542,357,445,987,4214,4214,357,1935,2292,10720
5329,150,17,167,2042,2209,564,361,457,1021,4418,4418,369,2042,2411,11247
5330,150,10,160,2051,2211,548,384,474,1022,4422,4422,346,2051,2397,11241
5331,150,10,160,2029,2189,508,353,433,941,4378,4378,342,2029,2371,11127
5332,158,8,166,2054,2220,555,387,471,1026,4440,4440,345,2054,2399,11279
5333,160,12,172,2051,2223,538,394,482,1020,4446,4446,364,2051,2415,11307
5334,153,11,164,2045,2209,548,385,465,1013,4418,4418,351,2045,2396,11232
5335,147,13,160,2018,2178,555,392,472,1027,4356,4356,341,2018,2359,11071
5336,148,9,157,1974,2131,530,399,489,1019,4262,4262,331,1974,2305,10829
5337,169,6,175,2097,2272,610,408,501,1111,4544,4544,369,2097,2466,11554
5338,148,5,153,2043,2196,507,388,481,988,4392,4392,316,2043,2359,11143
5339,142,13,155,2074,2229,531,396,489,1020,4458,4458,336,2074,2410,11326
5340,154,11,165,2009,2174,561,370,461,1022,4348,4348,352,2009,2361,11057
5341,170,12,182,2027,2209,636,404,499,1135,4418,4418,380,2027,2407,11243
5342,163,6,169,1990,2159,548,372,456,1004,4318,4318,355,1990,2345,10981
5343,140,6,146,2115,2261,499,373,452,951,4522,4522,306,2115,2421,11465
5344,144,6,150,2031,2181,510,388,475,985,4362,4362,315,2031,2346,11070
5345,143,16,159,2047,2206,583,379,475,1058,4412,4412,351,2047,2398,11222
5346,156,11,167,2020,2187,563,392,472,1035,4374,4374,352,2020,2372,11120
5347,144,11,155,2061,2216,544,397,491,1035,4432,4432,331,2061,2392,11256
5348,151,4,155,2031,2186,545,398,479,1024,4372,4372,322,2031,2353,11097
5349,165,10,175,1982,2157,587,348,428,1015,4314,4314,375,1982,2357,10985
5350,156,10,166,2029,2195,537,392,484,1021,4390,4390,352,2029,2381,11161
5351,138,14,152,2065,2217,536,383,476,1012,4434,4434,340,2065,2405,11273
5352,153,11,164,2086,2250,555,373,462,1017,4500,4500,356,2086,2442,11442
5353,150,18,168,1929,2097,590,347,420,1010,4194,4194,371,1929,2300,10688
5354,138,10,148,2044,2192,530,380,461,991,4384,4384,317,2044,2361,11129
5355,162,17,179,2091,2270,637,413,497,1134,4540,4540,391,2091,2482,11562
5356,160,8,168,1980,2148,552,387,475,1027,4296,4296,350,1980,2330,10922
5357,144,8,152,2043,2195,556,369,442,998,4390,4390,324,2043,2367,11147
5358,168,13,181,2051,2232,640,365,453,1093,4464,4464,386,2051,2437,11365
5359,164,11,175,2077,2252,579,389,498,1077,4504,4504,377,2077,2454,11462
5360,167,11,178,1986,2164,613,386,476,1089,4328,4328,378,1986,2364,11020
5361,148,13,161,1994,2155,553,397,480,1033,4310,4310,346,1994,2340,10960
5362,162,11,173,1990,2163,585,346,437,1022,4326,4326,369,1990,2359,11011
5363,156,14,170,2085,2255,595,408,507,1102,4510,4510,369,2085,2454,11474
5364,178,11,189,2078,2267,648,392,473,1121,4534,4534,401,2078,2479,11547
5365,146,9,155,2068,2223,518,380,452,970,4446,4446,326,2068,2394,11286
5366,151,17,168,1987,2155,567,410,507,1074,4310,4310,379,1987,2366,10986
5367,158,7,165,2051,2216,536,411,510,1046,4432,4432,340,2051,2391,11255
5368,152,8,160,1998,2158,520,399,485,1005,4316,4316,335,1998,2333,10965
5369,140,13,153,2085,2238,537,365,445,982,4476,4476,335,2085,2420,11372
5370,145,12,157,1966,2123,527,403,503,1030,4246,4246,347,1966,2313,10805
5371,146,18,164,2013,2177,551,361,447,998,4354,4354,364,2013,2377,11085
5372,165,9,174,2031,2205,553,365,435,988,4410,4410,361,2031,2392,11212
5373,157,15,172,1954,2126,613,396,477,1090,4252,4252,366,1954,2320,10824
5374,159,8,167,2040,2207,534,359,444,978,4414,4414,350,2040,2390,11218
5375,150,6,156,2055,2211,536,397,490,1026,4422,4422,326,2055,2381,11225
5376,130,10,140,2066,2206,479,395,489,968,4412,4412,303,2066,2369,11193
5377,128,12,140,2008,2148,500,378,450,950,4296,4296,309,2008,2317,10909
5378,149,11,160,1991,2151,551,372,453,1004,4302,4302,343,1991,2334,10938
5379,162,9,171,2071,2242,583,395,482,1065,4484,4484,360,2071,2431,11399
5380,148,10,158,2060,2218,567,361,441,1008,4436,4436,335,2060,2395,11267
5381,169,12,181,2014,2195,602,373,447,1049,4390,4390,388,2014,2402,11182
5382,172,13,185,2049,2234,624,345,413,1037,4468,4468,394,2049,2443,11379
5383,139,9,148,2116,2264,484,406,494,978,4528,4528,306,2116,2422,11478
5384,165,10,175,2072,2247,580,358,434,1014,4494,4494,366,2072,2438,11426
5385,184,17,201,2050,2251,683,353,429,1112,4502,4502,433,2050,2483,11487
5386,146,14,160,2062,2222,539,369,444,983,4444,4444,347,2062,2409,11297
5387,143,8,151,2103,2254,522,426,533,1055,4508,4508,317,2103,2420,11436
5388,171,8,179,2067,2246,579,396,485,1064,4492,4492,377,2067,2444,11428
5389,160,10,170,2022,2192,565,407,506,1071,4384,4384,361,2022,2383,11151
5390,147,15,162,2004,2166,582,366,438,1020,4332,4332,353,2004,2357,11021
5391,161,11,172,2095,2267,613,383,476,1089,4534,4534,368,2095,2463,11531
5392,165,11,176,1997,2173,596,377,459,1055,4346,4346,372,1997,2369,11061
5393,154,8,162,1983,2145,528,352,434,962,4290,4290,339,1983,2322,10902
5394,138,14,152,2036,2188,529,382,467,996,4376,4376,329,2036,2365,11117
5395,157,10,167,2011,2178,590,412,495,1085,4356,4356,356,2011,2367,11079
5396,150,9,159,2116,2275,542,423,523,1065,4550,4550,330,2116,2446,11546
5397,150,10,160,1914,2074,488,353,435,923,4148,4148,335,1914,2249,10545
5398,169,5,174,2043,2217,601,378,459,1060,4434,4434,359,2043,2402,11270
5399,150,6,156,2035,2191,526,392,486,1012,4382,4382,322,2035,2357,11121
5400,147,5,152,2043,2195,496,385,465,961,4390,4390,318,2043,2361,11141
5401,146,4,150,2040,2190,476,376,461,937,4380,4380,309,2040,2349,11109
5402,150,9,159,2025,2184,520,386,473,993,4368,4368,335,2025,2360,11096
5403,174,9,183,2007,2190,630,405,498,1128,4380,4380,383,2007,2390,11150
5404,159,8,167,2022,2189,503,361,453,956,4378,4378,345,2022,2367,11123
5405,173,13,186,2024,2210,631,347,401,1032,4420,4420,408,2024,2432,11272
5406,143,9,152,2053,2205,505,369,446,951,4410,4410,321,2053,2374,11194
5407,145,12,157,2118,2275,562,406,519,1081,4550,4550,337,2118,2455,11555
5408,153,11,164,2031,2195,547,406,495,1042,4390,4390,350,2031,2381,11161
5409,140,8,148,2056,2204,487,383,473,960,4408,4408,314,2056,2370,11186
5410,159,12,171,1996,2167,557,375,463,1020,4334,4334,363,1996,2359,11027
5411,158,9,167,2053,2220,573,384,462,1035,4440,4440,349,2053,2402,11282
5412,158,7,165,1954,2119,528,356,445,973,4238,4238,348,1954,2302,10778
5413,151,7,158,1945,2103,499,400,475,974,4206,4206,324,1945,2269,10681
5414,145,13,158,2056,2214,551,375,449,1000,4428,4428,335,2056,2391,11247
5415,136,14,150,2012,2162,526,358,437,963,4324,4324,335,2012,2347,10995
5416,159,15,174,2054,2228,620,381,463,1083,4456,4456,382,2054,2436,11348
5417,143,10,153,1982,2135,501,360,438,939,4270,4270,323,1982,2305,10845
5418,158,16,174,1979,2153,618,352,426,1044,4306,4306,377,1979,2356,10968
5419,152,3,155,2061,2216,538,324,397,935,4432,4432,317,2061,2378,11242
5420,135,10,145,2008,2153,498,362,432,930,4306,4306,308,2008,2316,10928
5421,148,17,165,2007,2172,585,377,472,1057,4344,4344,363,2007,2370,11058
5422,151,9,160,2075,2235,545,394,490,1035,4470,4470,338,2075,2413,11353
5423,167,17,184,2053,2237,639,370,467,1106,4474,4474,398,2053,2451,11399
5424,141,10,151,2078,2229,521,407,506,1027,4458,4458,326,2078,2404,11320
5425,160,11,171,1925,2096,599,384,470,1069,4192,4192,362,1925,2287,10671
5426,150,14,164,2020,2184,585,366,440,1025,4368,4368,360,2020,2380,11116
5427,144,12,156,2067,2223,539,414,511,1050,4446,4446,342,2067,2409,11301
5428,144,9,153,2101,2254,481,410,501,982,4508,4508,322,2101,2423,11439
5429,165,11,176,2005,2181,599,391,480,1079,4362,4362,371,2005,2376,11100
5430,161,3,164,2031,2195,523,394,478,1001,4390,4390,334,2031,2365,11145
5431,155,11,166,2080,2246,561,399,484,1045,4492,4492,352,2080,2432,11416
5432,159,15,174,2042,2216,617,391,478,1095,4432,4432,384,2042,2426,11290
5433,159,15,174,2069,2243,630,364,441,1071,4486,4486,383,2069,2452,11424
5434,156,6,162,2039,2201,524,390,470,994,4402,4402,336,2039,2375,11179
5435,167,9,176,2000,2176,542,386,476,1018,4352,4352,372,2000,2372,11076
5436,148,7,155,2132,2287,546,384,470,1016,4574,4574,321,2132,2453,11601
5437,133,6,139,2000,2139,473,362,444,917,4278,4278,291,2000,2291,10847
5438,152,10,162,2013,2175,589,362,427,1016,4350,4350,355,2013,2368,11068
5439,148,10,158,2090,2248,537,407,487,1024,4496,4496,330,2090,2420,11412
5440,140,15,155,2085,2240,568,404,486,1054,4480,4480,347,2085,2432,11392
5441,162,20,182,2081,2263,666,369,453,1119,4526,4526,410,2081,2491,11543
5442,144,9,153,2062,2215,517,418,517,1034,4430,4430,322,2062,2384,11244
5443,155,7,162,2042,2204,519,374,451,970,4408,4408,338,2042,2380,11196
5444,163,12,175,2030,2205,584,404,499,1083,4410,4410,373,2030,2403,11223
5445,147,4,151,1991,2142,520,372,462,982,4284,4284,308,1991,2299,10867
5446,149,10,159,2030,2189,508,388,473,981,4378,4378,337,2030,2367,11123
5447,153,8,161,2055,2216,524,396,494,1018,4432,4432,335,2055,2390,11254
5448,167,8,175,1987,2162,597,345,428,1025,4324,4324,363,1987,2350,10998
5449,138,10,148,2040,2188,524,403,492,1016,4376,4376,317,2040,2357,11109
5450,123,9,132,2065,2197,452,395,476,928,4394,4394,280,2065,2345,11133
5451,158,13,171,2070,2241,613,402,499,1112,4482,4482,362,2070,2432,11396
5452,157,11,168,2086,2254,575,389,479,1054,4508,4508,364,2086,2450,11466
5453,144,8,152,1979,2131,508,407,480,988,4262,4262,321,1979,2300,10824
5454,157,11,168,1962,2130,553,381,466,1019,4260,4260,354,1962,2316,10836
5455,165,7,172,2114,2286,583,409,496,1079,4572,4572,357,2114,2471,11615
5456,161,9,170,2054,2224,553,373,449,1002,4448,4448,353,2054,2407,11303
5457,162,15,177,1985,2162,625,386,468,1093,4324,4324,383,1985,2368,11016
5458,126,18,144,2042,2186,493,389,468,961,4372,4372,325,2042,2367,11111
5459,153,12,165,2042,2207,577,363,443,1020,4414,4414,352,2042,2394,11222
5460,160,7,167,2044,2211,501,391,481,982,4422,4422,346,2044,2390,11234
5461,147,10,157,2092,2249,510,388,466,976,4498,4498,329,2092,2421,11417
5462,146,12,158,2002,2160,517,375,456,973,4320,4320,336,2002,2338,10978
5463,150,8,158,2025,2183,555,376,453,1008,4366,4366,337,2025,2362,11094
5464,147,12,159,1988,2147,541,378,458,999,4294,4294,340,1988,2328,10916
5465,154,9,163,2090,2253,578,392,472,1050,4506,4506,342,2090,2432,11444
5466,157,8,165,2042,2207,578,413,484,1062,4414,4414,350,2042,2392,11220
5467,136,7,143,1988,2131,464,377,474,938,4262,4262,298,1988,2286,10810
5468,158,11,169,1968,2137,589,372,439,1028,4274,4274,359,1968,2327,10875
5469,172,10,182,2056,2238,619,391,478,1097,4476,4476,385,2056,2441,11393
5470,132,13,145,2009,2154,552,374,441,993,4308,4308,316,2009,2325,10941
5471,160,12,172,2038,2210,572,396,484,1056,4420,4420,371,2038,2409,11249
5472,143,13,156,2045,2201,514,372,446,960,4402,4402,334,2045,2379,11183
5473,174,10,184,2064,2248,646,400,489,1135,4496,4496,391,2064,2455,11447
5474,155,8,163,1967,2130,529,381,460,989,4260,4260,339,1967,2306,10826
5475,159,9,168,2151,2319,584,386,471,1055,4638,4638,349,2151,2500,11776
5476,136,9,145,2063,2208,514,410,505,1019,4416,4416,316,2063,2379,11211
5477,152,6,158,1987,2145,495,358,438,933,4290,4290,328,1987,2315,10895
5478,153,7,160,2006,2166,535,361,430,965,4332,4332,336,2006,2342,11006
5479,159,10,169,2003,2172,593,394,477,1070,4344,4344,360,2003,2363,11051
5480,169,8,177,2006,2183,590,376,470,1060,4366,4366,370,2006,2376,11108
5481,161,10,171,2080,2251,570,396,484,1054,4502,4502,357,2080,2437,11441
5482,158,14,172,2010,2182,593,386,476,1069,4364,4364,370,2010,2380,11108
5483,132,9,141,1953,2094,467,346,412,879,4188,4188,302,1953,2255,10631
5484,160,15,175,1969,2144,610,353,417,1027,4288,4288,391,1969,2360,10936
5485,144,13,157,2045,2202,591,384,471,1062,4404,4404,339,2045,2384,11192
5486,140,10,150,2005,2155,560,387,476,1036,4310,4310,320,2005,2325,10945
5487,152,13,165,2032,2197,577,384,470,1047,4394,4394,359,2032,2391,11179
5488,149,16,165,1990,2155,575,411,493,1068,4310,4310,358,1990,2348,10968
5489,140,11,151,2031,2182,533,369,450,983,4364,4364,324,2031,2355,11083
5490,151,14,165,2021,2186,551,394,473,1024,4372,4372,358,2021,2379,11123
5491,144,11,155,1972,2127,516,377,460,976,4254,4254,332,1972,2304,10812
5492,162,12,174,2072,2246,639,399,481,1120,4492,4492,378,2072,2450,11434
5493,146,11,157,2112,2269,584,404,507,1091,4538,4538,336,2112,2448,11524
5494,157,8,165,2038,2203,544,404,505,1049,4406,4406,347,2038,2385,11197
5495,155,10,165,2018,2183,523,382,468,991,4366,4366,345,2018,2363,11095
5496,151,8,159,2081,2240,528,384,461,989,4480,4480,337,2081,2418,11378
5497,171,11,182,2026,2208,624,408,503,1127,4416,4416,382,2026,2408,11240
5498,166,16,182,2051,2233,641,390,477,1118,4466,4466,393,2051,2444,11376
5499,166,8,174,2064,2238,588,385,473,1061,4476,4476,370,2064,2434,11386
5500,155,6,161,2010,2171,534,384,456,990,4342,4342,335,2010,2345,11029
5501,155,7,162,2106,2268,540,416,508,1048,4536,4536,334,2106,2440,11512
5502,148,9,157,2014,2171,516,387,482,998,4342,4342,325,2014,2339,11023
5503,154,6,160,2024,2184,545,403,501,1046,4368,4368,332,2024,2356,11092
5504,158,8,166,1966,2132,570,374,471,1041,4264,4264,345,1966,2311,10839
5505,160,5,165,2021,2186,546,385,471,1017,4372,4372,337,2021,2358,11102
5506,153,12,165,2008,2173,550,384,495,1045,4346,4346,357,2008,2365,11057
5507,142,10,152,2074,2226,516,365,451,967,4452,4452,322,2074,2396,11300
5508,159,10,169,2038,2207,568,381,459,1027,4414,4414,362,2038,2400,11228
5509,177,9,186,2028,2214,633,351,434,1067,4428,4428,391,2028,2419,11275
5510,155,10,165,2091,2256,560,369,444,1004,4512,4512,344,2091,2435,11459
5511,145,13,158,2113,2271,487,420,508,995,4542,4542,342,2113,2455,11539
5512,150,8,158,2043,2201,543,397,483,1026,4402,4402,332,2043,2375,11179
5513,130,14,144,1985,2129,512,384,487,999,4258,4258,321,1985,2306,10822
5514,170,13,183,2108,2291,636,405,489,1125,4582,4582,391,2108,2499,11663
5515,142,14,156,1995,2151,533,390,475,1008,4302,4302,343,1995,2338,10942
5516,149,8,157,2109,2266,492,396,487,979,4532,4532,328,2109,2437,11501
5517,152,8,160,2017,2177,542,382,482,1024,4354,4354,332,2017,2349,11057
5518,139,9,148,2077,2225,487,392,480,967,4450,4450,308,2077,2385,11285
5519,145,11,156,2013,2169,509,368,460,969,4338,4338,336,2013,2349,11025
5520,136,13,149,2045,2194,530,386,468,998,4388,4388,325,2045,2370,11146
5521,139,8,147,2077,2224,503,416,506,1009,4448,4448,308,2077,2385,11281
5522,145,11,156,2030,2186,521,392,477,998,4372,4372,331,2030,2361,11105
5523,143,9,152,1975,2127,523,382,480,1003,4254,4254,324,1975,2299,10807
5524,167,13,180,2046,2226,618,399,475,1093,4452,4452,389,2046,2435,11339
5525,134,3,137,2106,2243,425,422,503,928,4486,4486,282,2106,2388,11360
5526,155,13,168,2120,2288,563,421,518,1081,4576,4576,370,2120,2490,11642
5527,131,9,140,2063,2203,492,394,495,987,4406,4406,301,2063,2364,11176
5528,156,11,167,2015,2182,566,381,454,1020,4364,4364,356,2015,2371,11099
5529,157,6,163,1952,2115,519,381,468,987,4230,4230,336,1952,2288,10748
5530,145,9,154,2091,2245,514,386,467,981,4490,4490,329,2091,2420,11400
5531,141,10,151,2009,2160,519,405,500,1019,4320,4320,317,2009,2326,10966
5532,136,10,146,2093,2239,468,391,479,947,4478,4478,313,2093,2406,11362
5533,147,11,158,1999,2157,555,374,467,1022,4314,4314,347,1999,2346,10974
5534,143,10,153,2007,2160,525,371,460,985,4320,4320,321,2007,2328,10968
5535,152,10,162,1965,2127,576,380,453,1029,4254,4254,347,1965,2312,10820
5536,144,12,156,2063,2219,574,393,479,1053,4438,4438,331,2063,2394,11270
5537,150,15,165,2020,2185,586,375,445,1031,4370,4370,369,2020,2389,11129
5538,150,14,164,1975,2139,533,357,440,973,4278,4278,356,1975,2331,10887
5539,150,15,165,2024,2189,581,378,465,1046,4378,4378,360,2024,2384,11140
5540,150,9,159,2047,2206,529,382,454,983,4412,4412,338,2047,2385,11209
5541,145,9,154,1996,2150,516,339,411,927,4300,4300,319,1996,2315,10915
5542,156,12,168,2049,2217,565,377,451,1016,4434,4434,360,2049,2409,11277
5543,126,12,138,2045,2183,481,398,476,957,4366,4366,299,2045,2344,11076
5544,138,14,152,2024,2176,522,397,480,1002,4352,4352,335,2024,2359,11063
5545,167,9,176,1969,2145,599,370,446,1045,4290,4290,375,1969,2344,10924
5546,174,8,182,2055,2237,570,395,480,1050,4474,4474,379,2055,2434,11382
5547,174,10,184,2072,2256,572,379,460,1032,4512,4512,381,2072,2453,11477
5548,132,9,141,2004,2145,481,361,444,925,4290,4290,303,2004,2307,10887
5549,140,7,147,1993,2140,494,384,462,956,4280,4280,307,1993,2300,10860
5550,144,14,158,2026,2184,516,402,497,1013,4368,4368,341,2026,2367,11103
5551,126,10,136,2080,2216,490,374,467,957,4432,4432,293,2080,2373,11237
5552,156,6,162,2005,2167,509,398,489,998,4334,4334,339,2005,2344,11012
5553,150,5,155,2045,2200,500,377,442,942,4400,4400,319,2045,2364,11164
5554,153,6,159,2014,2173,546,407,500,1046,4346,4346,328,2014,2342,11034
5555,136,12,148,2028,2176,497,373,461,958,4352,4352,321,2028,2349,11053
5556,187,6,193,2009,2202,653,387,481,1134,4404,4404,399,2009,2408,11216
5557,170,11,181,2071,2252,611,390,465,1076,4504,4504,388,2071,2459,11467
5558,145,8,153,2024,2177,525,362,451,976,4354,4354,325,2024,2349,11057
5559,159,9,168,2024,2192,603,379,465,1068,4384,4384,357,2024,2381,11149
5560,148,6,154,2018,2172,519,387,457,976,4344,4344,320,2018,2338,11026
5561,142,10,152,2025,2177,506,407,505,1011,4354,4354,327,2025,2352,11060
5562,160,3,163,2004,2167,527,372,475,1002,4334,4334,332,2004,2336,11004
5563,157,7,164,2072,2236,519,402,492,1011,4472,4472,338,2072,2410,11354
5564,156,14,170,1969,2139,594,381,445,1039,4278,4278,370,1969,2339,10895
5565,173,13,186,2055,2241,642,378,462,1104,4482,4482,396,2055,2451,11415
5566,167,7,174,2145,2319,562,441,548,1110,4638,4638,362,2145,2507,11783
5567,152,5,157,2007,2164,551,378,467,1018,4328,4328,321,2007,2328,10984
5568,136,6,142,2068,2210,448,354,425,873,4420,4420,299,2068,2367,11207
5569,163,10,173,1922,2095,580,376,450,1030,4190,4190,367,1922,2289,10669
5570,181,10,191,2009,2200,690,354,419,1109,4400,4400,401,2009,2410,11210
5571,145,10,155,1993,2148,542,375,457,999,4296,4296,330,1993,2323,10915
5572,145,14,159,2029,2188,561,384,479,1040,4376,4376,347,2029,2376,11128
5573,158,13,171,2142,2313,587,387,485,1072,4626,4626,362,2142,2504,11756
5574,148,9,157,2040,2197,528,398,484,1012,4394,4394,331,2040,2371,11159
5575,145,7,152,2098,2250,500,375,444,944,4500,4500,317,2098,2415,11415
5576,153,13,166,1994,2160,542,378,454,996,4320,4320,352,1994,2346,10986
5577,188,14,202,2080,2282,702,393,475,1177,4564,4564,428,2080,2508,11636
5578,174,10,184,2002,2186,611,375,456,1067,4372,4372,384,2002,2386,11130
5579,148,10,158,2071,2229,562,373,445,1007,4458,4458,333,2071,2404,11320
5580,153,12,165,2073,2238,550,394,472,1022,4476,4476,355,2073,2428,11380
5581,154,9,163,2037,2200,544,382,477,1021,4400,4400,343,2037,2380,11180
5582,167,10,177,2054,2231,572,418,508,1080,4462,4462,379,2054,2433,11357
5583,167,11,178,2049,2227,618,430,513,1131,4454,4454,386,2049,2435,11343
5584,169,14,183,2060,2243,596,397,472,1068,4486,4486,390,2060,2450,11422
5585,157,7,164,2013,2177,537,390,472,1009,4354,4354,345,2013,2358,11066
5586,155,11,166,2083,2249,556,391,485,1041,4498,4498,355,2083,2438,11434
5587,140,12,152,2058,2210,552,396,485,1037,4420,4420,329,2058,2387,11227
5588,150,11,161,2051,2212,544,371,446,990,4424,4424,341,2051,2392,11240
5589,150,7,157,2036,2193,523,364,454,977,4386,4386,327,2036,2363,11135
5590,142,6,148,2014,2162,487,387,476,963,4324,4324,307,2014,2321,10969
5591,153,7,160,2067,2227,529,377,459,988,4454,4454,331,2067,2398,11306
5592,142,18,160,1968,2128,599,372,457,1056,4256,4256,362,1968,2330,10842
5593,158,8,166,2215,2381,561,428,524,1085,4762,4762,351,2215,2566,12090
5594,156,9,165,2032,2197,536,365,436,972,4394,4394,345,2032,2377,11165
5595,161,8,169,2023,2192,592,352,422,1014,4384,4384,354,2023,2377,11145
5596,158,12,170,2022,2192,540,372,449,989,4384,4384,357,2022,2379,11147
5597,160,2,162,1973,2135,509,397,493,1002,4270,4270,327,1973,2300,10840
5598,165,9,174,2085,2259,600,402,485,1085,4518,4518,369,2085,2454,11490
5599,152,10,162,2015,2177,538,400,487,1025,4354,4354,343,2015,2358,11066
5600,155,8,163,2036,2199,572,412,501,1073,4398,4398,343,2036,2379,11175
5601,139,14,153,1962,2115,490,398,487,977,4230,4230,333,1962,2295,10755
5602,171,17,188,1974,2162,629,370,452,1081,4324,4324,406,1974,2380,11028
5603,155,6,161,2003,2164,504,362,431,935,4328,4328,336,2003,2339,10995
5604,143,13,156,2123,2279,529,428,526,1055,4558,4558,333,2123,2456,11572
5605,151,16,167,2061,2228,614,400,490,1104,4456,4456,365,2061,2426,11338
5606,180,9,189,2081,2270,644,418,515,1159,4540,4540,388,2081,2469,11549
5607,154,15,169,1971,2140,565,363,434,999,4280,4280,366,1971,2337,10897
5608,162,12,174,1922,2096,579,368,446,1025,4192,4192,367,1922,2289,10673
5609,160,6,166,2028,2194,575,389,473,1048,4388,4388,343,2028,2371,11147
5610,147,11,158,2037,2195,507,398,489,996,4390,4390,336,2037,2373,11153
5611,150,6,156,2066,2222,507,400,493,1000,4444,4444,322,2066,2388,11276
5612,122,6,128,2028,2156,453,403,493,946,4312,4312,273,2028,2301,10925
5613,142,7,149,2039,2188,490,363,446,936,4376,4376,313,2039,2352,11104
5614,149,12,161,2049,2210,536,372,447,983,4420,4420,346,2049,2395,11235
5615,139,8,147,1968,2115,509,405,495,1004,4230,4230,316,1968,2284,10744
5616,147,7,154,2009,2163,516,388,464,980,4326,4326,322,2009,2331,10983
5617,178,12,190,2061,2251,656,412,494,1150,4502,4502,403,2061,2464,11468
5618,156,7,163,2003,2166,551,383,470,1021,4332,4332,347,2003,2350,11014
5619,148,7,155,1979,2134,521,369,448,969,4268,4268,324,1979,2303,10839
5620,168,5,173,2036,2209,534,362,432,966,4418,4418,354,2036,2390,11226
5621,139,15,154,2042,2196,576,375,459,1035,4392,4392,336,2042,2378,11162
5622,174,6,180,2046,2226,621,395,462,1083,4452,4452,378,2046,2424,11328
5623,155,9,164,2054,2218,574,384,464,1038,4436,4436,347,2054,2401,11273
5624,152,11,163,2046,2209,550,384,474,1024,4418,4418,342,2046,2388,11224
5625,141,9,150,2097,2247,505,418,512,1017,4494,4494,320,2097,2417,11405
5626,157,15,172,2030,2202,557,413,495,1052,4404,4404,377,2030,2407,11215
5627,142,16,158,2044,2202,547,399,492,1039,4404,4404,347,2044,2391,11199
5628,143,9,152,2010,2162,517,394,478,995,4324,4324,318,2010,2328,10976
5629,167,7,174,2015,2189,567,429,544,1111,4378,4378,365,2015,2380,11136
5630,148,17,165,2088,2253,545,417,512,1057,4506,4506,359,2088,2447,11459
5631,142,11,153,2004,2157,525,373,457,982,4314,4314,330,2004,2334,10962
5632,151,15,166,2046,2212,616,392,494,1110,4424,4424,363,2046,2409,11257
5633,132,6,138,1967,2105,492,378,460,952,4210,4210,287,1967,2254,10674
5634,152,6,158,2117,2275,531,424,520,1051,4550,4550,332,2117,2449,11549
5635,151,8,159,2011,2170,497,415,490,987,4340,4340,330,2011,2341,11021
5636,150,7,157,2054,2211,492,347,414,906,4422,4422,326,2054,2380,11224
5637,144,9,153,2011,2164,538,364,434,972,4328,4328,323,2011,2334,10990
5638,154,11,165,2031,2196,575,359,446,1021,4392,4392,348,2031,2379,11163
5639,160,8,168,1951,2119,580,374,464,1044,4238,4238,348,1951,2299,10775
5640,180,5,185,2032,2217,586,393,487,1073,4434,4434,379,2032,2411,11279
5641,165,11,176,2041,2217,617,393,478,1095,4434,4434,375,2041,2416,11284
5642,139,12,151,2044,2195,541,382,470,1011,4390,4390,331,2044,2375,11155
5643,143,10,153,2170,2323,498,392,483,981,4646,4646,323,2170,2493,11785
5644,146,15,161,2023,2184,546,402,489,1035,4368,4368,355,2023,2378,11114
5645,148,16,164,2079,2243,573,389,485,1058,4486,4486,355,2079,2434,11406
5646,158,11,169,2039,2208,588,363,438,1026,4416,4416,357,2039,2396,11228
5647,140,15,155,1951,2106,549,359,440,989,4212,4212,336,1951,2287,10711
5648,142,12,154,2033,2187,549,370,439,988,4374,4374,329,2033,2362,11110
5649,163,4,167,1999,2166,544,387,471,1015,4332,4332,343,1999,2342,11006
5650,149,13,162,2083,2245,567,408,492,1059,4490,4490,345,2083,2428,11408
5651,157,12,169,2095,2264,601,391,490,1091,4528,4528,365,2095,2460,11516
5652,146,11,157,2034,2191,497,403,486,983,4382,4382,339,2034,2373,11137
5653,174,13,187,1966,2153,643,373,460,1103,4306,4306,398,1966,2364,10976
5654,166,18,184,2026,2210,640,401,502,1142,4420,4420,403,2026,2429,11269
5655,157,9,166,2096,2262,606,405,484,1090,4524,4524,354,2096,2450,11498
5656,128,7,135,2019,2154,461,352,430,891,4308,4308,284,2019,2303,10919
5657,172,12,184,2063,2247,623,353,427,1050,4494,4494,385,2063,2448,11436
5658,141,7,148,2008,2156,484,378,458,942,4312,4312,306,2008,2314,10938
5659,147,11,158,2054,2212,563,363,433,996,4424,4424,338,2054,2392,11240
5660,171,11,182,1989,2171,633,348,430,1063,4342,4342,391,1989,2380,11064
5661,131,12,143,2069,2212,500,390,460,960,4424,4424,301,2069,2370,11218
5662,143,24,167,2016,2183,614,347,432,1046,4366,4366,372,2016,2388,11120
5663,173,8,181,2120,2301,608,449,544,1152,4602,4602,380,2120,2500,11704
5664,169,12,181,2017,2198,584,409,509,1093,4396,4396,383,2017,2400,11192
5665,121,8,129,2006,2135,442,374,455,897,4270,4270,269,2006,2275,10815
5666,162,12,174,2058,2232,634,416,514,1148,4464,4464,379,2058,2437,11365
5667,141,13,154,2032,2186,542,416,508,1050,4372,4372,333,2032,2365,11109
5668,160,11,171,2057,2228,610,358,440,1050,4456,4456,365,2057,2422,11334
5669,179,10,189,1971,2160,629,364,431,1060,4320,4320,397,1971,2368,11008
5670,151,8,159,2006,2165,575,382,472,1047,4330,4330,337,2006,2343,11003
5671,142,9,151,2117,2268,522,417,511,1033,4536,4536,326,2117,2443,11515
5672,171,9,180,2085,2265,630,352,433,1063,4530,4530,381,2085,2466,11526
5673,168,15,183,2060,2243,597,380,458,1055,4486,4486,404,2060,2464,11436
5674,179,9,188,1982,2170,589,368,454,1043,4340,4340,391,1982,2373,11053
5675,146,9,155,2033,2188,513,370,454,967,4376,4376,324,2033,2357,11109
5676,172,5,177,2027,2204,582,399,472,1054,4408,4408,364,2027,2391,11207
5677,157,7,164,2018,2182,551,401,497,1048,4364,4364,342,2018,2360,11088
5678,139,16,155,2093,2248,561,408,483,1044,4496,4496,341,2093,2434,11426
5679,170,12,182,1964,2146,601,372,449,1050,4292,4292,385,1964,2349,10933
5680,153,6,159,1993,2152,514,397,482,996,4304,4304,330,1993,2323,10931
5681,160,8,168,2066,2234,576,362,439,1015,4468,4468,354,2066,2420,11356
5682,157,6,163,1973,2136,582,389,477,1059,4272,4272,341,1973,2314,10858
5683,124,13,137,2069,2206,473,384,459,932,4412,4412,298,2069,2367,11191
5684,150,9,159,2096,2255,508,377,466,974,4510,4510,335,2096,2431,11451
5685,163,13,176,2143,2319,604,418,513,1117,4638,4638,374,2143,2517,11793
5686,148,9,157,2060,2217,572,383,473,1045,4434,4434,334,2060,2394,11262
5687,134,6,140,2092,2232,464,404,499,963,4464,4464,293,2092,2385,11313
5688,162,8,170,2111,2281,585,405,490,1075,4562,4562,355,2111,2466,11590
5689,145,9,154,1963,2117,544,370,454,998,4234,4234,326,1963,2289,10757
5690,150,11,161,2024,2185,538,413,511,1049,4370,4370,343,2024,2367,11107
5691,168,9,177,2106,2283,600,382,454,1054,4566,4566,373,2106,2479,11611
5692,141,8,149,2022,2171,503,412,516,1019,4342,4342,314,2022,2336,11020
5693,146,6,152,2051,2203,493,374,465,958,4406,4406,314,2051,2365,11177
5694,134,11,145,2066,2211,520,388,475,995,4422,4422,316,2066,2382,11226
5695,148,13,161,2019,2180,555,395,473,1028,4360,4360,340,2019,2359,11079
5696,166,13,179,2062,2241,578,426,514,1092,4482,4482,383,2062,2445,11409
5697,145,9,154,2034,2188,519,391,468,987,4376,4376,325,2034,2359,11111
5698,156,15,171,2121,2292,618,418,506,1124,4584,4584,374,2121,2495,11663
5699,145,10,155,2058,2213,531,409,507,1038,4426,4426,330,2058,2388,11240
5700,151,8,159,2059,2218,552,392,466,1018,4436,4436,341,2059,2400,11272
5701,161,11,172,2080,2252,582,382,459,1041,4504,4504,364,2080,2444,11452
5702,158,11,169,2076,2245,569,364,444,1013,4490,4490,358,2076,2434,11414
5703,134,11,145,2083,2228,519,419,519,1038,4456,4456,307,2083,2390,11302
5704,172,16,188,2079,2267,629,413,521,1150,4534,4534,404,2079,2483,11551
5705,142,10,152,1932,2084,504,369,446,950,4168,4168,325,1932,2257,10593
5706,161,9,170,2110,2280,610,377,462,1072,4560,4560,360,2110,2470,11590
5707,165,13,178,2039,2217,625,396,486,1111,4434,4434,386,2039,2425,11293
5708,151,13,164,2026,2190,551,392,472,1023,4380,4380,356,2026,2382,11142
5709,152,10,162,2087,2249,560,407,491,1051,4498,4498,346,2087,2433,11429
5710,173,15,188,2040,2228,673,379,477,1150,4456,4456,414,2040,2454,11366
5711,163,12,175,2044,2219,602,389,473,1075,4438,4438,374,2044,2418,11294
5712,181,12,193,2091,2284,663,396,500,1163,4568,4568,410,2091,2501,11637
5713,130,6,136,1991,2127,462,382,453,915,4254,4254,282,1991,2273,10781
5714,140,9,149,2004,2153,512,358,446,958,4306,4306,319,2004,2323,10935
5715,156,8,164,2089,2253,572,382,473,1045,4506,4506,344,2089,2433,11445
5716,147,12,159,2051,2210,570,388,473,1043,4420,4420,341,2051,2392,11232
5717,147,7,154,1991,2145,478,380,462,940,4290,4290,318,1991,2309,10889
5718,167,12,179,2081,2260,577,377,464,1041,4520,4520,383,2081,2464,11504
5719,150,8,158,2070,2228,538,404,488,1026,4456,4456,333,2070,2403,11315
5720,162,19,181,2103,2284,667,392,477,1144,4568,4568,403,2103,2506,11642
5721,168,10,178,2018,2196,579,375,475,1054,4392,4392,371,2018,2389,11173
5722,167,8,175,1939,2114,609,352,431,1040,4228,4228,373,1939,2312,10768
5723,156,12,168,2088,2256,582,400,492,1074,4512,4512,361,2088,2449,11473
5724,159,11,170,2004,2174,535,398,496,1031,4348,4348,358,2004,2362,11058
5725,135,13,148,2035,2183,489,396,481,970,4366,4366,325,2035,2360,11092
5726,151,14,165,2027,2192,587,359,444,1031,4384,4384,361,2027,2388,11156
5727,168,13,181,2021,2202,600,394,474,1074,4404,4404,383,2021,2404,11212
5728,162,6,168,2013,2181,511,405,513,1024,4362,4362,350,2013,2363,11087
5729,147,7,154,2042,2196,519,374,447,966,4392,4392,321,2042,2363,11147
5730,183,9,192,2017,2209,620,401,485,1105,4418,4418,406,2017,2423,11259
5731,150,12,162,1953,2115,591,354,427,1018,4230,4230,347,1953,2300,10760
5732,161,16,177,2047,2224,601,384,483,1084,4448,4448,388,2047,2435,11331
5733,149,11,160,1974,2134,536,382,474,1010,4268,4268,341,1974,2315,10851
5734,138,4,142,2019,2161,442,353,432,874,4322,4322,291,2019,2310,10954
5735,146,12,158,2048,2206,547,385,460,1007,4412,4412,336,2048,2384,11208
5736,143,8,151,2132,2283,501,391,484,985,4566,4566,317,2132,2449,11581
5737,188,10,198,2049,2247,670,388,477,1147,4494,4494,415,2049,2464,11452
5738,160,12,172,2046,2218,579,409,484,1063,4436,4436,360,2046,2406,11278
5739,169,16,185,1973,2158,640,361,442,1082,4316,4316,400,1973,2373,11005
5740,142,14,156,2076,2232,571,393,480,1051,4464,4464,341,2076,2417,11345
5741,158,9,167,2030,2197,520,385,477,997,4394,4394,349,2030,2379,11167
5742,134,17,151,2022,2173,554,376,465,1019,4346,4346,334,2022,2356,11048
5743,153,9,162,1955,2117,574,360,442,1016,4234,4234,346,1955,2301,10769
5744,159,8,167,2051,2218,571,413,506,1077,4436,4436,353,2051,2404,11276
5745,149,18,167,2017,2184,657,380,466,1123,4368,4368,370,2017,2387,11123
5746,171,6,177,2043,2220,580,383,489,1069,4440,4440,365,2043,2408,11288
5747,140,13,153,2053,2206,554,386,469,1023,4412,4412,336,2053,2389,11213
5748,168,11,179,2009,2188,594,343,412,1006,4376,4376,380,2009,2389,11141
5749,152,9,161,1964,2125,541,366,453,994,4250,4250,337,1964,2301,10801
5750,149,6,155,2092,2247,498,385,466,964,4494,4494,322,2092,2414,11402
5751,152,5,157,2016,2173,519,394,478,997,4346,4346,325,2016,2341,11033
5752,159,9,168,1942,2110,564,379,454,1018,4220,4220,350,1942,2292,10732
5753,146,6,152,2080,2232,506,389,476,982,4464,4464,315,2080,2395,11323
5754,153,12,165,2129,2294,573,431,526,1099,4588,4588,348,2129,2477,11653
5755,158,7,165,2027,2192,511,352,426,937,4384,4384,341,2027,2368,11136
5756,139,8,147,1970,2117,451,393,469,920,4234,4234,307,1970,2277,10745
5757,175,8,183,1976,2159,618,384,461,1079,4318,4318,382,1976,2358,10994
5758,162,9,171,2037,2208,610,361,440,1050,4416,4416,355,2037,2392,11224
5759,156,11,167,2009,2176,540,379,451,991,4352,4352,353,2009,2362,11066
5760,138,9,147,1992,2139,509,373,460,969,4278,4278,312,1992,2304,10860
5761,156,15,171,2045,2216,571,350,419,990,4432,4432,374,2045,2419,11283
5762,146,10,156,2023,2179,484,392,495,979,4358,4358,326,2023,2349,11065
5763,129,14,143,2090,2233,488,412,510,998,4466,4466,310,2090,2400,11332
5764,145,11,156,1933,2089,543,387,466,1009,4178,4178,335,1933,2268,10624
5765,145,15,160,1993,2153,562,396,469,1031,4306,4306,349,1993,2342,10954
5766,159,7,166,2032,2198,556,380,469,1025,4396,4396,343,2032,2375,11167
5767,151,8,159,1978,2137,503,343,411,914,4274,4274,331,1978,2309,10857
5768,149,6,155,2171,2326,510,405,496,1006,4652,4652,326,2171,2497,11801
5769,145,9,154,2008,2162,482,360,435,917,4324,4324,323,2008,2331,10979
5770,159,11,170,1960,2130,554,388,468,1022,4260,4260,364,1960,2324,10844
5771,150,17,167,2030,2197,597,394,470,1067,4394,4394,364,2030,2394,11182
5772,153,7,160,2067,2227,541,387,464,1005,4454,4454,336,2067,2403,11311
5773,141,13,154,2032,2186,543,400,495,1038,4372,4372,327,2032,2359,11103
5774,155,14,169,2028,2197,620,376,452,1072,4394,4394,371,2028,2399,11187
5775,168,11,179,2042,2221,635,373,457,1092,4442,4442,381,2042,2423,11307
5776,160,15,175,2056,2231,612,416,517,1129,4462,4462,374,2056,2430,11354
5777,151,9,160,2035,2195,570,410,508,1078,4390,4390,342,2035,2377,11157
5778,142,6,148,2127,2275,518,399,486,1004,4550,4550,314,2127,2441,11541
5779,157,9,166,2044,2210,572,388,469,1041,4420,4420,356,2044,2400,11240
5780,153,4,157,1978,2135,491,394,487,978,4270,4270,320,1978,2298,10838
5781,147,11,158,2019,2177,582,408,512,1094,4354,4354,344,2019,2363,11071
5782,133,11,144,2004,2148,488,393,495,983,4296,4296,304,2004,2308,10900
5783,139,12,151,2040,2191,527,364,426,953,4382,4382,328,2040,2368,11132
5784,148,14,162,2132,2294,589,396,471,1060,4588,4588,351,2132,2483,11659
5785,181,8,189,2050,2239,621,389,478,1099,4478,4478,397,2050,2447,11403
5786,155,8,163,2000,2163,561,382,472,1033,4326,4326,340,2000,2340,10992
5787,134,9,143,2084,2227,472,439,536,1008,4454,4454,303,2084,2387,11295
5788,152,6,158,1994,2152,510,354,430,940,4304,4304,331,1994,2325,10933
5789,166,10,176,2055,2231,565,391,482,1047,4462,4462,371,2055,2426,11350
5790,152,10,162,2103,2265,521,412,518,1039,4530,4530,350,2103,2453,11513
5791,148,11,159,2015,2174,562,368,441,1003,4348,4348,336,2015,2351,11047
5792,157,9,166,2013,2179,551,383,460,1011,4358,4358,347,2013,2360,11076
5793,152,11,163,2068,2231,537,397,477,1014,4462,4462,348,2068,2416,11340
5794,170,11,181,1973,2154,601,370,449,1050,4308,4308,383,1973,2356,10972
5795,186,12,198,1978,2176,643,362,449,1092,4352,4352,417,1978,2395,11099
5796,164,9,173,2056,2229,612,388,464,1076,4458,4458,364,2056,2420,11336
5797,138,14,152,1988,2140,508,379,467,975,4280,4280,331,1988,2319,10879
5798,171,12,183,2013,2196,614,374,449,1063,4392,4392,388,2013,2401,11185
5799,135,12,147,2026,2173,490,386,466,956,4346,4346,319,2026,2345,11037
5800,149,11,160,2018,2178,570,365,440,1010,4356,4356,337,2018,2355,11067
5801,154,8,162,2064,2226,527,375,449,976,4452,4452,340,2064,2404,11308
5802,167,15,182,2087,2269,637,419,527,1164,4538,4538,389,2087,2476,11552
5803,151,11,162,2040,2202,563,374,455,1018,4404,4404,343,2040,2383,11191
5804,146,13,159,2035,2194,526,401,485,1011,4388,4388,346,2035,2381,11157
5805,129,15,144,2010,2154,515,421,520,1035,4308,4308,316,2010,2326,10942
5806,167,7,174,2004,2178,578,407,489,1067,4356,4356,358,2004,2362,11074
5807,151,9,160,1998,2158,520,370,447,967,4316,4316,335,1998,2333,10965
5808,141,9,150,2035,2185,501,383,464,965,4370,4370,317,2035,2352,11092
5809,150,10,160,1965,2125,568,370,455,1023,4250,4250,337,1965,2302,10802
5810,131,13,144,2033,2177,497,403,494,991,4354,4354,319,2033,2352,11060
5811,167,14,181,2002,2183,635,386,474,1109,4366,4366,386,2002,2388,11120
5812,179,17,196,2051,2247,683,366,456,1139,4494,4494,423,2051,2474,11462
5813,145,12,157,2033,2190,553,405,501,1054,4380,4380,335,2033,2368,11128
5814,148,10,158,1948,2106,548,361,442,990,4212,4212,336,1948,2284,10708
5815,152,9,161,2074,2235,502,384,477,979,4470,4470,338,2074,2412,11352
5816,125,10,135,1977,2112,471,382,461,932,4224,4224,294,1977,2271,10719
5817,148,18,166,2045,2211,604,383,467,1071,4422,4422,378,2045,2423,11267
5818,156,10,166,2071,2237,538,421,510,1048,4474,4474,350,2071,2421,11369
5819,152,7,159,2026,2185,534,378,474,1008,4370,4370,332,2026,2358,11098
5820,129,14,143,2094,2237,476,397,479,955,4474,4474,306,2094,2400,11348
5821,133,9,142,2007,2149,462,374,452,914,4298,4298,299,2007,2306,10902
5822,147,8,155,2048,2203,525,394,479,1004,4406,4406,323,2048,2371,11183
5823,157,10,167,2023,2190,574,396,473,1047,4380,4380,356,2023,2379,11139
5824,170,7,177,2077,2254,604,372,455,1059,4508,4508,368,2077,2445,11461
5825,164,10,174,2001,2175,587,382,481,1068,4350,4350,365,2001,2366,11066
5826,165,5,170,2058,2228,560,376,454,1014,4456,4456,348,2058,2406,11318
5827,155,10,165,2155,2320,601,370,441,1042,4640,4640,347,2155,2502,11782
5828,143,4,147,1933,2080,489,342,418,907,4160,4160,304,1933,2237,10557
5829,142,10,152,1989,2141,507,382,460,967,4282,4282,317,1989,2306,10870
5830,182,8,190,2009,2199,670,413,515,1185,4398,4398,393,2009,2402,11198
5831,163,10,173,1911,2084,638,380,451,1089,4168,4168,369,1911,2280,10616
5832,168,11,179,2080,2259,647,402,494,1141,4518,4518,383,2080,2463,11499
5833,143,9,152,2050,2202,484,409,500,984,4404,4404,318,2050,2368,11176
5834,133,8,141,2093,2234,498,399,486,984,4468,4468,298,2093,2391,11327
5835,163,13,176,2113,2289,588,410,520,1108,4578,4578,377,2113,2490,11646
5836,157,10,167,2037,2204,606,414,500,1106,4408,4408,363,2037,2400,11216
5837,166,9,175,2024,2199,615,373,449,1064,4398,4398,375,2024,2399,11195
5838,144,11,155,2052,2207,543,402,486,1029,4414,4414,333,2052,2385,11213
5839,142,9,151,2044,2195,499,388,463,962,4390,4390,321,2044,2365,11145
5840,149,14,163,2027,2190,593,382,457,1050,4380,4380,355,2027,2382,11142
5841,162,21,183,2070,2253,654,415,510,1164,4506,4506,409,2070,2479,11491
5842,147,13,160,2100,2260,557,375,452,1009,4520,4520,351,2100,2451,11491
5843,143,8,151,2112,2263,510,400,489,999,4526,4526,317,2112,2429,11481
5844,183,10,193,1909,2102,616,359,459,1075,4204,4204,401,1909,2310,10718
5845,160,16,176,2053,2229,622,400,490,1112,4458,4458,382,2053,2435,11351
5846,153,16,169,1959,2128,580,363,438,1018,4256,4256,366,1959,2325,10837
5847,125,12,137,2011,2148,485,371,456,941,4296,4296,299,2011,2310,10902
5848,162,14,176,2047,2223,586,374,449,1035,4446,4446,380,2047,2427,11319
5849,166,9,175,1996,2171,617,380,462,1079,4342,4342,369,1996,2365,11049
5850,132,8,140,2023,2163,441,399,476,917,4326,4326,293,2023,2316,10968
5851,155,7,162,2054,2216,550,383,451,1001,4432,4432,339,2054,2393,11257
5852,139,9,148,1993,2141,505,389,476,981,4282,4282,314,1993,2307,10871
5853,151,8,159,2033,2192,515,361,444,959,4384,4384,333,2033,2366,11134
5854,161,7,168,1967,2135,537,398,491,1028,4270,4270,347,1967,2314,10854
5855,137,16,153,2027,2180,542,394,473,1015,4360,4360,333,2027,2360,11080
5856,150,7,157,1930,2087,530,364,435,965,4174,4174,325,1930,2255,10603
5857,163,10,173,2087,2260,574,412,502,1076,4520,4520,367,2087,2454,11494
5858,142,4,146,2015,2161,478,391,489,967,4322,4322,298,2015,2313,10957
5859,166,12,178,2091,2269,597,403,506,1103,4538,4538,379,2091,2470,11546
5860,149,6,155,2115,2270,484,414,513,997,4540,4540,317,2115,2432,11512
5861,148,18,166,2067,2233,590,386,468,1058,4466,4466,362,2067,2429,11361
5862,152,11,163,2023,2186,556,389,466,1022,4372,4372,346,2023,2369,11113
5863,157,5,162,2109,2271,561,408,484,1045,4542,4542,337,2109,2446,11530
5864,152,8,160,2087,2247,550,368,451,1001,4494,4494,337,2087,2424,11412
5865,151,14,165,2037,2202,593,371,464,1057,4404,4404,358,2037,2395,11203
5866,150,9,159,2056,2215,518,387,481,999,4430,4430,337,2056,2393,11253
5867,160,6,166,2059,2225,550,396,485,1035,4450,4450,345,2059,2404,11304
5868,151,7,158,2055,2213,511,382,465,976,4426,4426,329,2055,2384,11236
5869,151,8,159,2143,2302,521,436,527,1048,4604,4604,335,2143,2478,11686
5870,163,17,180,2026,2206,633,398,492,1125,4412,4412,392,2026,2418,11242
5871,150,11,161,2124,2285,542,401,510,1052,4570,4570,338,2124,2462,11602
5872,144,4,148,2047,2195,489,360,451,940,4390,4390,301,2047,2348,11128
5873,145,6,151,2022,2173,503,396,487,990,4346,4346,317,2022,2339,11031
5874,141,16,157,2105,2262,555,369,450,1005,4524,4524,341,2105,2446,11494
5875,157,12,169,2026,2195,569,392,485,1054,4390,4390,367,2026,2393,11173
5876,174,6,180,2031,2211,588,381,474,1062,4422,4422,373,2031,2404,11248
5877,182,5,187,2051,2238,602,364,444,1046,4476,4476,383,2051,2434,11386
5878,156,12,168,2025,2193,553,407,512,1065,4386,4386,355,2025,2380,11152
5879,157,14,171,1992,2163,610,379,481,1091,4326,4326,371,1992,2363,11015
5880,160,9,169,2134,2303,572,443,543,1115,4606,4606,353,2134,2487,11699
5881,167,11,178,2095,2273,623,386,483,1106,4546,4546,378,2095,2473,11565
5882,141,9,150,2019,2169,508,408,497,1005,4338,4338,323,2019,2342,11018
5883,145,6,151,2057,2208,518,396,481,999,4416,4416,316,2057,2373,11205
5884,165,10,175,2037,2212,590,390,477,1067,4424,4424,368,2037,2405,11253
5885,134,11,145,1976,2121,528,398,475,1003,4242,4242,316,1976,2292,10776
5886,151,12,163,2071,2234,582,386,482,1064,4468,4468,348,2071,2419,11355
5887,167,10,177,2030,2207,591,384,462,1053,4414,4414,373,2030,2403,11231
5888,150,9,159,2089,2248,537,381,467,1004,4496,4496,335,2089,2424,11416
5889,160,10,170,1955,2125,550,360,440,990,4250,4250,354,1955,2309,10809
5890,165,11,176,1982,2158,589,384,460,1049,4316,4316,377,1982,2359,10991
5891,144,6,150,1978,2128,487,388,458,945,4256,4256,317,1978,2295,10807
5892,163,7,170,2033,2203,549,364,456,1005,4406,4406,353,2033,2386,11198
5893,160,11,171,2015,2186,557,371,451,1008,4372,4372,365,2015,2380,11124
5894,143,8,151,2061,2212,514,398,491,1005,4424,4424,316,2061,2377,11225
5895,147,14,161,2038,2199,577,391,480,1057,4398,4398,347,2038,2385,11181
5896,142,11,153,2048,2201,544,420,515,1059,4402,4402,328,2048,2376,11180
5897,151,6,157,2163,2320,515,425,526,1041,4640,4640,325,2163,2488,11768
5898,162,11,173,2069,2242,550,342,427,977,4484,4484,363,2069,2432,11400
5899,175,10,185,1983,2168,652,359,436,1088,4336,4336,394,1983,2377,11049
5900,151,14,165,2054,2219,572,380,469,1041,4438,4438,354,2054,2408,11284
5901,158,11,169,1954,2123,569,396,484,1053,4246,4246,365,1954,2319,10811
5902,152,8,160,2006,2166,550,362,449,999,4332,4332,334,2006,2340,11004
5903,144,7,151,1992,2143,474,401,484,958,4286,4286,312,1992,2304,10876
5904,163,9,172,2000,2172,559,361,447,1006,4344,4344,359,2000,2359,11047
5905,142,10,152,2001,2153,504,378,462,966,4306,4306,320,2001,2321,10933
5906,148,7,155,1990,2145,527,363,448,975,4290,4290,322,1990,2312,10892
5907,163,17,180,2066,2246,648,384,466,1114,4492,4492,392,2066,2458,11442
5908,154,10,164,2059,2223,530,372,439,969,4446,4446,343,2059,2402,11294
5909,167,7,174,2031,2205,578,388,466,1044,4410,4410,361,2031,2392,11212
5910,150,4,154,2009,2163,496,412,509,1005,4326,4326,312,2009,2321,10973
5911,165,11,176,2021,2197,594,423,515,1109,4394,4394,370,2021,2391,11179
5912,126,2,128,2028,2156,433,367,470,903,4312,4312,258,2028,2286,10910
5913,160,10,170,2066,2236,572,385,460,1032,4472,4472,356,2066,2422,11366
5914,167,8,175,2069,2244,541,406,498,1039,4488,4488,363,2069,2432,11408
5915,158,10,168,1976,2144,525,398,487,1012,4288,4288,356,1976,2332,10908
5916,155,16,171,2062,2233,618,386,465,1083,4466,4466,380,2062,2442,11374
5917,158,7,165,2037,2202,553,382,465,1018,4404,4404,345,2037,2382,11190
5918,171,5,176,2060,2236,546,393,484,1030,4472,4472,360,2060,2420,11364
5919,182,10,192,2055,2247,610,368,446,1056,4494,4494,399,2055,2454,11442
5920,165,10,175,2000,2175,621,375,442,1063,4350,4350,374,2000,2374,11074
5921,141,12,153,2010,2163,534,412,503,1037,4326,4326,329,2010,2339,10991
5922,149,12,161,2032,2193,552,384,470,1022,4386,4386,350,2032,2382,11154
5923,153,6,159,2030,2189,541,363,447,988,4378,4378,330,2030,2360,11116
5924,150,8,158,2069,2227,510,358,421,931,4454,4454,328,2069,2397,11305
5925,161,7,168,2094,2262,536,394,466,1002,4524,4524,347,2094,2441,11489
5926,145,6,151,2107,2258,498,374,452,950,4516,4516,310,2107,2417,11449
5927,154,10,164,2107,2271,515,385,467,982,4542,4542,345,2107,2452,11536
5928,153,10,163,2012,2175,563,413,511,1074,4350,4350,348,2012,2360,11060
5929,144,9,153,2081,2234,522,402,483,1005,4468,4468,321,2081,2402,11338
5930,154,8,162,1964,2126,540,364,450,990,4252,4252,339,1964,2303,10807
5931,157,7,164,2021,2185,501,389,470,971,4370,4370,335,2021,2356,11096
5932,146,15,161,2075,2236,612,387,477,1089,4472,4472,349,2075,2424,11368
5933,137,9,146,2077,2223,481,418,497,978,4446,4446,311,2077,2388,11280
5934,158,7,165,1989,2154,519,375,459,978,4308,4308,339,1989,2328,10944
5935,149,12,161,2052,2213,506,363,444,950,4426,4426,348,2052,2400,11252
5936,165,9,174,1993,2167,596,347,419,1015,4334,4334,367,1993,2360,11028
5937,135,9,144,2051,2195,491,389,470,961,4390,4390,302,2051,2353,11133
5938,159,6,165,1938,2103,567,391,484,1051,4206,4206,340,1938,2278,10690
5939,156,14,170,1945,2115,613,371,453,1066,4230,4230,361,1945,2306,10766
5940,156,12,168,1968,2136,555,362,432,987,4272,4272,360,1968,2328,10872
5941,178,16,194,2093,2287,723,391,480,1203,4574,4574,425,2093,2518,11666
5942,146,11,157,2033,2190,525,398,478,1003,4380,4380,336,2033,2369,11129
5943,145,8,153,1994,2147,504,375,452,956,4294,4294,326,1994,2320,10908
5944,139,14,153,2010,2163,528,362,449,977,4326,4326,333,2010,2343,10995
5945,125,13,138,1932,2070,469,359,445,914,4140,4140,299,1932,2231,10511
5946,146,11,157,1990,2147,528,342,415,943,4294,4294,335,1990,2325,10913
5947,137,16,153,1981,2134,555,403,497,1052,4268,4268,349,1981,2330,10866
5948,144,5,149,2027,2176,489,402,483,972,4352,4352,307,2027,2334,11038
5949,135,11,146,2098,2244,530,396,484,1014,4488,4488,313,2098,2411,11387
5950,165,10,175,2091,2266,588,427,519,1107,4532,4532,369,2091,2460,11524
5951,161,7,168,2028,2196,566,403,488,1054,4392,4392,348,2028,2376,11160
5952,140,16,156,1992,2148,551,367,443,994,4296,4296,335,1992,2327,10919
5953,188,8,196,1998,2194,646,366,441,1087,4388,4388,406,1998,2404,11180
5954,156,18,174,1988,2162,642,345,428,1070,4324,4324,377,1988,2365,11013
5955,143,13,156,2002,2158,562,385,451,1013,4316,4316,344,2002,2346,10978
5956,151,17,168,2044,2212,577,405,517,1094,4424,4424,371,2044,2415,11263
5957,145,17,162,2057,2219,567,370,447,1014,4438,4438,362,2057,2419,11295
5958,151,15,166,2094,2260,618,362,433,1051,4520,4520,368,2094,2462,11502
5959,147,9,156,2025,2181,506,390,476,982,4362,4362,326,2025,2351,11075
5960,173,11,184,2060,2244,653,371,451,1104,4488,4488,393,2060,2453,11429
5961,148,16,164,2111,2275,564,381,462,1026,4550,4550,359,2111,2470,11570
5962,146,13,159,2016,2175,547,385,477,1024,4350,4350,345,2016,2361,11061
5963,159,7,166,2001,2167,567,361,444,1011,4334,4334,345,2001,2346,11014
5964,168,4,172,2075,2247,557,385,475,1032,4494,4494,350,2075,2425,11413
5965,151,18,169,2010,2179,564,385,475,1039,4358,4358,366,2010,2376,11092
5966,135,15,150,1948,2098,520,343,411,931,4196,4196,331,1948,2279,10671
5967,136,9,145,2067,2212,495,365,453,948,4424,4424,304,2067,2371,11219
5968,171,14,185,2020,2205,666,383,470,1136,4410,4410,395,2020,2415,11235
5969,154,9,163,2004,2167,578,368,442,1020,4334,4334,344,2004,2348,11016
5970,161,14,175,2018,2193,601,364,421,1022,4386,4386,379,2018,2397,11169
5971,145,12,157,1953,2110,523,393,484,1007,4220,4220,338,1953,2291,10731
5972,150,8,158,1996,2154,528,398,485,1013,4308,4308,330,1996,2326,10942
5973,146,10,156,1946,2102,533,349,430,963,4204,4204,335,1946,2281,10689
5974,163,15,178,2006,2184,651,398,491,1142,4368,4368,386,2006,2392,11128
5975,175,8,183,2077,2260,628,391,482,1110,4520,4520,382,2077,2459,11499
5976,159,9,168,2034,2202,551,377,451,1002,4404,4404,355,2034,2389,11197
5977,170,11,181,1978,2159,647,375,455,1102,4318,4318,387,1978,2365,11001
5978,157,13,170,1944,2114,590,360,444,1034,4228,4228,366,1944,2310,10766
5979,156,12,168,2058,2226,550,419,499,1049,4452,4452,363,2058,2421,11325
5980,168,6,174,2011,2185,570,380,465,1035,4370,4370,358,2011,2369,11109
5981,142,6,148,2044,2192,470,365,436,906,4384,4384,310,2044,2354,11122
5982,147,11,158,2073,2231,589,378,459,1048,4462,4462,341,2073,2414,11338
5983,142,13,155,2004,2159,527,401,496,1023,4318,4318,334,2004,2338,10974
5984,143,11,154,2047,2201,518,366,453,971,4402,4402,323,2047,2370,11174
5985,151,10,161,2083,2244,546,398,497,1043,4488,4488,339,2083,2422,11398
5986,154,12,166,2082,2248,563,376,449,1012,4496,4496,351,2082,2433,11425
5987,172,13,185,2017,2202,630,382,464,1094,4404,4404,395,2017,2412,11220
5988,149,8,157,1989,2146,553,405,484,1037,4292,4292,329,1989,2318,10902
5989,159,11,170,2001,2171,569,367,442,1011,4342,4342,358,2001,2359,11043
5990,154,8,162,1986,2148,572,394,482,1054,4296,4296,337,1986,2323,10915
5991,149,11,160,2073,2233,582,387,469,1051,4466,4466,337,2073,2410,11342
5992,151,13,164,1965,2129,537,382,473,1010,4258,4258,350,1965,2315,10831
5993,158,15,173,2057,2230,595,421,490,1085,4460,4460,374,2057,2431,11351
5994,152,12,164,2014,2178,533,396,478,1011,4356,4356,354,2014,2368,11080
5995,151,13,164,1978,2142,543,370,437,980,4284,4284,347,1978,2325,10893
5996,150,10,160,2072,2232,548,375,463,1011,4464,4464,337,2072,2409,11337
5997,154,6,160,2029,2189,514,385,456,970,4378,4378,328,2029,2357,11113
5998,160,10,170,2036,2206,547,386,458,1005,4412,4412,358,2036,2394,11218
5999,160,13,173,1980,2153,618,353,413,1031,4306,4306,374,1980,2354,10966
6000,155,11,166,2075,2241,524,411,504,1028,4482,4482,352,2075,2427,11391
6001,147,13,160,1969,2129,551,380,463,1014,4258,4258,347,1969,2316,10832
6002,141,8,149,2058,2207,496,373,454,950,4414,4414,313,2058,2371,11199
6003,155,8,163,2073,2236,533,401,484,1017,4472,4472,339,2073,2412,11356
6004,160,13,173,2063,2236,568,362,439,1007,4472,4472,376,2063,2439,11383
6005,163,15,178,2009,2187,640,409,505,1145,4374,4374,385,2009,2394,11142
6006,188,9,197,2105,2302,663,389,486,1149,4604,4604,408,2105,2513,11721
6007,136,7,143,2085,2228,505,396,488,993,4456,4456,304,2085,2389,11301
6008,161,6,167,2007,2174,543,388,473,1016,4348,4348,347,2007,2354,11050
6009,147,15,162,2059,2221,585,402,487,1072,4442,4442,347,2059,2406,11290
6010,154,9,163,2097,2260,588,369,450,1038,4520,4520,344,2097,2441,11481
6011,144,12,156,2092,2248,550,359,438,988,4496,4496,336,2092,2428,11420
6012,156,1,157,2130,2287,503,383,472,975,4574,4574,315,2130,2445,11593
6013,133,17,150,2058,2208,527,425,509,1036,4416,4416,332,2058,2390,11222
6014,159,6,165,2090,2255,542,399,487,1029,4510,4510,337,2090,2427,11447
6015,142,11,153,2067,2220,529,402,478,1007,4440,4440,332,2067,2399,11279
6016,158,10,168,2024,2192,557,379,468,1025,4384,4384,359,2024,2383,11151
6017,137,8,145,2026,2171,486,383,474,960,4342,4342,305,2026,2331,11015
6018,175,15,190,2013,2203,664,378,460,1124,4406,4406,409,2013,2422,11234
6019,147,12,159,2042,2201,540,396,484,1024,4402,4402,338,2042,2380,11184
6020,145,11,156,2042,2198,520,383,478,998,4396,4396,329,2042,2371,11163
6021,154,12,166,2002,2168,551,380,465,1016,4336,4336,356,2002,2358,11030
6022,142,11,153,2085,2238,520,398,487,1007,4476,4476,328,2085,2413,11365
6023,155,14,169,2067,2236,600,386,463,1063,4472,4472,364,2067,2431,11375
6024,154,11,165,2011,2176,550,337,414,964,4352,4352,358,2011,2369,11073
6025,140,8,148,2057,2205,506,375,451,957,4410,4410,310,2057,2367,11187
6026,131,5,136,2012,2148,418,371,449,867,4296,4296,280,2012,2292,10884
6027,153,9,162,2056,2218,557,414,499,1056,4436,4436,341,2056,2397,11269
6028,155,12,167,2100,2267,582,391,479,1061,4534,4534,361,2100,2461,11529
6029,157,9,166,2071,2237,578,413,490,1068,4474,4474,344,2071,2415,11363
6030,149,8,157,2064,2221,517,406,507,1024,4442,4442,333,2064,2397,11281
6031,152,8,160,2025,2185,573,428,526,1099,4370,4370,334,2025,2359,11099
6032,150,11,161,2069,2230,560,388,473,1033,4460,4460,339,2069,2408,11328
6033,151,10,161,2005,2166,546,364,450,996,4332,4332,338,2005,2343,11007
6034,169,9,178,2074,2252,577,409,496,1073,4504,4504,377,2074,2451,11459
6035,144,8,152,2020,2172,508,367,451,959,4344,4344,322,2020,2342,11030
6036,134,12,146,2037,2183,486,395,486,972,4366,4366,314,2037,2351,11083
6037,158,12,170,1999,2169,602,366,433,1035,4338,4338,360,1999,2359,11035
6038,177,7,184,2016,2200,627,373,451,1078,4400,4400,379,2016,2395,11195
6039,146,12,158,2083,2241,529,409,500,1029,4482,4482,338,2083,2421,11385
6040,137,11,148,2095,2243,511,387,458,969,4486,4486,325,2095,2420,11392
6041,147,13,160,2066,2226,573,418,513,1086,4452,4452,348,2066,2414,11318
6042,143,3,146,1994,2140,472,365,446,918,4280,4280,298,1994,2292,10852
6043,148,7,155,1992,2147,513,380,463,976,4294,4294,323,1992,2315,10903
6044,173,13,186,2051,2237,652,393,488,1140,4474,4474,399,2051,2450,11398
6045,152,10,162,2019,2181,553,385,470,1023,4362,4362,339,2019,2358,11082
6046,156,9,165,2046,2211,547,387,458,1005,4422,4422,350,2046,2396,11240
6047,150,4,154,2096,2250,527,403,493,1020,4500,4500,316,2096,2412,11412
6048,150,9,159,2100,2259,562,410,500,1062,4518,4518,336,2100,2436,11472
6049,144,11,155,2150,2305,522,426,516,1038,4610,4610,337,2150,2487,11707
6050,165,7,172,2050,2222,555,368,453,1008,4444,4444,357,2050,2407,11295
6051,157,8,165,2013,2178,560,357,424,984,4356,4356,347,2013,2360,11072
6052,169,8,177,1984,2161,629,380,467,1096,4322,4322,364,1984,2348,10992
6053,150,16,166,2058,2224,601,409,506,1107,4448,4448,364,2058,2422,11318
6054,174,6,180,1990,2170,614,357,429,1043,4340,4340,374,1990,2364,11044
6055,155,12,167,2104,2271,537,387,472,1009,4542,4542,362,2104,2466,11550
6056,151,9,160,2024,2184,567,387,475,1042,4368,4368,335,2024,2359,11095
6057,146,10,156,2023,2179,521,367,438,959,4358,4358,333,2023,2356,11072
6058,173,9,182,1998,2180,625,365,439,1064,4360,4360,382,1998,2380,11100
6059,154,11,165,2017,2182,536,377,455,991,4364,4364,349,2017,2366,11094
6060,152,11,163,2000,2163,580,377,457,1037,4326,4326,348,2000,2348,11000
6061,141,9,150,1980,2130,563,375,460,1023,4260,4260,321,1980,2301,10821
6062,164,8,172,1997,2169,581,401,489,1070,4338,4338,359,1997,2356,11032
6063,163,8,171,1963,2134,581,351,423,1004,4268,4268,364,1963,2327,10863
6064,152,11,163,2031,2194,566,383,458,1024,4388,4388,353,2031,2384,11160
6065,135,12,147,2018,2165,509,388,464,973,4330,4330,312,2018,2330,10990
6066,158,11,169,2032,2201,550,387,465,1015,4402,4402,357,2032,2389,11193
6067,133,15,148,2062,2210,523,391,472,995,4420,4420,324,2062,2386,11226
6068,155,6,161,2032,2193,503,389,482,985,4386,4386,332,2032,2364,11136
6069,155,8,163,2000,2163,522,383,465,987,4326,4326,344,2000,2344,10996
6070,138,7,145,2046,2191,472,393,487,959,4382,4382,302,2046,2348,11112
6071,145,16,161,1999,2160,571,360,444,1015,4320,4320,358,1999,2357,10997
6072,162,7,169,2064,2233,518,406,487,1005,4466,4466,347,2064,2411,11343
6073,168,5,173,2047,2220,587,403,499,1086,4440,4440,358,2047,2405,11285
6074,145,6,151,2035,2186,507,381,461,968,4372,4372,314,2035,2349,11093
6075,154,10,164,2039,2203,578,390,475,1053,4406,4406,346,2039,2385,11197
6076,151,13,164,1838,2002,567,343,423,990,4004,4004,353,1838,2191,10199
6077,164,7,171,2000,2171,571,370,456,1027,4342,4342,354,2000,2354,11038
6078,166,8,174,2045,2219,560,405,509,1069,4438,4438,364,2045,2409,11285
6079,174,16,190,2009,2199,659,391,479,1138,4398,4398,419,2009,2428,11224
6080,150,11,161,2002,2163,528,366,448,976,4326,4326,342,2002,2344,10996
6081,159,8,167,2044,2211,592,393,481,1073,4422,4422,351,2044,2395,11239
6082,159,7,166,2051,2217,548,379,465,1013,4434,4434,349,2051,2400,11268
6083,169,8,177,2080,2257,577,424,521,1098,4514,4514,376,2080,2456,11484
6084,138,10,148,1974,2122,502,375,451,953,4244,4244,316,1974,2290,10778
6085,147,11,158,2070,2228,535,380,470,1005,4456,4456,336,2070,2406,11318
6086,146,9,155,2035,2190,515,378,472,987,4380,4380,323,2035,2358,11118
6087,132,8,140,2026,2166,487,353,437,924,4332,4332,299,2026,2325,10989
6088,151,14,165,1981,2146,579,340,416,995,4292,4292,355,1981,2336,10920
6089,139,9,148,1997,2145,467,377,457,924,4290,4290,310,1997,2307,10887
6090,148,12,160,2022,2182,513,361,440,953,4364,4364,337,2022,2359,11087
6091,161,11,172,1985,2157,590,386,465,1055,4314,4314,371,1985,2356,10984
6092,146,14,160,2107,2267,554,360,439,993,4534,4534,355,2107,2462,11530
6093,159,7,166,2085,2251,554,387,467,1021,4502,4502,345,2085,2430,11434
6094,153,8,161,2053,2214,531,389,474,1005,4428,4428,337,2053,2390,11246
6095,140,4,144,2085,2229,463,415,498,961,4458,4458,295,2085,2380,11296
6096,147,9,156,2008,2164,512,381,459,971,4328,4328,329,2008,2337,10993
6097,156,11,167,2003,2170,570,373,447,1017,4340,4340,359,2003,2362,11042
6098,143,14,157,2072,2229,541,408,493,1034,4458,4458,338,2072,2410,11326
6099,133,8,141,1970,2111,495,381,469,964,4222,4222,299,1970,2269,10713
6100,145,7,152,2019,2171,507,380,461,968,4342,4342,316,2019,2335,11019
6101,156,10,166,2090,2256,586,369,449,1035,4512,4512,353,2090,2443,11467
6102,157,8,165,2005,2170,507,385,477,984,4340,4340,344,2005,2349,11029
6103,167,8,175,2066,2241,574,401,479,1053,4482,4482,368,2066,2434,11398
6104,134,16,150,2035,2185,529,370,440,969,4370,4370,329,2035,2364,11104
6105,140,18,158,1991,2149,558,400,492,1050,4298,4298,349,1991,2340,10936
6106,149,6,155,2031,2186,511,350,433,944,4372,4372,319,2031,2350,11094
6107,151,8,159,1923,2082,543,351,426,969,4164,4164,332,1923,2255,10583
6108,176,12,188,2037,2225,659,405,482,1141,4450,4450,400,2037,2437,11337
6109,155,10,165,2036,2201,554,351,434,988,4402,4402,345,2036,2381,11185
6110,140,12,152,2032,2184,561,354,428,989,4368,4368,327,2032,2359,11095
6111,169,17,186,2077,2263,660,408,514,1174,4526,4526,409,2077,2486,11538
6112,152,11,163,2033,2196,550,365,455,1005,4392,4392,354,2033,2387,11171
6113,153,11,164,1945,2109,584,360,433,1017,4218,4218,355,1945,2300,10736
6114,141,9,150,2015,2165,532,370,436,968,4330,4330,317,2015,2332,10992
6115,158,5,163,2058,2221,547,403,470,1017,4442,4442,335,2058,2393,11277
6116,174,10,184,1965,2149,624,381,473,1097,4298,4298,383,1965,2348,10944
6117,158,8,166,1971,2137,560,378,455,1015,4274,4274,345,1971,2316,10864
6118,181,12,193,2032,2225,665,401,493,1158,4450,4450,410,2032,2442,11342
6119,154,6,160,2151,2311,530,378,459,989,4622,4622,336,2151,2487,11731
6120,160,9,169,2066,2235,560,404,488,1048,4470,4470,351,2066,2417,11357
6121,157,12,169,2081,2250,575,420,509,1084,4500,4500,362,2081,2443,11443
6122,156,8,164,1977,2141,563,407,492,1055,4282,4282,342,1977,2319,10883
6123,135,15,150,2131,2281,527,402,484,1011,4562,4562,328,2131,2459,11583
6124,141,3,144,2088,2232,467,400,500,967,4464,4464,292,2088,2380,11308
6125,155,10,165,2038,2203,583,394,473,1056,4406,4406,348,2038,2386,11198
6126,158,9,167,2149,2316,583,420,510,1093,4632,4632,359,2149,2508,11772
6127,137,7,144,2008,2152,459,392,477,936,4304,4304,305,2008,2313,10921
6128,158,10,168,2066,2234,543,410,503,1046,4468,4468,355,2066,2421,11357
6129,142,15,157,2074,2231,539,427,533,1072,4462,4462,339,2074,2413,11337
6130,149,11,160,2154,2314,554,402,490,1044,4628,4628,344,2154,2498,11754
6131,136,12,148,2046,2194,505,373,436,941,4388,4388,319,2046,2365,11141
6132,167,9,176,2018,2194,573,374,460,1033,4388,4388,367,2018,2385,11161
6133,155,12,167,2015,2182,569,391,478,1047,4364,4364,359,2015,2374,11102
6134,158,10,168,2078,2246,540,383,471,1011,4492,4492,354,2078,2432,11416
6135,160,6,166,2023,2189,555,365,448,1003,4378,4378,346,2023,2369,11125
6136,138,4,142,2020,2162,472,387,467,939,4324,4324,289,2020,2309,10957
6137,155,11,166,1981,2147,584,368,463,1047,4294,4294,351,1981,2332,10920
6138,165,8,173,2039,2212,584,370,452,1036,4424,4424,364,2039,2403,11251
6139,162,10,172,2053,2225,589,397,478,1067,4450,4450,366,2053,2419,11319
6140,128,15,143,1963,2106,515,359,450,965,4212,4212,324,1963,2287,10711
6141,171,13,184,1994,2178,608,409,497,1105,4356,4356,391,1994,2385,11097
6142,151,8,159,2000,2159,518,383,456,974,4318,4318,332,2000,2332,10968
6143,159,11,170,2019,2189,572,403,499,1071,4378,4378,366,2019,2385,11141
6144,169,8,177,1996,2173,571,365,451,1022,4346,4346,372,1996,2368,11060
6145,166,6,172,1975,2147,543,400,492,1035,4294,4294,352,1975,2327,10915
6146,173,10,183,2079,2262,600,393,490,1090,4524,4524,383,2079,2462,11510
6147,142,11,153,1991,2144,490,359,435,925,4288,4288,338,1991,2329,10905
6148,173,9,182,2103,2285,584,405,496,1080,4570,4570,383,2103,2486,11626
6149,135,11,146,2038,2184,515,374,453,968,4368,4368,315,2038,2353,11089
6150,149,11,160,2034,2194,552,378,460,1012,4388,4388,345,2034,2379,11155
6151,152,4,156,2074,2230,544,424,523,1067,4460,4460,318,2074,2392,11312
6152,175,7,182,2067,2249,634,359,438,1072,4498,4498,378,2067,2445,11441
6153,161,10,171,2063,2234,550,421,514,1064,4468,4468,360,2063,2423,11359
6154,150,12,162,2044,2206,514,387,477,991,4412,4412,345,2044,2389,11213
6155,144,9,153,2041,2194,540,390,474,1014,4388,4388,322,2041,2363,11139
6156,177,2,179,1988,2167,559,379,473,1032,4334,4334,360,1988,2348,11016
6157,167,16,183,2034,2217,684,403,478,1162,4434,4434,407,2034,2441,11309
6158,165,9,174,2033,2207,579,387,471,1050,4414,4414,361,2033,2394,11222
6159,169,6,175,2061,2236,590,375,459,1049,4472,4472,362,2061,2423,11367
6160,177,10,187,1987,2174,626,389,477,1103,4348,4348,392,1987,2379,11075
6161,146,12,158,2101,2259,536,425,522,1058,4518,4518,337,2101,2438,11474
6162,140,8,148,2001,2149,509,387,470,979,4298,4298,319,2001,2320,10916
6163,147,8,155,2003,2158,523,404,486,1009,4316,4316,325,2003,2328,10960
6164,124,17,141,2061,2202,516,417,508,1024,4404,4404,311,2061,2372,11180
6165,183,7,190,2067,2257,657,409,484,1141,4514,4514,396,2067,2463,11491
6166,148,7,155,2074,2229,537,390,477,1014,4458,4458,326,2074,2400,11316
6167,149,7,156,2112,2268,534,402,495,1029,4536,4536,329,2112,2441,11513
6168,164,3,167,2069,2236,516,431,531,1047,4472,4472,340,2069,2409,11353
6169,128,14,142,2012,2154,493,356,438,931,4308,4308,308,2012,2320,10936
6170,162,10,172,2078,2250,561,401,487,1048,4500,4500,367,2078,2445,11445
6171,138,15,153,1895,2048,553,362,434,987,4096,4096,336,1895,2231,10423
6172,157,9,166,2021,2187,519,391,486,1005,4374,4374,349,2021,2370,11118
6173,139,10,149,1985,2134,506,390,476,982,4268,4268,324,1985,2309,10845
6174,168,12,180,1995,2175,593,356,429,1022,4350,4350,383,1995,2378,11078
6175,150,6,156,2001,2157,497,379,460,957,4314,4314,323,2001,2324,10952
6176,178,7,185,2055,2240,610,393,484,1094,4480,4480,382,2055,2437,11397
6177,194,14,208,2042,2250,719,375,466,1185,4500,4500,444,2042,2486,11486
6178,148,15,163,2078,2241,580,407,486,1066,4482,4482,352,2078,2430,11394
6179,144,12,156,2058,2214,553,375,455,1008,4428,4428,340,2058,2398,11254
6180,125,9,134,1967,2101,494,406,498,992,4202,4202,288,1967,2255,10659
6181,148,17,165,2049,2214,560,378,448,1008,4428,4428,366,2049,2415,11271
6182,142,13,155,2030,2185,570,358,422,992,4370,4370,330,2030,2360,11100
6183,158,6,164,2068,2232,524,371,456,980,4464,4464,336,2068,2404,11332
6184,152,11,163,2005,2168,561,402,489,1050,4336,4336,349,2005,2354,11026
6185,167,8,175,2028,2203,609,393,487,1096,4406,4406,366,2028,2394,11206
6186,143,9,152,2026,2178,510,389,472,982,4356,4356,321,2026,2347,11059
6187,144,18,162,2025,2187,569,392,484,1053,4374,4374,350,2025,2375,11123
6188,152,6,158,2104,2262,546,377,456,1002,4524,4524,329,2104,2433,11481
6189,140,15,155,2104,2259,509,390,475,984,4518,4518,343,2104,2447,11483
6190,153,12,165,2019,2184,566,345,414,980,4368,4368,350,2019,2369,11105
6191,149,5,154,2008,2162,480,389,472,952,4324,4324,317,2008,2325,10973
6192,164,17,181,2074,2255,627,390,454,1081,4510,4510,395,2074,2469,11489
6193,151,11,162,2113,2275,523,416,501,1024,4550,4550,339,2113,2452,11552
6194,160,10,170,2091,2261,553,406,505,1058,4522,4522,362,2091,2453,11497
6195,162,11,173,2003,2176,601,390,465,1066,4352,4352,368,2003,2371,11075
6196,144,9,153,2028,2181,518,378,446,964,4362,4362,325,2028,2353,11077
6197,146,7,153,2023,2176,536,396,494,1030,4352,4352,320,2023,2343,11047
6198,164,8,172,2032,2204,572,394,484,1056,4408,4408,365,2032,2397,11213
6199,160,10,170,2042,2212,562,382,465,1027,4424,4424,362,2042,2404,11252
6200,147,10,157,2045,2202,528,370,445,973,4404,4404,333,2045,2378,11186
6201,151,16,167,2033,2200,572,383,484,1056,4400,4400,361,2033,2394,11194
6202,161,10,171,1980,2151,544,325,393,937,4302,4302,359,1980,2339,10943
6203,155,13,168,2034,2202,586,392,479,1065,4404,4404,368,2034,2402,11210
6204,162,4,166,2027,2193,537,385,479,1016,4386,4386,342,2027,2369,11141
6205,148,11,159,2052,2211,551,416,504,1055,4422,4422,341,2052,2393,11237
6206,167,11,178,2001,2179,596,359,425,1021,4358,4358,377,2001,2378,11094
6207,155,12,167,2038,2205,552,406,506,1058,4410,4410,354,2038,2392,11212
6208,133,14,147,2070,2217,569,383,475,1044,4434,4434,330,2070,2400,11268
6209,178,14,192,2141,2333,632,432,524,1156,4666,4666,411,2141,2552,11884
6210,152,9,161,1934,2095,508,389,466,974,4190,4190,339,1934,2273,10653
6211,149,12,161,2021,2182,540,394,485,1025,4364,4364,343,2021,2364,11092
6212,151,10,161,2118,2279,548,388,473,1021,4558,4558,337,2118,2455,11571
6213,159,10,169,2018,2187,547,390,472,1019,4374,4374,355,2018,2373,11121
6214,145,12,157,1988,2145,576,358,428,1004,4290,4290,356,1988,2344,10924
6215,142,10,152,2011,2163,537,374,462,999,4326,4326,317,2011,2328,10980
6216,146,13,159,2011,2170,558,389,479,1037,4340,4340,335,2011,2346,11026
6217,149,18,167,2060,2227,580,389,458,1038,4454,4454,365,2060,2425,11333
6218,128,16,144,2097,2241,511,380,458,969,4482,4482,317,2097,2414,11378
6219,152,7,159,2059,2218,572,413,489,1061,4436,4436,334,2059,2393,11265
6220,156,11,167,2036,2203,529,396,505,1034,4406,4406,355,2036,2391,11203
6221,145,12,157,2072,2229,533,401,486,1019,4458,4458,339,2072,2411,11327
6222,149,13,162,2129,2291,556,405,499,1055,4582,4582,340,2129,2469,11633
6223,161,12,173,2044,2217,619,402,510,1129,4434,4434,367,2044,2411,11279
6224,143,7,150,2020,2170,494,354,426,920,4340,4340,315,2020,2335,11015
6225,132,5,137,2088,2225,444,407,487,931,4450,4450,284,2088,2372,11272
6226,162,10,172,1950,2122,572,357,431,1003,4244,4244,359,1950,2309,10797
6227,162,14,176,2015,2191,573,376,466,1039,4382,4382,374,2015,2389,11153
6228,153,11,164,2063,2227,549,407,498,1047,4454,4454,353,2063,2416,11324
6229,153,8,161,2030,2191,554,378,459,1013,4382,4382,337,2030,2367,11131
6230,127,5,132,1974,2106,412,378,460,872,4212,4212,272,1974,2246,10670
6231,155,7,162,2003,2165,484,368,443,927,4330,4330,338,2003,2341,11001
6232,137,6,143,2029,2172,459,421,509,968,4344,4344,297,2029,2326,11014
6233,144,10,154,2062,2216,507,377,443,950,4432,4432,325,2062,2387,11251
6234,161,13,174,2012,2186,576,350,423,999,4372,4372,383,2012,2395,11139
6235,145,14,159,2080,2239,554,386,478,1032,4478,4478,346,2080,2426,11382
6236,153,10,163,2017,2180,547,384,474,1021,4360,4360,346,2017,2363,11083
6237,139,12,151,1991,2142,509,357,429,938,4284,4284,324,1991,2315,10883
6238,157,7,164,2089,2253,557,411,492,1049,4506,4506,346,2089,2435,11447
6239,140,15,155,1988,2143,535,360,431,966,4286,4286,332,1988,2320,10892
6240,146,11,157,2071,2228,542,381,483,1025,4456,4456,337,2071,2408,11320
6241,148,9,157,2113,2270,528,387,469,997,4540,4540,333,2113,2446,11526
6242,163,5,168,2085,2253,565,384,471,1036,4506,4506,344,2085,2429,11441
6243,162,10,172,1999,2171,608,403,494,1102,4342,4342,367,1999,2366,11050
6244,166,10,176,1968,2144,582,344,428,1010,4288,4288,368,1968,2336,10912
6245,176,6,182,2004,2186,619,399,484,1103,4372,4372,375,2004,2379,11123
6246,123,9,132,2018,2150,432,389,464,896,4300,4300,280,2018,2298,10898
6247,160,17,177,1996,2173,627,366,449,1076,4346,4346,379,1996,2375,11067
6248,154,9,163,2033,2196,570,401,498,1068,4392,4392,342,2033,2375,11159
6249,153,12,165,2052,2217,559,408,500,1059,4434,4434,352,2052,2404,11272
6250,171,6,177,1929,2106,592,362,444,1036,4212,4212,364,1929,2293,10717
6251,150,6,156,2007,2163,487,399,488,975,4326,4326,320,2007,2327,10979
6252,137,9,146,2059,2205,508,379,460,968,4410,4410,312,2059,2371,11191
6253,144,8,152,2001,2153,516,353,437,953,4306,4306,321,2001,2322,10934
6254,172,8,180,2085,2265,605,369,450,1055,4530,4530,376,2085,2461,11521
6255,143,10,153,2045,2198,560,393,492,1052,4396,4396,329,2045,2374,11166
6256,165,12,177,2000,2177,639,341,413,1052,4354,4354,378,2000,2378,11086
6257,137,9,146,2037,2183,526,356,438,964,4366,4366,310,2037,2347,11079
6258,159,8,167,2049,2216,547,387,463,1010,4432,4432,349,2049,2398,11262
6259,134,9,143,2078,2221,442,387,486,928,4442,4442,307,2078,2385,11269
6260,161,13,174,2074,2248,570,401,484,1054,4496,4496,373,2074,2447,11439
6261,156,15,171,2116,2287,562,389,476,1038,4574,4574,380,2116,2496,11644
6262,143,8,151,2006,2157,499,380,473,972,4314,4314,317,2006,2323,10951
6263,165,8,173,2068,2241,567,355,427,994,4482,4482,364,2068,2432,11396
6264,164,5,169,2058,2227,546,385,482,1028,4454,4454,349,2058,2407,11315
6265,148,13,161,2017,2178,549,368,441,990,4356,4356,344,2017,2361,11073
6266,146,6,152,2074,2226,512,400,490,1002,4452,4452,316,2074,2390,11294
6267,144,10,154,2030,2184,504,389,472,976,4368,4368,330,2030,2360,11096
6268,142,9,151,2015,2166,520,379,482,1002,4332,4332,321,2015,2336,11000
6269,164,6,170,2045,2215,562,382,471,1033,4430,4430,352,2045,2397,11257
6270,161,8,169,2038,2207,555,408,498,1053,4414,4414,352,2038,2390,11218
6271,141,16,157,2069,2226,545,387,475,1020,4452,4452,341,2069,2410,11314
6272,158,13,171,2084,2255,585,408,494,1079,4510,4510,364,2084,2448,11468
6273,138,10,148,2178,2326,477,421,516,993,4652,4652,313,2178,2491,11795
6274,162,15,177,2044,2221,620,391,487,1107,4442,4442,383,2044,2427,11311
6275,156,13,169,1987,2156,584,372,448,1032,4312,4312,368,1987,2355,10979
6276,127,13,140,2110,2250,502,392,486,988,4500,4500,302,2110,2412,11412
6277,156,12,168,2092,2260,552,362,438,990,4520,4520,356,2092,2448,11488
6278,144,7,151,2093,2244,504,378,474,978,4488,4488,311,2093,2404,11380
6279,160,14,174,2104,2278,625,423,515,1140,4556,4556,375,2104,2479,11591
6280,143,8,151,2072,2223,504,432,533,1037,4446,4446,313,2072,2385,11277
6281,155,10,165,1986,2151,568,393,482,1050,4302,4302,351,1986,2337,10941
6282,168,10,178,2041,2219,592,399,486,1078,4438,4438,376,2041,2417,11293
6283,151,11,162,2105,2267,531,394,495,1026,4534,4534,345,2105,2450,11518
6284,159,14,173,2029,2202,580,403,495,1075,4404,4404,374,2029,2403,11211
6285,150,10,160,1998,2158,539,405,486,1025,4316,4316,346,1998,2344,10976
6286,152,9,161,1998,2159,516,412,494,1010,4318,4318,343,1998,2341,10977
6287,144,4,148,2010,2158,447,393,477,924,4316,4316,307,2010,2317,10949
6288,139,10,149,1971,2120,496,369,446,942,4240,4240,311,1971,2282,10762
6289,154,11,165,2045,2210,566,387,483,1049,4420,4420,349,2045,2394,11234
6290,150,12,162,2016,2178,533,368,449,982,4356,4356,348,2016,2364,11076
6291,144,12,156,2065,2221,508,374,462,970,4442,4442,335,2065,2400,11284
6292,160,9,169,2050,2219,574,394,475,1049,4438,4438,354,2050,2404,11280
6293,149,3,152,1991,2143,503,386,467,970,4286,4286,310,1991,2301,10873
6294,144,9,153,2055,2208,516,378,461,977,4416,4416,325,2055,2380,11212
6295,146,4,150,2052,2202,475,389,473,948,4404,4404,305,2052,2357,11165
6296,155,12,167,2083,2250,549,414,515,1064,4500,4500,352,2083,2435,11435
6297,139,7,146,2063,2209,479,382,470,949,4418,4418,308,2063,2371,11207
6298,168,16,184,2066,2250,635,348,411,1046,4500,4500,405,2066,2471,11471
6299,143,9,152,2022,2174,494,368,453,947,4348,4348,322,2022,2344,11040
6300,136,14,150,2043,2193,532,373,451,983,4386,4386,332,2043,2375,11147
6301,147,15,162,2007,2169,592,353,417,1009,4338,4338,351,2007,2358,11034
6302,145,5,150,1975,2125,481,382,467,948,4250,4250,309,1975,2284,10784
6303,167,11,178,2000,2178,619,387,466,1085,4356,4356,378,2000,2378,11090
6304,150,11,161,2093,2254,576,390,480,1056,4508,4508,349,2093,2442,11458
6305,142,12,154,2014,2168,558,380,457,1015,4336,4336,326,2014,2340,11012
6306,146,8,154,2002,2156,498,401,488,986,4312,4312,330,2002,2332,10956
6307,168,12,180,2026,2206,629,374,463,1092,4412,4412,387,2026,2413,11237
6308,144,10,154,1975,2129,533,381,472,1005,4258,4258,326,1975,2301,10817
6309,164,7,171,2063,2234,575,398,480,1055,4468,4468,359,2063,2422,11358
6310,159,11,170,2035,2205,532,392,478,1010,4410,4410,363,2035,2398,11218
6311,172,14,186,1965,2151,616,387,476,1092,4302,4302,401,1965,2366,10970
6312,139,8,147,2067,2214,476,390,476,952,4428,4428,309,2067,2376,11232
6313,138,8,146,2012,2158,473,395,486,959,4316,4316,306,2012,2318,10950
6314,173,14,187,2011,2198,631,364,432,1063,4396,4396,399,2011,2410,11202
6315,152,9,161,1982,2143,528,351,423,951,4286,4286,346,1982,2328,10900
6316,152,7,159,2037,2196,515,386,477,992,4392,4392,329,2037,2366,11150
6317,161,6,167,2012,2179,525,353,433,958,4358,4358,347,2012,2359,11075
6318,155,14,169,2006,2175,550,384,448,998,4350,4350,361,2006,2367,11067
6319,141,4,145,2057,2202,460,400,488,948,4404,4404,296,2057,2353,11161
6320,161,8,169,2080,2249,573,394,474,1047,4498,4498,356,2080,2436,11432
6321,154,13,167,1987,2154,571,365,441,1012,4308,4308,362,1987,2349,10965
6322,157,10,167,2101,2268,570,400,473,1043,4536,4536,355,2101,2456,11528
6323,145,8,153,2048,2201,535,408,491,1026,4402,4402,331,2048,2379,11183
6324,174,13,187,2059,2246,619,360,442,1061,4492,4492,404,2059,2463,11447
6325,149,10,159,1980,2139,553,390,484,1037,4278,4278,338,1980,2318,10874
6326,142,4,146,2019,2165,500,392,472,972,4330,4330,300,2019,2319,10979
6327,145,13,158,2068,2226,529,356,429,958,4452,4452,338,2068,2406,11310
6328,161,12,173,2046,2219,600,393,473,1073,4438,4438,368,2046,2414,11290
6329,157,15,172,2021,2193,584,384,458,1042,4386,4386,370,2021,2391,11163
6330,144,6,150,1998,2148,486,385,456,942,4296,4296,312,1998,2310,10902
6331,148,11,159,1967,2126,564,390,488,1052,4252,4252,338,1967,2305,10809
6332,143,8,151,2050,2201,515,365,444,959,4402,4402,322,2050,2372,11176
6333,164,14,178,2062,2240,596,418,509,1105,4480,4480,379,2062,2441,11401
6334,123,13,136,2057,2193,459,395,482,941,4386,4386,295,2057,2352,11124
6335,164,7,171,2062,2233,585,403,478,1063,4466,4466,352,2062,2414,11346
6336,145,12,157,2124,2281,522,377,467,989,4562,4562,337,2124,2461,11585
6337,138,11,149,2072,2221,507,391,468,975,4442,4442,316,2072,2388,11272
6338,131,16,147,1999,2146,562,372,457,1019,4292,4292,334,1999,2333,10917
6339,166,6,172,2023,2195,609,415,514,1123,4390,4390,352,2023,2375,11155
6340,144,5,149,2093,2242,471,392,484,955,4484,4484,307,2093,2400,11368
6341,133,10,143,2042,2185,449,402,500,949,4370,4370,300,2042,2342,11082
6342,160,15,175,2017,2192,586,367,439,1025,4384,4384,380,2017,2397,11165
6343,169,9,178,2050,2228,591,370,454,1045,4456,4456,381,2050,2431,11343
6344,145,7,152,2143,2295,497,384,464,961,4590,4590,314,2143,2457,11637
6345,140,4,144,2028,2172,450,352,430,880,4344,4344,295,2028,2323,11011
6346,154,12,166,1920,2086,616,381,471,1087,4172,4172,359,1920,2279,10623
6347,149,11,160,2063,2223,550,389,494,1044,4446,4446,348,2063,2411,11303
6348,141,6,147,1981,2128,488,365,461,949,4256,4256,300,1981,2281,10793
6349,157,7,164,1951,2115,513,345,427,940,4230,4230,340,1951,2291,10751
6350,156,12,168,2067,2235,574,409,490,1064,4470,4470,366,2067,2433,11373
6351,144,9,153,2034,2187,531,375,462,993,4374,4374,323,2034,2357,11105
6352,175,9,184,1997,2181,611,346,430,1041,4362,4362,389,1997,2386,11110
6353,150,9,159,2033,2192,518,383,467,985,4384,4384,336,2033,2369,11137
6354,164,12,176,2047,2223,625,369,450,1075,4446,4446,373,2047,2420,11312
6355,170,12,182,1991,2173,633,364,453,1086,4346,4346,385,1991,2376,11068
6356,143,11,154,2067,2221,513,388,472,985,4442,4442,333,2067,2400,11284
6357,159,15,174,2053,2227,628,388,484,1112,4454,4454,380,2053,2433,11341
6358,169,14,183,1978,2161,625,376,452,1077,4322,4322,395,1978,2373,11017
6359,155,12,167,2051,2218,613,387,468,1081,4436,4436,360,2051,2411,11283
6360,142,8,150,2024,2174,522,369,435,957,4348,4348,319,2024,2343,11039
6361,144,7,151,2026,2177,501,391,477,978,4354,4354,309,2026,2335,11043
6362,139,13,152,1978,2130,516,364,441,957,4260,4260,330,1978,2308,10828
6363,168,13,181,2063,2244,618,366,457,1075,4488,4488,387,2063,2450,11426
6364,147,6,153,1998,2151,473,372,442,915,4302,4302,317,1998,2315,10919
6365,157,10,167,2038,2205,572,384,456,1028,4410,4410,354,2038,2392,11212
6366,158,10,168,1990,2158,573,388,487,1060,4316,4316,352,1990,2342,10974
6367,179,20,199,2005,2204,703,367,444,1147,4408,4408,435,2005,2440,11256
6368,157,10,167,2001,2168,588,383,461,1049,4336,4336,351,2001,2352,11024
6369,137,13,150,2064,2214,540,408,499,1039,4428,4428,324,2064,2388,11244
6370,150,14,164,2036,2200,574,384,483,1057,4400,4400,357,2036,2393,11193
6371,174,7,181,2150,2331,580,405,502,1082,4662,4662,378,2150,2528,11852
6372,163,14,177,1965,2142,630,374,465,1095,4284,4284,381,1965,2346,10914
6373,142,16,158,2050,2208,516,367,453,969,4416,4416,347,2050,2397,11229
6374,142,8,150,2043,2193,496,402,489,985,4386,4386,316,2043,2359,11131
6375,136,5,141,1989,2130,417,359,430,847,4260,4260,289,1989,2278,10798
6376,149,6,155,2035,2190,522,417,496,1018,4380,4380,318,2035,2353,11113
6377,154,12,166,2066,2232,589,360,441,1030,4464,4464,358,2066,2424,11352
6378,146,11,157,2055,2212,524,385,471,995,4424,4424,333,2055,2388,11236
6379,155,17,172,1977,2149,560,371,441,1001,4298,4298,378,1977,2355,10951
6380,135,6,141,2025,2166,455,406,481,936,4332,4332,293,2025,2318,10982
6381,159,8,167,2021,2188,576,378,475,1051,4376,4376,351,2021,2372,11124
6382,133,8,141,2036,2177,457,405,487,944,4354,4354,296,2036,2332,11040
6383,158,4,162,2094,2256,528,396,485,1013,4512,4512,333,2094,2427,11451
6384,148,9,157,2082,2239,518,394,462,980,4478,4478,337,2082,2419,11375
6385,176,10,186,2045,2231,633,387,473,1106,4462,4462,392,2045,2437,11361
6386,164,14,178,2043,2221,603,402,482,1085,4442,4442,385,2043,2428,11312
6387,131,9,140,2018,2158,436,377,469,905,4316,4316,299,2018,2317,10949
6388,143,14,157,2007,2164,551,391,469,1020,4328,4328,338,2007,2345,11001
6389,152,16,168,2065,2233,571,380,461,1032,4466,4466,371,2065,2436,11368
6390,168,11,179,2090,2269,584,398,485,1069,4538,4538,380,2090,2470,11546
6391,143,11,154,2061,2215,531,395,487,1018,4430,4430,328,2061,2389,11249
6392,128,13,141,2012,2153,491,368,455,946,4306,4306,312,2012,2324,10936
6393,154,5,159,2168,2327,507,427,518,1025,4654,4654,329,2168,2497,11805
6394,176,10,186,1999,2185,584,352,421,1005,4370,4370,389,1999,2388,11128
6395,131,11,142,2062,2204,515,418,515,1030,4408,4408,312,2062,2374,11190
6396,125,1,126,1979,2105,433,369,450,883,4210,4210,253,1979,2232,10652
6397,181,13,194,2067,2261,646,414,509,1155,4522,4522,410,2067,2477,11521
6398,153,8,161,2029,2190,524,421,511,1035,4380,4380,339,2029,2368,11128
6399,176,5,181,2036,2217,590,360,434,1024,4434,4434,374,2036,2410,11278
6400,146,24,170,2025,2195,613,370,447,1060,4390,4390,384,2025,2409,11189
6401,150,3,153,2031,2184,489,393,468,957,4368,4368,313,2031,2344,11080
6402,154,13,167,1994,2161,581,375,458,1039,4322,4322,362,1994,2356,11000
6403,136,14,150,1993,2143,506,417,511,1017,4286,4286,332,1993,2325,10897
6404,118,10,128,2106,2234,445,392,475,920,4468,4468,277,2106,2383,11319
6405,131,11,142,2049,2191,512,382,486,998,4382,4382,308,2049,2357,11121
6406,165,13,178,2103,2281,573,395,466,1039,4562,4562,381,2103,2484,11608
6407,125,6,131,2018,2149,465,396,473,938,4298,4298,278,2018,2296,10892
6408,135,16,151,2047,2198,561,407,502,1063,4396,4396,326,2047,2373,11165
6409,143,9,152,2036,2188,489,390,460,949,4376,4376,321,2036,2357,11109
6410,164,10,174,2026,2200,581,361,449,1030,4400,4400,367,2026,2393,11193
6411,161,6,167,2050,2217,526,385,466,992,4434,4434,344,2050,2394,11262
6412,136,11,147,2125,2272,504,416,513,1017,4544,4544,318,2125,2443,11531
6413,143,15,158,2054,2212,536,375,458,994,4424,4424,343,2054,2397,11245
6414,154,12,166,2043,2209,550,401,496,1046,4418,4418,359,2043,2402,11238
6415,160,8,168,2102,2270,535,385,470,1005,4540,4540,354,2102,2456,11536
6416,165,9,174,2000,2174,586,404,479,1065,4348,4348,364,2000,2364,11060
6417,172,14,186,2019,2205,657,418,504,1161,4410,4410,398,2019,2417,11237
6418,145,10,155,2046,2201,571,390,468,1039,4402,4402,329,2046,2375,11179
6419,143,14,157,2144,2301,565,429,514,1079,4602,4602,340,2144,2484,11688
6420,155,12,167,2052,2219,540,395,479,1019,4438,4438,362,2052,2414,11290
6421,132,14,146,2039,2185,522,385,485,1007,4370,4370,314,2039,2353,11093
6422,119,13,132,2043,2175,471,342,425,896,4350,4350,289,2043,2332,11032
6423,162,12,174,2061,2235,579,401,487,1066,4470,4470,376,2061,2437,11377
6424,163,6,169,2018,2187,551,370,435,986,4374,4374,348,2018,2366,11114
6425,153,13,166,2022,2188,591,380,473,1064,4376,4376,362,2022,2384,11136
6426,145,6,151,2066,2217,492,395,471,963,4434,4434,316,2066,2382,11250
6427,149,14,163,2037,2200,554,384,448,1002,4400,4400,356,2037,2393,11193
6428,124,12,136,2014,2150,499,385,474,973,4300,4300,298,2014,2312,10912
6429,151,11,162,2015,2177,510,408,496,1006,4354,4354,347,2015,2362,11070
6430,142,13,155,2078,2233,525,395,489,1014,4466,4466,331,2078,2409,11341
6431,154,10,164,2085,2249,526,427,526,1052,4498,4498,348,2085,2433,11429
6432,159,8,167,2000,2167,531,371,457,988,4334,4334,349,2000,2349,11017
6433,143,12,155,2008,2163,543,396,500,1043,4326,4326,334,2008,2342,10994
6434,150,3,153,2049,2202,481,362,429,910,4404,4404,310,2049,2359,11167
6435,148,12,160,2034,2194,553,425,522,1075,4388,4388,348,2034,2382,11158
6436,146,10,156,2002,2158,545,396,484,1029,4316,4316,331,2002,2333,10965
6437,180,8,188,2047,2235,624,366,461,1085,4470,4470,389,2047,2436,11376
6438,139,10,149,2074,2223,546,376,452,998,4446,4446,319,2074,2393,11285
6439,166,13,179,1978,2157,635,384,458,1093,4314,4314,389,1978,2367,10995
6440,147,7,154,2025,2179,512,369,456,968,4358,4358,319,2025,2344,11060
6441,157,9,166,2060,2226,565,421,505,1070,4452,4452,344,2060,2404,11308
6442,129,5,134,1971,2105,416,378,469,885,4210,4210,277,1971,2248,10668
6443,156,7,163,2018,2181,526,366,441,967,4362,4362,336,2018,2354,11078
6444,149,12,161,1961,2122,535,398,485,1020,4244,4244,348,1961,2309,10797
6445,137,7,144,2120,2264,482,407,498,980,4528,4528,304,2120,2424,11480
6446,147,10,157,1982,2139,578,384,471,1049,4278,4278,328,1982,2310,10866
6447,141,11,152,2053,2205,523,394,490,1013,4410,4410,328,2053,2381,11201
6448,173,12,185,2119,2304,652,413,508,1160,4608,4608,387,2119,2506,11722
6449,143,19,162,1988,2150,581,396,486,1067,4300,4300,371,1988,2359,10959
6450,165,12,177,2047,2224,560,396,487,1047,4448,4448,371,2047,2418,11314
6451,147,11,158,2060,2218,530,397,488,1018,4436,4436,340,2060,2400,11272
6452,148,10,158,2020,2178,519,356,449,968,4356,4356,336,2020,2356,11068
6453,143,7,150,2005,2155,498,400,476,974,4310,4310,317,2005,2322,10942
6454,140,10,150,2070,2220,497,425,518,1015,4440,4440,318,2070,2388,11268
6455,124,7,131,2032,2163,453,372,441,894,4326,4326,279,2032,2311,10963
6456,152,11,163,2093,2256,564,385,469,1033,4512,4512,346,2093,2439,11463
6457,162,7,169,2062,2231,520,416,516,1036,4462,4462,353,2062,2415,11339
6458,179,9,188,1981,2169,633,359,443,1076,4338,4338,393,1981,2374,11050
6459,150,11,161,2063,2224,559,392,492,1051,4448,4448,340,2063,2403,11299
6460,160,17,177,2133,2310,609,396,486,1095,4620,4620,382,2133,2515,11755
6461,163,8,171,2077,2248,576,384,473,1049,4496,4496,360,2077,2437,11429
6462,153,7,160,2047,2207,548,371,455,1003,4414,4414,332,2047,2379,11207
6463,169,17,186,1982,2168,657,395,496,1153,4336,4336,399,1982,2381,11053
6464,157,6,163,2061,2224,586,387,458,1044,4448,4448,336,2061,2397,11293
6465,156,10,166,2022,2188,562,363,446,1008,4376,4376,352,2022,2374,11126
6466,153,12,165,2038,2203,560,375,449,1009,4406,4406,352,2038,2390,11202
6467,148,10,158,2119,2277,529,422,514,1043,4554,4554,336,2119,2455,11563
6468,146,12,158,2123,2281,559,441,543,1102,4562,4562,345,2123,2468,11592
6469,155,12,167,2091,2258,547,406,493,1040,4516,4516,354,2091,2445,11477
6470,177,7,184,2046,2230,577,406,493,1070,4460,4460,382,2046,2428,11348
6471,173,10,183,2015,2198,582,406,490,1072,4396,4396,384,2015,2399,11191
6472,149,5,154,1953,2107,512,363,447,959,4214,4214,320,1953,2273,10701
6473,169,12,181,2158,2339,638,434,512,1150,4678,4678,384,2158,2542,11898
6474,145,13,158,2000,2158,549,395,471,1020,4316,4316,338,2000,2338,10970
6475,161,4,165,2047,2212,525,361,451,976,4424,4424,341,2047,2388,11236
6476,148,9,157,1972,2129,558,387,466,1024,4258,4258,332,1972,2304,10820
6477,168,10,178,1944,2122,595,355,433,1028,4244,4244,378,1944,2322,10810
6478,167,9,176,2060,2236,586,358,432,1018,4472,4472,371,2060,2431,11375
6479,146,5,151,2095,2246,494,398,479,973,4492,4492,314,2095,2409,11393
6480,143,11,154,1998,2152,540,367,455,995,4304,4304,326,1998,2324,10932
6481,159,7,166,2021,2187,515,397,474,989,4374,4374,344,2021,2365,11113
6482,158,13,171,2082,2253,603,386,476,1079,4506,4506,373,2082,2455,11467
6483,148,13,161,2020,2181,551,365,452,1003,4362,4362,343,2020,2363,11087
6484,161,12,173,2109,2282,608,403,477,1085,4564,4564,368,2109,2477,11605
6485,161,12,173,2042,2215,612,371,444,1056,4430,4430,372,2042,2414,11274
6486,164,17,181,1979,2160,656,378,465,1121,4320,4320,395,1979,2374,11014
6487,157,12,169,1988,2157,606,366,453,1059,4314,4314,363,1988,2351,10979
6488,164,16,180,2023,2203,642,380,478,1120,4406,4406,394,2023,2417,11229
6489,170,9,179,2050,2229,635,434,530,1165,4458,4458,377,2050,2427,11343
6490,134,10,144,2035,2179,496,361,442,938,4358,4358,311,2035,2346,11062
6491,153,17,170,2041,2211,587,380,474,1061,4422,4422,370,2041,2411,11255
6492,149,13,162,2089,2251,549,392,477,1026,4502,4502,348,2089,2437,11441
6493,152,8,160,2061,2221,541,362,434,975,4442,4442,340,2061,2401,11285
6494,150,7,157,2065,2222,522,405,490,1012,4444,4444,327,2065,2392,11280
6495,149,13,162,2038,2200,532,390,487,1019,4400,4400,350,2038,2388,11188
6496,149,8,157,1959,2116,539,395,485,1024,4232,4232,330,1959,2289,10753
6497,155,14,169,2075,2244,613,406,490,1103,4488,4488,361,2075,2436,11412
6498,147,8,155,2046,2201,512,397,478,990,4402,4402,324,2046,2370,11174
6499,176,13,189,2090,2279,673,426,509,1182,4558,4558,404,2090,2494,11610
6500,162,7,169,1990,2159,578,374,456,1034,4318,4318,351,1990,2341,10977
6501,152,7,159,2077,2236,530,399,476,1006,4472,4472,334,2077,2411,11355
6502,162,14,176,2040,2216,647,418,515,1162,4432,4432,378,2040,2418,11282
6503,151,6,157,1899,2056,510,336,414,924,4112,4112,322,1899,2221,10445
6504,164,10,174,2008,2182,577,376,456,1033,4364,4364,370,2008,2378,11106
6505,151,9,160,2042,2202,580,370,455,1035,4404,4404,342,2042,2384,11192
6506,149,7,156,2025,2181,504,358,447,951,4362,4362,325,2025,2350,11074
6507,148,9,157,1984,2141,521,402,473,994,4282,4282,330,1984,2314,10878
6508,133,11,144,2071,2215,483,397,480,963,4430,4430,306,2071,2377,11237
6509,150,9,159,1961,2120,537,361,441,978,4240,4240,336,1961,2297,10777
6510,154,7,161,2031,2192,512,362,437,949,4384,4384,333,2031,2364,11132
6511,165,13,178,2042,2220,582,406,492,1074,4440,4440,383,2042,2425,11305
6512,157,5,162,2025,2187,535,385,472,1007,4374,4374,332,2025,2357,11105
6513,148,12,160,2075,2235,583,399,494,1077,4470,4470,343,2075,2418,11358
6514,157,10,167,2066,2233,579,377,454,1033,4466,4466,349,2066,2415,11347
6515,156,16,172,2050,2222,614,363,452,1066,4444,4444,376,2050,2426,11314
6516,155,14,169,2032,2201,616,375,476,1092,4402,4402,366,2032,2398,11202
6517,157,14,171,2003,2174,593,348,424,1017,4348,4348,366,2003,2369,11065
6518,132,11,143,2011,2154,520,358,447,967,4308,4308,309,2011,2320,10936
6519,162,4,166,2032,2198,525,377,466,991,4396,4396,342,2032,2374,11166
6520,157,18,175,1989,2164,612,393,474,1086,4328,4328,384,1989,2373,11029
6521,141,8,149,2050,2199,515,421,515,1030,4398,4398,315,2050,2365,11161
6522,150,4,154,2029,2183,537,395,490,1027,4366,4366,315,2029,2344,11076
6523,144,11,155,2026,2181,526,398,502,1028,4362,4362,332,2026,2358,11082
6524,166,12,178,2000,2178,632,365,435,1067,4356,4356,376,2000,2376,11088
6525,167,10,177,2110,2287,577,391,482,1059,4574,4574,373,2110,2483,11631
6526,153,11,164,1995,2159,565,377,464,1029,4318,4318,353,1995,2348,10984
6527,139,12,151,2008,2159,517,359,429,946,4318,4318,325,2008,2333,10969
6528,152,13,165,2002,2167,531,387,475,1006,4334,4334,359,2002,2361,11029
6529,136,8,144,2033,2177,539,357,444,983,4354,4354,305,2033,2338,11046
6530,154,6,160,2032,2192,520,357,436,956,4384,4384,331,2032,2363,11131
6531,161,9,170,1971,2141,579,389,468,1047,4282,4282,355,1971,2326,10890
6532,159,9,168,2099,2267,569,411,517,1086,4534,4534,354,2099,2453,11521
6533,170,12,182,2026,2208,613,366,442,1055,4416,4416,388,2026,2414,11246
6534,152,9,161,1992,2153,587,362,429,1016,4306,4306,346,1992,2338,10950
6535,166,14,180,2039,2219,627,370,454,1081,4438,4438,393,2039,2432,11308
6536,140,8,148,2044,2192,482,388,485,967,4384,4384,308,2044,2352,11120
6537,167,11,178,2075,2253,610,412,508,1118,4506,4506,382,2075,2457,11469
6538,133,9,142,2090,2232,517,413,507,1024,4464,4464,300,2090,2390,11318
6539,157,9,166,2089,2255,572,392,471,1043,4510,4510,351,2089,2440,11460
6540,147,11,158,2034,2192,516,392,483,999,4384,4384,334,2034,2368,11136
6541,160,4,164,1992,2156,535,350,424,959,4312,4312,334,1992,2326,10950
6542,159,6,165,2056,2221,544,408,503,1047,4442,4442,344,2056,2400,11284
6543,155,9,164,2045,2209,546,410,515,1061,4418,4418,345,2045,2390,11226
6544,158,13,171,2022,2193,580,372,454,1034,4386,4386,368,2022,2390,11162
6545,167,9,176,2103,2279,580,421,509,1089,4558,4558,371,2103,2474,11590
6546,154,10,164,2045,2209,552,393,476,1028,4418,4418,347,2045,2392,11228
6547,145,13,158,2055,2213,543,370,449,992,4426,4426,333,2055,2388,11240
6548,147,16,163,2045,2208,598,371,446,1044,4416,4416,357,2045,2402,11234
6549,135,7,142,1970,2112,508,378,463,971,4224,4224,300,1970,2270,10718
6550,149,6,155,2108,2263,505,379,468,973,4526,4526,327,2108,2435,11487
6551,146,12,158,2016,2174,538,377,459,997,4348,4348,341,2016,2357,11053
6552,162,7,169,2074,2243,573,428,527,1100,4486,4486,349,2074,2423,11395
6553,148,11,159,2091,2250,559,378,458,1017,4500,4500,340,2091,2431,11431
6554,143,15,158,1995,2153,551,384,463,1014,4306,4306,347,1995,2342,10954
6555,143,14,157,2120,2277,529,416,515,1044,4554,4554,342,2120,2462,11570
6556,159,13,172,2044,2216,574,365,451,1025,4432,4432,371,2044,2415,11279
6557,132,9,141,2069,2210,526,390,469,995,4420,4420,299,2069,2368,11208
6558,149,8,157,1981,2138,521,384,471,992,4276,4276,326,1981,2307,10859
6559,143,5,148,2046,2194,489,388,468,957,4388,4388,302,2046,2348,11124
6560,149,18,167,2092,2259,587,396,478,1065,4518,4518,365,2092,2457,11493
6561,161,8,169,2032,2201,555,369,455,1010,4402,4402,350,2032,2382,11186
6562,160,9,169,2029,2198,611,365,452,1063,4396,4396,359,2029,2388,11180
6563,147,9,156,2036,2192,505,388,490,995,4384,4384,324,2036,2360,11128
6564,144,12,156,1973,2129,543,358,455,998,4258,4258,332,1973,2305,10821
6565,162,10,172,2107,2279,522,407,517,1039,4558,4558,362,2107,2469,11585
6566,157,11,168,2035,2203,577,404,483,1060,4406,4406,362,2035,2397,11209
6567,164,5,169,2021,2190,563,365,446,1009,4380,4380,346,2021,2367,11127
6568,132,10,142,2077,2219,484,381,456,940,4438,4438,303,2077,2380,11256
6569,164,14,178,2163,2341,601,393,477,1078,4682,4682,381,2163,2544,11908
6570,149,9,158,2084,2242,538,395,492,1030,4484,4484,337,2084,2421,11389
6571,163,9,172,1956,2128,614,362,453,1067,4256,4256,367,1956,2323,10835
6572,164,2,166,2075,2241,518,355,433,951,4482,4482,337,2075,2412,11376
6573,139,9,148,1999,2147,534,385,480,1014,4294,4294,314,1999,2313,10901
6574,168,12,180,2019,2199,548,409,487,1035,4398,4398,383,2019,2402,11198
6575,162,9,171,2053,2224,543,362,431,974,4448,4448,356,2053,2409,11305
6576,139,12,151,2060,2211,512,409,513,1025,4422,4422,327,2060,2387,11231
6577,157,9,166,2048,2214,537,380,464,1001,4428,4428,349,2048,2397,11253
6578,156,6,162,2093,2255,543,436,530,1073,4510,4510,336,2093,2429,11449
6579,150,8,158,2095,2253,519,410,515,1034,4506,4506,328,2095,2423,11435
6580,142,12,154,1938,2092,544,389,484,1028,4184,4184,334,1938,2272,10640
6581,171,12,183,1963,2146,616,350,436,1052,4292,4292,391,1963,2354,10938
6582,159,11,170,2030,2200,594,383,470,1064,4400,4400,361,2030,2391,11191
6583,164,9,173,2036,2209,570,408,488,1058,4418,4418,367,2036,2403,11239
6584,152,7,159,2053,2212,551,364,439,990,4424,4424,332,2053,2385,11233
6585,117,18,135,1952,2087,463,370,444,907,4174,4174,298,1952,2250,10598
6586,153,12,165,2028,2193,576,364,448,1024,4386,4386,360,2028,2388,11160
6587,166,10,176,2061,2237,615,404,492,1107,4474,4474,374,2061,2435,11383
6588,165,10,175,2072,2247,580,393,479,1059,4494,4494,371,2072,2443,11431
6589,164,11,175,2027,2202,578,371,446,1024,4404,4404,369,2027,2396,11204
6590,158,12,170,1959,2129,604,360,454,1058,4258,4258,363,1959,2322,10838
6591,140,7,147,2009,2156,458,376,459,917,4312,4312,308,2009,2317,10941
6592,168,15,183,2007,2190,637,390,473,1110,4380,4380,396,2007,2403,11163
6593,145,6,151,2123,2274,498,407,522,1020,4548,4548,314,2123,2437,11533
6594,157,12,169,2037,2206,574,371,458,1032,4412,4412,360,2037,2397,11221
6595,162,13,175,1956,2131,583,365,452,1035,4262,4262,386,1956,2342,10866
6596,159,14,173,2076,2249,598,373,461,1059,4498,4498,373,2076,2449,11445
6597,133,12,145,1965,2110,480,368,459,939,4220,4220,315,1965,2280,10720
6598,150,14,164,2032,2196,627,371,466,1093,4392,4392,360,2032,2392,11176
6599,155,12,167,2043,2210,612,404,484,1096,4420,4420,355,2043,2398,11238
6600,140,14,154,1991,2145,564,392,471,1035,4290,4290,337,1991,2328,10908
6601,157,14,171,2061,2232,587,393,482,1069,4464,4464,367,2061,2428,11356
6602,171,14,185,2121,2306,663,384,476,1139,4612,4612,401,2121,2522,11746
6603,164,11,175,2082,2257,610,397,490,1100,4514,4514,371,2082,2453,11481
6604,142,17,159,2006,2165,571,392,482,1053,4330,4330,357,2006,2363,11023
6605,143,6,149,2077,2226,507,398,500,1007,4452,4452,309,2077,2386,11290
6606,174,13,187,2066,2253,639,407,494,1133,4506,4506,395,2066,2461,11473
6607,146,8,154,1988,2142,522,397,480,1002,4284,4284,324,1988,2312,10880
6608,176,11,187,2102,2289,655,390,500,1155,4578,4578,388,2102,2490,11646
6609,170,14,184,2079,2263,646,404,491,1137,4526,4526,397,2079,2476,11528
6610,151,6,157,2002,2159,511,355,423,934,4318,4318,325,2002,2327,10963
6611,158,11,169,2007,2176,576,381,453,1029,4352,4352,354,2007,2361,11065
6612,157,11,168,2053,2221,548,395,480,1028,4442,4442,353,2053,2406,11290
6613,148,12,160,1967,2127,503,365,447,950,4254,4254,339,1967,2306,10814
6614,138,12,150,1945,2095,517,386,470,987,4190,4190,323,1945,2268,10648
6615,151,8,159,2029,2188,516,393,464,980,4376,4376,336,2029,2365,11117
6616,144,8,152,1979,2131,508,397,485,993,4262,4262,318,1979,2297,10821
6617,162,7,169,2061,2230,530,387,476,1006,4460,4460,354,2061,2415,11335
6618,127,4,131,1980,2111,436,366,435,871,4222,4222,273,1980,2253,10697
6619,158,13,171,1986,2157,631,387,466,1097,4314,4314,377,1986,2363,10991
6620,156,11,167,2026,2193,574,392,481,1055,4386,4386,361,2026,2387,11159
6621,163,14,177,2075,2252,560,414,500,1060,4504,4504,378,2075,2453,11461
6622,146,7,153,2015,2168,496,381,476,972,4336,4336,318,2015,2333,11005
6623,165,19,184,2042,2226,643,382,476,1119,4452,4452,404,2042,2446,11350
6624,153,12,165,2042,2207,563,363,450,1013,4414,4414,357,2042,2399,11227
6625,163,15,178,2068,2246,593,393,471,1064,4492,4492,384,2068,2452,11436
6626,173,11,184,2017,2201,569,405,491,1060,4402,4402,391,2017,2408,11212
6627,152,9,161,2031,2192,546,386,461,1007,4384,4384,340,2031,2371,11139
6628,137,11,148,1983,2131,515,371,456,971,4262,4262,317,1983,2300,10824
6629,168,10,178,2038,2216,630,404,490,1120,4432,4432,375,2038,2413,11277
6630,143,16,159,2004,2163,585,378,461,1046,4326,4326,344,2004,2348,11000
6631,144,10,154,2034,2188,521,358,436,957,4376,4376,330,2034,2364,11116
6632,156,12,168,2072,2240,571,384,473,1044,4480,4480,361,2072,2433,11393
6633,151,14,165,2082,2247,573,377,462,1035,4494,4494,354,2082,2436,11424
6634,160,7,167,1953,2120,526,385,481,1007,4240,4240,345,1953,2298,10778
6635,149,11,160,1971,2131,510,363,458,968,4262,4262,340,1971,2311,10835
6636,150,10,160,1939,2099,530,385,466,996,4198,4198,343,1939,2282,10678
6637,131,12,143,2050,2193,463,390,468,931,4386,4386,303,2050,2353,11125
6638,174,10,184,2083,2267,617,409,502,1119,4534,4534,382,2083,2465,11533
6639,166,13,179,2030,2209,575,360,425,1000,4418,4418,380,2030,2410,11246
6640,148,14,162,2049,2211,590,381,477,1067,4422,4422,358,2049,2407,11251
6641,160,11,171,2004,2175,560,379,477,1037,4350,4350,363,2004,2367,11067
6642,138,10,148,2004,2152,514,365,438,952,4304,4304,312,2004,2316,10924
6643,157,14,171,1999,2170,612,371,450,1062,4340,4340,364,1999,2363,11043
6644,153,13,166,2025,2191,560,370,461,1021,4382,4382,360,2025,2385,11149
6645,150,7,157,2032,2189,486,389,496,982,4378,4378,326,2032,2358,11114
6646,167,9,176,2134,2310,593,400,487,1080,4620,4620,375,2134,2509,11749
6647,163,9,172,2027,2199,589,365,441,1030,4398,4398,363,2027,2390,11186
6648,161,13,174,2074,2248,646,388,470,1116,4496,4496,384,2074,2458,11450
6649,165,15,180,1992,2172,624,374,458,1082,4344,4344,393,1992,2385,11073
6650,155,16,171,1986,2157,581,382,447,1028,4314,4314,375,1986,2361,10989
6651,155,12,167,1954,2121,578,364,442,1020,4242,4242,354,1954,2308,10792
6652,149,10,159,1996,2155,531,373,450,981,4310,4310,339,1996,2335,10955
6653,150,16,166,2043,2209,632,397,485,1117,4418,4418,359,2043,2402,11238
6654,153,7,160,2042,2202,512,390,467,979,4404,4404,333,2042,2375,11183
6655,147,12,159,2119,2278,598,414,494,1092,4556,4556,346,2119,2465,11577
6656,163,12,175,1974,2149,599,361,443,1042,4298,4298,373,1974,2347,10943
6657,152,13,165,2054,2219,564,385,459,1023,4438,4438,357,2054,2411,11287
6658,154,6,160,1980,2140,531,375,451,982,4280,4280,327,1980,2307,10867
6659,135,11,146,2028,2174,506,375,449,955,4348,4348,317,2028,2345,11041
6660,143,8,151,2054,2205,501,389,472,973,4410,4410,322,2054,2376,11196
6661,157,13,170,1986,2156,552,361,434,986,4312,4312,373,1986,2359,10983
6662,157,12,169,2038,2207,573,385,462,1035,4414,4414,361,2038,2399,11227
6663,146,14,160,2059,2219,559,401,493,1052,4438,4438,347,2059,2406,11282
6664,143,11,154,2123,2277,502,367,467,969,4554,4554,331,2123,2454,11562
6665,156,5,161,2099,2260,538,400,496,1034,4520,4520,331,2099,2430,11470
6666,147,13,160,1945,2105,543,369,442,985,4210,4210,345,1945,2290,10710
6667,174,8,182,1933,2115,617,340,415,1032,4230,4230,381,1933,2314,10774
6668,142,16,158,2053,2211,567,401,496,1063,4422,4422,346,2053,2399,11243
6669,157,11,168,1967,2135,576,367,436,1012,4270,4270,355,1967,2322,10862
6670,162,18,180,2101,2281,641,395,494,1135,4562,4562,392,2101,2493,11617
6671,144,10,154,2058,2212,520,401,492,1012,4424,4424,328,2058,2386,11234
6672,145,14,159,1963,2122,556,353,422,978,4244,4244,346,1963,2309,10797
6673,132,13,145,2023,2168,516,378,457,973,4336,4336,318,2023,2341,11013
6674,140,9,149,2115,2264,485,377,462,947,4528,4528,316,2115,2431,11487
6675,150,11,161,2019,2180,547,364,436,983,4360,4360,341,2019,2360,11080
6676,170,16,186,1943,2129,694,366,457,1151,4258,4258,408,1943,2351,10867
6677,172,10,182,2061,2243,605,379,466,1071,4486,4486,384,2061,2445,11417
6678,162,16,178,2003,2181,641,366,448,1089,4362,4362,392,2003,2395,11119
6679,148,9,157,2062,2219,543,398,483,1026,4438,4438,337,2062,2399,11275
6680,168,12,180,1980,2160,606,387,480,1086,4320,4320,382,1980,2362,11002
6681,136,3,139,2020,2159,449,426,523,972,4318,4318,285,2020,2305,10941
6682,154,8,162,2049,2211,578,392,465,1043,4422,4422,343,2049,2392,11236
6683,147,13,160,1948,2108,593,365,437,1030,4216,4216,350,1948,2298,10730
6684,140,13,153,2037,2190,517,386,473,990,4380,4380,328,2037,2365,11125
6685,141,12,153,1927,2080,530,381,452,982,4160,4160,329,1927,2256,10576
6686,169,10,179,2083,2262,569,373,455,1024,4524,4524,373,2083,2456,11504
6687,136,8,144,2071,2215,479,396,474,953,4430,4430,301,2071,2372,11232
6688,154,16,170,2053,2223,600,395,484,1084,4446,4446,371,2053,2424,11316
6689,173,11,184,1968,2152,596,390,491,1087,4304,4304,388,1968,2356,10964
6690,194,11,205,2029,2234,667,356,454,1121,4468,4468,439,2029,2468,11404
6691,147,12,159,2016,2175,556,387,467,1023,4350,4350,340,2016,2356,11056
6692,144,9,153,2059,2212,473,423,502,975,4424,4424,320,2059,2379,11227
6693,158,10,168,2114,2282,552,427,509,1061,4564,4564,353,2114,2467,11595
6694,147,10,157,1988,2145,526,393,468,994,4290,4290,331,1988,2319,10899
6695,153,11,164,2089,2253,562,401,483,1045,4506,4506,352,2089,2441,11453
6696,161,16,177,2065,2242,607,396,478,1085,4484,4484,387,2065,2452,11420
6697,158,14,172,1972,2144,601,398,495,1096,4288,4288,370,1972,2342,10918
6698,155,11,166,2074,2240,568,400,498,1066,4480,4480,350,2074,2424,11384
6699,153,10,163,1956,2119,555,366,438,993,4238,4238,349,1956,2305,10781
6700,172,11,183,2006,2189,603,389,468,1071,4378,4378,386,2006,2392,11148
6701,157,11,168,2011,2179,541,352,411,952,4358,4358,355,2011,2366,11082
6702,148,11,159,2080,2239,533,404,503,1036,4478,4478,341,2080,2421,11377
6703,165,15,180,2067,2247,606,402,491,1097,4494,4494,402,2067,2469,11457
6704,152,13,165,2023,2188,580,366,458,1038,4376,4376,358,2023,2381,11133
6705,159,11,170,2051,2221,548,414,485,1033,4442,4442,360,2051,2411,11295
6706,132,10,142,2092,2234,510,386,465,975,4468,4468,307,2092,2399,11335
6707,138,11,149,2030,2179,492,392,478,970,4358,4358,317,2030,2347,11063
6708,138,6,144,2028,2172,470,379,469,939,4344,4344,304,2028,2332,11020
6709,167,11,178,2035,2213,623,372,462,1085,4426,4426,375,2035,2410,11262
6710,172,7,179,2001,2180,568,373,448,1016,4360,4360,371,2001,2372,11092
6711,131,9,140,1966,2106,460,372,446,906,4212,4212,292,1966,2258,10682
6712,124,4,128,2061,2189,427,396,501,928,4378,4378,261,2061,2322,11078
6713,152,4,156,2013,2169,485,379,461,946,4338,4338,320,2013,2333,11009
6714,154,13,167,2053,2220,557,381,477,1034,4440,4440,357,2053,2410,11290
6715,150,11,161,2009,2170,591,409,493,1084,4340,4340,345,2009,2354,11034
6716,147,11,158,2043,2201,548,384,466,1014,4402,4402,332,2043,2375,11179
6717,159,12,171,1997,2168,552,354,427,979,4336,4336,361,1997,2358,11030
6718,158,12,170,2048,2218,554,383,473,1027,4436,4436,357,2048,2405,11277
6719,142,8,150,2018,2168,513,397,470,983,4336,4336,316,2018,2334,11006
6720,165,13,178,2012,2190,636,413,494,1130,4380,4380,375,2012,2387,11147
6721,149,12,161,2120,2281,546,393,485,1031,4562,4562,348,2120,2468,11592
6722,125,7,132,1973,2105,426,344,411,837,4210,4210,278,1973,2251,10671
6723,154,14,168,2079,2247,589,382,471,1060,4494,4494,368,2079,2447,11435
6724,177,13,190,2079,2269,647,416,499,1146,4538,4538,404,2079,2483,11559
6725,146,8,154,2053,2207,514,366,437,951,4414,4414,319,2053,2372,11200
6726,166,9,175,2039,2214,573,404,489,1062,4428,4428,365,2039,2404,11260
6727,142,14,156,2003,2159,548,368,455,1003,4318,4318,340,2003,2343,10979
6728,132,6,138,1961,2099,459,368,441,900,4198,4198,289,1961,2250,10646
6729,151,7,158,2052,2210,540,369,447,987,4420,4420,332,2052,2384,11224
6730,160,10,170,2027,2197,578,424,509,1087,4394,4394,355,2027,2382,11170
6731,137,11,148,2118,2266,506,410,510,1016,4532,4532,314,2118,2432,11496
6732,144,6,150,1981,2131,488,385,456,944,4262,4262,307,1981,2288,10812
6733,153,7,160,1972,2132,505,363,448,953,4264,4264,335,1972,2307,10835
6734,175,13,188,1984,2172,646,373,447,1093,4344,4344,406,1984,2390,11078
6735,135,9,144,2052,2196,442,384,478,920,4392,4392,304,2052,2356,11140
6736,152,9,161,2079,2240,559,384,476,1035,4480,4480,339,2079,2418,11378
6737,159,9,168,2041,2209,574,412,512,1086,4418,4418,354,2041,2395,11231
6738,168,13,181,2056,2237,621,383,457,1078,4474,4474,394,2056,2450,11398
6739,175,13,188,2017,2205,602,358,446,1048,4410,4410,399,2017,2416,11236
6740,145,9,154,2022,2176,499,358,440,939,4352,4352,322,2022,2344,11048
6741,150,11,161,2052,2213,543,405,513,1056,4426,4426,339,2052,2391,11243
6742,155,10,165,2067,2232,565,376,474,1039,4464,4464,348,2067,2415,11343
6743,137,9,146,2070,2216,471,400,490,961,4432,4432,306,2070,2376,11240
6744,150,8,158,2021,2179,533,366,452,985,4358,4358,328,2021,2349,11065
6745,139,10,149,2083,2232,503,375,470,973,4464,4464,320,2083,2403,11331
6746,163,17,180,2008,2188,619,373,467,1086,4376,4376,392,2008,2400,11152
6747,149,11,160,2057,2217,550,372,452,1002,4434,4434,340,2057,2397,11265
6748,156,13,169,2005,2174,580,356,446,1026,4348,4348,365,2005,2370,11066
6749,155,16,171,1982,2153,620,374,450,1070,4306,4306,376,1982,2358,10970
6750,169,6,175,2050,2225,600,407,500,1100,4450,4450,359,2050,2409,11309
6751,172,12,184,1990,2174,641,355,431,1072,4348,4348,393,1990,2383,11079
6752,155,12,167,2071,2238,543,400,483,1026,4476,4476,352,2071,2423,11375
6753,146,12,158,2044,2202,517,392,476,993,4404,4404,336,2044,2380,11188
6754,152,10,162,2024,2186,570,386,468,1038,4372,4372,341,2024,2365,11109
6755,168,9,177,2041,2218,578,356,432,1010,4436,4436,375,2041,2416,11288
6756,153,10,163,2069,2232,520,388,473,993,4464,4464,345,2069,2414,11342
6757,175,5,180,1996,2176,566,380,454,1020,4352,4352,369,1996,2365,11069
6758,140,10,150,1982,2132,485,369,447,932,4264,4264,317,1982,2299,10827
6759,136,5,141,2021,2162,476,381,465,941,4324,4324,292,2021,2313,10961
6760,173,14,187,2120,2307,712,390,475,1187,4614,4614,402,2120,2522,11750
6761,152,9,161,2116,2277,497,415,497,994,4554,4554,341,2116,2457,11565
6762,158,3,161,2051,2212,507,388,483,990,4424,4424,330,2051,2381,11229
6763,125,7,132,2092,2224,456,409,498,954,4448,4448,276,2092,2368,11264
6764,171,12,183,1957,2140,621,428,519,1140,4280,4280,386,1957,2343,10903
6765,161,6,167,2085,2252,518,385,470,988,4504,4504,342,2085,2427,11435
6766,146,9,155,2027,2182,519,395,481,1000,4364,4364,323,2027,2350,11078
6767,146,9,155,2003,2158,525,369,458,983,4316,4316,327,2003,2330,10962
6768,149,11,160,1975,2135,571,373,448,1019,4270,4270,335,1975,2310,10850
6769,174,7,181,1974,2155,589,377,475,1064,4310,4310,375,1974,2349,10969
6770,158,10,168,2001,2169,600,352,438,1038,4338,4338,364,2001,2365,11041
6771,131,10,141,1984,2125,471,365,441,912,4250,4250,300,1984,2284,10784
6772,171,10,181,2024,2205,635,365,446,1081,4410,4410,383,2024,2407,11227
6773,150,15,165,2085,2250,581,366,445,1026,4500,4500,359,2085,2444,11444
6774,142,12,154,2069,2223,533,393,479,1012,4446,4446,329,2069,2398,11290
6775,158,8,166,1977,2143,530,349,421,951,4286,4286,347,1977,2324,10896
6776,176,7,183,2034,2217,616,394,466,1082,4434,4434,380,2034,2414,11282
6777,162,13,175,2091,2266,582,400,477,1059,4532,4532,375,2091,2466,11530
6778,127,10,137,1977,2114,451,380,474,925,4228,4228,292,1977,2269,10725
6779,163,11,174,1928,2102,567,372,461,1028,4204,4204,367,1928,2295,10703
6780,151,13,164,1970,2134,587,382,470,1057,4268,4268,352,1970,2322,10858
6781,152,10,162,1951,2113,525,375,460,985,4226,4226,339,1951,2290,10742
6782,159,13,172,2032,2204,615,393,498,1113,4408,4408,367,2032,2399,11215
6783,144,9,153,2026,2179,537,372,451,988,4358,4358,325,2026,2351,11067
6784,160,7,167,2136,2303,558,404,497,1055,4606,4606,348,2136,2484,11696
6785,169,10,179,1993,2172,558,395,492,1050,4344,4344,373,1993,2366,11054
6786,158,11,169,2106,2275,574,438,521,1095,4550,4550,360,2106,2466,11566
6787,143,14,157,2100,2257,538,408,503,1041,4514,4514,338,2100,2438,11466
6788,152,11,163,1954,2117,555,375,458,1013,4234,4234,344,1954,2298,10766
6789,153,7,160,2051,2211,531,395,489,1020,4422,4422,333,2051,2384,11228
6790,154,16,170,1999,2169,576,387,474,1050,4338,4338,369,1999,2368,11044
6791,163,12,175,2051,2226,590,393,484,1074,4452,4452,372,2051,2423,11327
6792,147,6,153,1971,2124,527,376,455,982,4248,4248,323,1971,2294,10790
6793,159,6,165,2025,2190,553,390,478,1031,4380,4380,345,2025,2370,11130
6794,132,11,143,1990,2133,495,401,482,977,4266,4266,313,1990,2303,10835
6795,183,7,190,2052,2242,639,392,480,1119,4484,4484,399,2052,2451,11419
6796,127,18,145,2062,2207,493,429,539,1032,4414,4414,321,2062,2383,11211
6797,167,8,175,2074,2249,544,411,501,1045,4498,4498,369,2074,2443,11439
6798,168,7,175,2062,2237,557,348,421,978,4474,4474,365,2062,2427,11375
6799,139,9,148,1933,2081,478,369,469,947,4162,4162,313,1933,2246,10570
6800,160,13,173,2071,2244,566,355,445,1011,4488,4488,377,2071,2448,11424
6801,144,4,148,2082,2230,484,402,485,969,4460,4460,302,2082,2384,11304
6802,131,11,142,2002,2144,493,340,421,914,4288,4288,306,2002,2308,10884
6803,139,10,149,2055,2204,506,412,522,1028,4408,4408,317,2055,2372,11188
6804,132,8,140,2075,2215,468,377,451,919,4430,4430,296,2075,2371,11231
6805,142,13,155,2036,2191,546,402,488,1034,4382,4382,337,2036,2373,11137
6806,145,10,155,1971,2126,543,377,452,995,4252,4252,331,1971,2302,10806
6807,144,11,155,1962,2117,523,379,467,990,4234,4234,330,1962,2292,10760
6808,153,11,164,2046,2210,508,406,491,999,4420,4420,347,2046,2393,11233
6809,147,12,159,2012,2171,518,371,445,963,4342,4342,339,2012,2351,11035
6810,149,5,154,2045,2199,517,384,462,979,4398,4398,319,2045,2364,11160
6811,126,10,136,1966,2102,478,374,464,942,4204,4204,293,1966,2259,10667
6812,151,8,159,2093,2252,527,411,494,1021,4504,4504,338,2093,2431,11439
6813,173,7,180,2065,2245,571,372,455,1026,4490,4490,372,2065,2437,11417
6814,153,9,162,2001,2163,528,368,448,976,4326,4326,338,2001,2339,10991
6815,155,16,171,1993,2164,596,389,474,1070,4328,4328,371,1993,2364,11020
6816,151,16,167,2003,2170,602,358,441,1043,4340,4340,372,2003,2375,11055
6817,163,12,175,2001,2176,595,374,464,1059,4352,4352,371,2001,2372,11076
6818,163,10,173,2012,2185,621,398,489,1110,4370,4370,361,2012,2373,11113
6819,127,15,142,2018,2160,515,396,476,991,4320,4320,317,2018,2335,10975
6820,149,10,159,2125,2284,526,416,510,1036,4568,4568,332,2125,2457,11593
6821,149,12,161,2082,2243,597,390,474,1071,4486,4486,346,2082,2428,11400
6822,157,16,173,2095,2268,629,394,490,1119,4536,4536,378,2095,2473,11545
6823,159,10,169,2031,2200,549,385,456,1005,4400,4400,359,2031,2390,11190
6824,170,10,180,2021,2201,598,374,457,1055,4402,4402,382,2021,2403,11207
6825,134,9,143,1945,2088,499,358,436,935,4176,4176,302,1945,2247,10599
6826,138,8,146,2031,2177,478,379,459,937,4354,4354,304,2031,2335,11043
6827,152,8,160,1987,2147,556,373,458,1014,4294,4294,339,1987,2326,10914
6828,131,9,140,2061,2201,488,382,451,939,4402,4402,291,2061,2352,11156
6829,161,10,171,2017,2188,575,369,442,1017,4376,4376,361,2017,2378,11130
6830,157,11,168,2079,2247,542,375,470,1012,4494,4494,359,2079,2438,11426
6831,169,12,181,2117,2298,615,412,515,1130,4596,4596,398,2117,2515,11707
6832,179,10,189,2068,2257,635,394,480,1115,4514,4514,401,2068,2469,11497
6833,163,13,176,2060,2236,636,383,473,1109,4472,4472,382,2060,2442,11386
6834,146,11,157,2009,2166,545,353,443,988,4332,4332,337,2009,2346,11010
6835,172,18,190,2069,2259,690,386,478,1168,4518,4518,414,2069,2483,11519
6836,138,9,147,2102,2249,508,383,480,988,4498,4498,310,2102,2412,11408
6837,153,8,161,2053,2214,540,381,464,1004,4428,4428,340,2053,2393,11249
6838,129,7,136,1959,2095,465,375,454,919,4190,4190,289,1959,2248,10628
6839,147,19,166,2053,2219,594,385,467,1061,4438,4438,366,2053,2419,11295
6840,135,8,143,2092,2235,460,399,481,941,4470,4470,304,2092,2396,11336
6841,151,13,164,2074,2238,567,398,481,1048,4476,4476,353,2074,2427,11379
6842,150,5,155,2011,2166,545,387,464,1009,4332,4332,318,2011,2329,10993
6843,153,8,161,2014,2175,532,339,418,950,4350,4350,336,2014,2350,11050
6844,146,4,150,1960,2110,478,396,477,955,4220,4220,307,1960,2267,10707
6845,140,13,153,2028,2181,505,371,445,950,4362,4362,326,2028,2354,11078
6846,147,10,157,2094,2251,556,390,464,1020,4502,4502,332,2094,2426,11430
6847,159,9,168,2053,2221,578,376,442,1020,4442,4442,350,2053,2403,11287
6848,160,9,169,1967,2136,598,369,464,1062,4272,4272,352,1967,2319,10863
6849,170,14,184,2099,2283,649,402,492,1141,4566,4566,394,2099,2493,11625
6850,135,6,141,2051,2192,455,370,456,911,4384,4384,292,2051,2343,11111
6851,139,10,149,2006,2155,480,362,439,919,4310,4310,317,2006,2323,10943
6852,168,11,179,2036,2215,574,355,428,1002,4430,4430,381,2036,2417,11277
6853,163,8,171,1994,2165,545,387,476,1021,4330,4330,356,1994,2350,11010
6854,163,10,173,2086,2259,575,417,495,1070,4518,4518,362,2086,2448,11484
6855,145,10,155,2008,2163,489,356,423,912,4326,4326,327,2008,2335,10987
6856,131,9,140,2099,2239,472,427,520,992,4478,4478,301,2099,2400,11356
6857,130,13,143,2029,2172,502,375,446,948,4344,4344,316,2029,2345,11033
6858,157,17,174,2020,2194,589,386,464,1053,4388,4388,385,2020,2405,11181
6859,135,4,139,2092,2231,468,386,477,945,4462,4462,286,2092,2378,11302
6860,180,11,191,2026,2217,666,383,474,1140,4434,4434,407,2026,2433,11301
6861,165,17,182,2087,2269,615,388,485,1100,4538,4538,395,2087,2482,11558
6862,139,6,145,2065,2210,503,432,527,1030,4420,4420,304,2065,2369,11209
6863,142,11,153,2051,2204,525,377,448,973,4408,4408,326,2051,2377,11193
6864,136,6,142,2054,2196,440,376,467,907,4392,4392,296,2054,2350,11134
6865,157,7,164,2099,2263,532,400,491,1023,4526,4526,339,2099,2438,11490
6866,152,12,164,1994,2158,526,372,458,984,4316,4316,353,1994,2347,10979
6867,163,5,168,2014,2182,554,392,476,1030,4364,4364,350,2014,2364,11092
6868,152,13,165,2084,2249,599,388,481,1080,4498,4498,357,2084,2441,11437
6869,143,11,154,2041,2195,539,380,477,1016,4390,4390,333,2041,2374,11154
6870,164,9,173,2051,2224,599,370,451,1050,4448,4448,360,2051,2411,11307
6871,147,6,153,2060,2213,504,402,484,988,4426,4426,320,2060,2380,11232
6872,168,6,174,2031,2205,626,380,470,1096,4410,4410,359,2031,2390,11210
6873,171,7,178,2060,2238,588,379,456,1044,4476,4476,365,2060,2425,11377
6874,147,7,154,2080,2234,524,377,466,990,4468,4468,322,2080,2402,11338
6875,131,13,144,2123,2267,499,416,507,1006,4534,4534,312,2123,2435,11503
6876,181,9,190,2062,2252,623,401,485,1108,4504,4504,393,2062,2455,11463
6877,168,9,177,2056,2233,582,377,466,1048,4466,4466,376,2056,2432,11364
6878,153,11,164,2000,2164,522,413,508,1030,4328,4328,353,2000,2353,11009
6879,145,9,154,1988,2142,497,394,468,965,4284,4284,324,1988,2312,10880
6880,164,14,178,1986,2164,579,396,478,1057,4328,4328,386,1986,2372,11028
6881,153,15,168,1956,2124,577,412,513,1090,4248,4248,365,1956,2321,10817
6882,141,14,155,2012,2167,523,357,446,969,4334,4334,337,2012,2349,11017
6883,154,18,172,1945,2117,579,383,485,1064,4234,4234,375,1945,2320,10788
6884,151,6,157,1988,2145,463,390,487,950,4290,4290,326,1988,2314,10894
6885,141,9,150,1984,2134,566,378,452,1018,4268,4268,326,1984,2310,10846
6886,160,13,173,2077,2250,578,372,441,1019,4500,4500,369,2077,2446,11446
6887,139,9,148,2008,2156,519,392,467,986,4312,4312,313,2008,2321,10945
6888,130,7,137,2099,2236,471,379,459,930,4472,4472,290,2099,2389,11333
6889,139,8,147,2042,2189,493,404,480,973,4378,4378,309,2042,2351,11107
6890,150,6,156,2094,2250,491,406,489,980,4500,4500,326,2094,2420,11420
6891,169,4,173,2052,2225,586,398,486,1072,4450,4450,355,2052,2407,11307
6892,141,12,153,2045,2198,506,396,496,1002,4396,4396,328,2045,2373,11165
6893,171,10,181,2029,2210,632,369,459,1091,4420,4420,377,2029,2406,11246
6894,159,13,172,2076,2248,586,388,482,1068,4496,4496,370,2076,2446,11438
6895,143,6,149,2027,2176,482,369,458,940,4352,4352,312,2027,2339,11043
6896,143,6,149,2032,2181,533,386,480,1013,4362,4362,313,2032,2345,11069
6897,159,11,170,1954,2124,613,378,459,1072,4248,4248,361,1954,2315,10811
6898,176,8,184,1993,2177,608,418,500,1108,4354,4354,383,1993,2376,11084
6899,158,22,180,2031,2211,648,375,455,1103,4422,4422,395,2031,2426,11270
6900,149,8,157,2089,2246,530,404,478,1008,4492,4492,334,2089,2423,11407
6901,154,10,164,2070,2234,537,422,516,1053,4468,4468,353,2070,2423,11359
6902,159,10,169,2036,2205,569,377,460,1029,4410,4410,354,2036,2390,11210
6903,165,10,175,2012,2187,606,363,447,1053,4374,4374,368,2012,2380,11128
6904,156,11,167,2075,2242,545,382,449,994,4484,4484,354,2075,2429,11397
6905,146,16,162,2012,2174,577,379,452,1029,4348,4348,354,2012,2366,11062
6906,143,12,155,2094,2249,542,389,472,1014,4498,4498,334,2094,2428,11424
6907,135,9,144,1956,2100,499,360,444,943,4200,4200,312,1956,2268,10668
6908,144,8,152,2075,2227,528,403,498,1026,4454,4454,321,2075,2396,11304
6909,158,14,172,2011,2183,619,379,447,1066,4366,4366,375,2011,2386,11118
6910,154,14,168,2065,2233,570,379,464,1034,4466,4466,366,2065,2431,11363
6911,144,16,160,2047,2207,544,346,427,971,4414,4414,342,2047,2389,11217
6912,146,13,159,1990,2149,505,373,450,955,4298,4298,343,1990,2333,10929
6913,147,13,160,2023,2183,522,355,435,957,4366,4366,346,2023,2369,11101
6914,164,10,174,2023,2197,589,385,470,1059,4394,4394,369,2023,2392,11180
6915,168,6,174,2011,2185,579,395,492,1071,4370,4370,358,2011,2369,11109
6916,135,13,148,2025,2173,509,384,482,991,4346,4346,320,2025,2345,11037
6917,148,14,162,2036,2198,550,397,501,1051,4396,4396,353,2036,2389,11181
6918,174,11,185,1997,2182,671,398,490,1161,4364,4364,397,1997,2394,11122
6919,154,11,165,2089,2254,553,404,497,1050,4508,4508,350,2089,2439,11455
6920,160,12,172,1987,2159,590,375,452,1042,4318,4318,373,1987,2360,10996
6921,165,6,171,2023,2194,544,410,491,1035,4388,4388,354,2023,2377,11153
6922,166,8,174,2042,2216,596,378,451,1047,4432,4432,363,2042,2405,11269
6923,149,8,157,2044,2201,524,364,440,964,4402,4402,338,2044,2382,11186
6924,166,12,178,1990,2168,623,398,484,1107,4336,4336,380,1990,2370,11042
6925,142,7,149,2089,2238,504,407,489,993,4476,4476,313,2089,2402,11354
6926,163,11,174,2028,2202,647,411,493,1140,4404,4404,366,2028,2394,11202
6927,157,8,165,2053,2218,568,391,477,1045,4436,4436,344,2053,2397,11269
6928,142,5,147,2059,2206,474,419,523,997,4412,4412,301,2059,2360,11184
6929,149,12,161,2078,2239,551,396,495,1046,4478,4478,341,2078,2419,11375
6930,165,9,174,2035,2209,571,359,442,1013,4418,4418,366,2035,2401,11237
6931,146,13,159,2084,2243,544,381,459,1003,4486,4486,346,2084,2430,11402
6932,142,10,152,2040,2192,547,380,474,1021,4384,4384,324,2040,2364,11132
6933,160,8,168,2073,2241,555,397,493,1048,4482,4482,358,2073,2431,11395
6934,156,9,165,2060,2225,542,364,448,990,4450,4450,343,2060,2403,11303
6935,136,10,146,1997,2143,525,406,501,1026,4286,4286,314,1997,2311,10883
6936,139,7,146,2002,2148,477,356,442,919,4296,4296,310,2002,2312,10904
6937,150,15,165,2069,2234,571,417,514,1085,4468,4468,366,2069,2435,11371
6938,175,13,188,1993,2181,632,357,436,1068,4362,4362,401,1993,2394,11118
6939,149,7,156,2049,2205,538,358,448,986,4410,4410,324,2049,2373,11193
6940,166,7,173,1957,2130,595,348,424,1019,4260,4260,359,1957,2316,10836
6941,163,11,174,2003,2177,578,381,469,1047,4354,4354,372,2003,2375,11083
6942,162,11,173,2061,2234,588,371,452,1040,4468,4468,368,2061,2429,11365
6943,154,9,163,2030,2193,541,370,456,997,4386,4386,339,2030,2369,11141
6944,153,13,166,2008,2174,582,376,456,1038,4348,4348,357,2008,2365,11061
6945,154,17,171,1996,2167,649,419,526,1175,4334,4334,386,1996,2382,11050
6946,140,12,152,2003,2155,552,400,500,1052,4310,4310,322,2003,2325,10945
6947,157,8,165,2119,2284,537,369,436,973,4568,4568,348,2119,2467,11603
6948,166,9,175,2016,2191,600,382,468,1068,4382,4382,365,2016,2381,11145
6949,154,8,162,2000,2162,533,374,448,981,4324,4324,344,2000,2344,10992
6950,165,22,187,2071,2258,645,423,522,1167,4516,4516,411,2071,2482,11514
6951,159,10,169,1945,2114,594,360,430,1024,4228,4228,362,1945,2307,10763
6952,139,13,152,2103,2255,567,379,446,1013,4510,4510,338,2103,2441,11461
6953,135,10,145,2008,2153,501,415,500,1001,4306,4306,315,2008,2323,10935
6954,149,8,157,2006,2163,541,379,463,1004,4326,4326,328,2006,2334,10986
6955,154,9,163,2023,2186,517,364,439,956,4372,4372,344,2023,2367,11111
6956,168,10,178,2009,2187,579,364,443,1022,4374,4374,374,2009,2383,11131
6957,160,14,174,1989,2163,581,369,446,1027,4326,4326,372,1989,2361,11013
6958,151,15,166,2038,2204,590,389,465,1055,4408,4408,359,2038,2397,11213
6959,154,10,164,2130,2294,573,386,470,1043,4588,4588,347,2130,2477,11653
6960,159,17,176,1925,2101,630,389,485,1115,4202,4202,381,1925,2306,10710
6961,156,11,167,2046,2213,555,364,438,993,4426,4426,358,2046,2404,11256
6962,141,13,154,1982,2136,542,370,442,984,4272,4272,335,1982,2317,10861
6963,162,10,172,2060,2232,551,400,496,1047,4464,4464,367,2060,2427,11355
6964,135,12,147,2007,2154,530,403,498,1028,4308,4308,314,2007,2321,10937
6965,156,9,165,2088,2253,521,430,531,1052,4506,4506,347,2088,2435,11447
6966,135,15,150,1963,2113,515,392,481,996,4226,4226,328,1963,2291,10743
6967,129,13,142,2009,2151,525,364,446,971,4302,4302,311,2009,2320,10924
6968,164,6,170,1994,2164,569,398,476,1045,4328,4328,354,1994,2348,11004
6969,167,13,180,1892,2072,593,355,432,1025,4144,4144,385,1892,2277,10565
6970,162,10,172,2013,2185,580,375,461,1041,4370,4370,363,2013,2376,11116
6971,127,12,139,1990,2129,460,385,459,919,4258,4258,300,1990,2290,10806
6972,147,8,155,2037,2192,509,385,475,984,4384,4384,325,2037,2362,11130
6973,166,8,174,2035,2209,578,359,454,1032,4418,4418,361,2035,2396,11232
6974,161,14,175,2042,2217,594,386,480,1074,4434,4434,381,2042,2423,11291
6975,187,6,193,2062,2255,612,396,477,1089,4510,4510,398,2062,2460,11480
6976,134,8,142,2004,2146,468,376,442,910,4292,4292,305,2004,2309,10893
6977,159,7,166,2072,2238,577,397,492,1069,4476,4476,349,2072,2421,11373
6978,140,10,150,1973,2123,526,394,471,997,4246,4246,327,1973,2300,10792
6979,149,11,160,2016,2176,500,381,470,970,4352,4352,336,2016,2352,11056
6980,137,7,144,2023,2167,488,388,464,952,4334,4334,302,2023,2325,10993
6981,155,7,162,2080,2242,548,391,495,1043,4484,4484,335,2080,2415,11383
6982,167,12,179,1969,2148,625,376,466,1091,4296,4296,382,1969,2351,10943
6983,155,11,166,2070,2236,607,343,411,1018,4472,4472,356,2070,2426,11370
6984,139,11,150,2060,2210,545,389,480,1025,4420,4420,329,2060,2389,11229
6985,155,12,167,2027,2194,535,374,459,994,4388,4388,349,2027,2376,11152
6986,151,9,160,2038,2198,532,397,477,1009,4396,4396,336,2038,2374,11166
6987,143,11,154,1979,2133,498,360,446,944,4266,4266,326,1979,2305,10837
6988,183,9,192,2080,2272,678,419,504,1182,4544,4544,404,2080,2484,11572
6989,155,11,166,1982,2148,547,406,495,1042,4296,4296,353,1982,2335,10927
6990,140,8,148,2065,2213,487,388,479,966,4426,4426,311,2065,2376,11228
6991,147,11,158,2038,2196,504,391,476,980,4392,4392,334,2038,2372,11156
6992,149,11,160,2061,2221,550,449,544,1094,4442,4442,340,2061,2401,11285
6993,164,9,173,2056,2229,570,407,490,1060,4458,4458,369,2056,2425,11341
6994,128,9,137,2033,2170,474,417,496,970,4340,4340,289,2033,2322,11002
6995,158,9,167,1982,2149,567,355,422,989,4298,4298,351,1982,2333,10929
6996,157,8,165,2053,2218,574,381,459,1033,4436,4436,348,2053,2401,11273
6997,166,16,182,2019,2201,629,401,495,1124,4402,4402,393,2019,2412,11216
6998,142,12,154,2039,2193,538,399,477,1015,4386,4386,337,2039,2376,11148
6999,165,11,176,2033,2209,597,402,481,1078,4418,4418,374,2033,2407,11243
7000,170,14,184,2067,2251,624,378,467,1091,4502,4502,392,2067,2459,11463
7001,142,10,152,1984,2136,546,342,420,966,4272,4272,326,1984,2310,10854
7002,146,9,155,1999,2154,550,398,479,1029,4308,4308,334,1999,2333,10949
7003,168,11,179,2083,2262,609,386,468,1077,4524,4524,382,2083,2465,11513
7004,152,9,161,2053,2214,561,392,470,1031,4428,4428,341,2053,2394,11250
7005,135,11,146,2082,2228,498,391,483,981,4456,4456,313,2082,2395,11307
7006,156,12,168,2026,2194,563,411,496,1059,4388,4388,354,2026,2380,11156
7007,157,10,167,2035,2202,587,365,451,1038,4404,4404,354,2035,2389,11197
7008,157,7,164,2086,2250,568,407,497,1065,4500,4500,341,2086,2427,11427
7009,150,4,154,2055,2209,510,375,453,963,4418,4418,322,2055,2377,11213
7010,165,12,177,2067,2244,587,373,450,1037,4488,4488,371,2067,2438,11414
7011,159,7,166,1955,2121,547,376,452,999,4242,4242,343,1955,2298,10782
7012,140,6,146,1987,2133,492,362,430,922,4266,4266,299,1987,2286,10818
7013,160,5,165,2019,2184,524,408,506,1030,4368,4368,341,2019,2360,11096
7014,121,13,134,1994,2128,474,387,452,926,4256,4256,294,1994,2288,10800
7015,156,9,165,2155,2320,547,418,511,1058,4640,4640,348,2155,2503,11783
7016,162,13,175,2039,2214,609,407,511,1120,4428,4428,372,2039,2411,11267
7017,158,12,170,1975,2145,562,385,469,1031,4290,4290,361,1975,2336,10916
7018,153,2,155,1990,2145,509,382,447,956,4290,4290,313,1990,2303,10883
7019,145,12,157,2058,2215,520,344,416,936,4430,4430,333,2058,2391,11251
7020,161,10,171,2001,2172,569,378,465,1034,4344,4344,360,2001,2361,11049
7021,161,11,172,2055,2227,549,372,454,1003,4454,4454,363,2055,2418,11326
7022,162,10,172,2099,2271,591,391,479,1070,4542,4542,367,2099,2466,11550
7023,141,16,157,1929,2086,531,355,430,961,4172,4172,343,1929,2272,10616
7024,161,10,171,1980,2151,581,337,413,994,4302,4302,370,1980,2350,10954
7025,155,7,162,2019,2181,529,407,485,1014,4362,4362,340,2019,2359,11083
7026,153,10,163,2126,2289,546,414,502,1048,4578,4578,344,2126,2470,11626
7027,149,9,158,1994,2152,524,378,459,983,4304,4304,334,1994,2328,10936
7028,140,9,149,2021,2170,503,375,454,957,4340,4340,317,2021,2338,11018
7029,164,12,176,2053,2229,569,383,466,1035,4458,4458,372,2053,2425,11341
7030,156,11,167,2050,2217,559,405,513,1072,4434,4434,355,2050,2405,11273
7031,144,13,157,1966,2123,581,387,472,1053,4246,4246,336,1966,2302,10794
7032,165,7,172,2051,2223,511,387,485,996,4446,4446,355,2051,2406,11298
7033,154,10,164,2010,2174,544,395,473,1017,4348,4348,353,2010,2363,11059
7034,149,13,162,2017,2179,522,372,456,978,4358,4358,353,2017,2370,11086
7035,171,20,191,2010,2201,698,357,432,1130,4402,4402,419,2010,2429,11233
7036,143,10,153,2029,2182,531,378,456,987,4364,4364,327,2029,2356,11084
7037,128,13,141,2006,2147,476,401,479,955,4294,4294,303,2006,2309,10897
7038,145,6,151,1973,2124,485,388,468,953,4248,4248,313,1973,2286,10782
7039,162,4,166,2103,2269,546,374,456,1002,4538,4538,338,2103,2441,11517
7040,168,10,178,2049,2227,578,420,508,1086,4454,4454,374,2049,2423,11331
7041,144,10,154,1970,2124,500,346,437,937,4248,4248,322,1970,2292,10788
7042,143,11,154,2017,2171,542,366,445,987,4342,4342,330,2017,2347,11031
7043,162,6,168,2079,2247,547,369,463,1010,4494,4494,344,2079,2423,11411
7044,163,7,170,2042,2212,590,397,483,1073,4424,4424,355,2042,2397,11245
7045,165,6,171,2003,2174,548,361,449,997,4348,4348,351,2003,2354,11050
7046,151,11,162,2046,2208,545,390,466,1011,4416,4416,346,2046,2392,11224
7047,153,10,163,2046,2209,545,361,442,987,4418,4418,344,2046,2390,11226
7048,144,7,151,2025,2176,513,395,484,997,4352,4352,317,2025,2342,11046
7049,161,12,173,2014,2187,608,402,494,1102,4374,4374,365,2014,2379,11127
7050,163,8,171,2108,2279,562,405,500,1062,4558,4558,359,2108,2467,11583
7051,150,12,162,2040,2202,564,395,473,1037,4404,4404,353,2040,2393,11201
7052,161,5,166,2044,2210,565,331,400,965,4420,4420,338,2044,2382,11222
7053,165,8,173,2099,2272,534,402,503,1037,4544,4544,359,2099,2458,11546
7054,161,8,169,2056,2225,569,403,495,1064,4450,4450,351,2056,2407,11307
7055,159,11,170,2035,2205,586,342,435,1021,4410,4410,361,2035,2396,11216
7056,148,7,155,2025,2180,535,404,506,1041,4360,4360,326,2025,2351,11071
7057,168,8,176,2099,2275,548,399,494,1042,4550,4550,369,2099,2468,11568
7058,159,12,171,2030,2201,579,407,510,1089,4402,4402,362,2030,2392,11196
7059,156,13,169,1970,2139,609,410,477,1086,4278,4278,366,1970,2336,10892
7060,138,9,147,2059,2206,525,394,475,1000,4412,4412,308,2059,2367,11191
7061,161,11,172,2082,2254,626,388,474,1100,4508,4508,372,2082,2454,11470
7062,166,11,177,2062,2239,614,394,496,1110,4478,4478,376,2062,2438,11394
7063,151,8,159,2077,2236,553,366,451,1004,4472,4472,335,2077,2412,11356
7064,179,8,187,2039,2226,636,382,471,1107,4452,4452,389,2039,2428,11332
7065,145,9,154,1985,2139,523,373,451,974,4278,4278,326,1985,2311,10867
7066,154,8,162,2029,2191,543,377,471,1014,4382,4382,335,2029,2364,11128
7067,160,9,169,2091,2260,566,361,447,1013,4520,4520,356,2091,2447,11487
7068,163,8,171,2028,2199,570,346,415,985,4398,4398,358,2028,2386,11182
7069,152,12,164,1960,2124,592,370,458,1050,4248,4248,354,1960,2314,10810
7070,141,13,154,1950,2104,550,342,416,966,4208,4208,338,1950,2288,10704
7071,150,12,162,2029,2191,564,356,429,993,4382,4382,346,2029,2375,11139
7072,161,10,171,2103,2274,585,378,457,1042,4548,4548,357,2103,2460,11556
7073,160,14,174,2038,2212,577,398,474,1051,4424,4424,375,2038,2413,11261
7074,155,8,163,2015,2178,590,390,474,1064,4356,4356,348,2015,2363,11075
7075,147,13,160,2107,2267,567,384,459,1026,4534,4534,346,2107,2453,11521
7076,154,9,163,2070,2233,565,386,482,1047,4466,4466,346,2070,2416,11348
7077,161,9,170,2027,2197,569,350,428,997,4394,4394,357,2027,2384,11172
7078,155,7,162,1959,2121,515,382,460,975,4242,4242,337,1959,2296,10780
7079,154,8,162,2064,2226,528,386,469,997,4452,4452,339,2064,2403,11307
7080,132,10,142,1999,2141,484,388,484,968,4282,4282,305,1999,2304,10868
7081,141,12,153,2090,2243,519,405,497,1016,4486,4486,330,2090,2420,11392
7082,178,11,189,2021,2210,638,380,485,1123,4420,4420,398,2021,2419,11259
7083,159,13,172,2068,2240,573,401,488,1061,4480,4480,366,2068,2434,11394
7084,156,12,168,2031,2199,548,368,450,998,4398,4398,356,2031,2387,11183
7085,139,11,150,2018,2168,516,384,473,989,4336,4336,319,2018,2337,11009
7086,170,10,180,2095,2275,634,411,500,1134,4550,4550,378,2095,2473,11573
7087,155,10,165,2060,2225,496,401,494,990,4450,4450,352,2060,2412,11312
7088,148,9,157,2019,2176,513,367,433,946,4352,4352,330,2019,2349,11053
7089,167,5,172,1997,2169,539,392,483,1022,4338,4338,351,1997,2348,11024
7090,146,13,159,2060,2219,560,375,465,1025,4438,4438,342,2060,2402,11278
7091,152,9,161,1959,2120,579,365,445,1024,4240,4240,342,1959,2301,10781
7092,146,15,161,1964,2125,554,358,437,991,4250,4250,347,1964,2311,10811
7093,162,12,174,2050,2224,564,353,425,989,4448,4448,374,2050,2424,11320
7094,148,7,155,2044,2199,495,405,482,977,4398,4398,328,2044,2372,11168
7095,144,5,149,2081,2230,499,393,490,989,4460,4460,309,2081,2390,11310
7096,146,10,156,2033,2189,526,371,448,974,4378,4378,334,2033,2367,11123
7097,143,7,150,1924,2074,527,342,411,938,4148,4148,319,1924,2243,10539
7098,149,7,156,2056,2212,517,402,485,1002,4424,4424,327,2056,2383,11231
7099,138,3,141,2134,2275,471,397,485,956,4550,4550,287,2134,2421,11521
7100,129,13,142,1974,2116,456,365,434,890,4232,4232,306,1974,2280,10744
7101,151,6,157,2108,2265,494,389,474,968,4530,4530,323,2108,2431,11491
7102,164,8,172,2092,2264,602,403,492,1094,4528,4528,366,2092,2458,11514
7103,158,12,170,1985,2155,541,375,460,1001,4310,4310,361,1985,2346,10966
7104,147,4,151,2010,2161,509,415,508,1017,4322,4322,310,2010,2320,10964
7105,158,13,171,2139,2310,581,430,545,1126,4620,4620,367,2139,2506,11746
7106,144,7,151,2028,2179,492,385,469,961,4358,4358,316,2028,2344,11060
7107,135,8,143,2007,2150,489,369,447,936,4300,4300,297,2007,2304,10904
7108,147,5,152,2045,2197,495,377,454,949,4394,4394,316,2045,2361,11149
7109,149,9,158,1997,2155,517,385,478,995,4310,4310,331,1997,2328,10948
7110,134,2,136,2130,2266,451,364,448,899,4532,4532,280,2130,2410,11474
7111,157,9,166,1997,2163,583,398,478,1061,4326,4326,351,1997,2348,11000
7112,146,8,154,2108,2262,529,400,475,1004,4524,4524,325,2108,2433,11481
7113,152,7,159,2005,2164,550,381,466,1016,4328,4328,339,2005,2344,11000
7114,158,10,168,2037,2205,551,380,464,1015,4410,4410,355,2037,2392,11212
7115,169,10,179,2045,2224,630,364,439,1069,4448,4448,379,2045,2424,11320
7116,158,8,166,2010,2176,606,402,493,1099,4352,4352,355,2010,2365,11069
7117,180,18,198,1984,2182,687,386,469,1156,4364,4364,431,1984,2415,11143
7118,159,10,169,2059,2228,558,369,456,1014,4456,4456,357,2059,2416,11328
7119,152,12,164,2082,2246,554,404,499,1053,4492,4492,354,2082,2436,11420
7120,161,12,173,2013,2186,576,390,479,1055,4372,4372,374,2013,2387,11131
7121,166,13,179,2041,2220,601,409,488,1089,4440,4440,383,2041,2424,11304
7122,154,8,162,2076,2238,542,374,466,1008,4476,4476,340,2076,2416,11368
7123,137,10,147,2084,2231,487,416,517,1004,4462,4462,314,2084,2398,11322
7124,155,14,169,1989,2158,569,379,469,1038,4316,4316,363,1989,2352,10984
7125,147,11,158,2013,2171,525,363,443,968,4342,4342,333,2013,2346,11030
7126,154,9,163,1971,2134,574,384,471,1045,4268,4268,349,1971,2320,10856
7127,162,7,169,2047,2216,525,398,487,1012,4432,4432,353,2047,2400,11264
7128,134,12,146,2023,2169,480,380,461,941,4338,4338,314,2023,2337,11013
7129,142,18,160,2071,2231,539,417,513,1052,4462,4462,360,2071,2431,11355
7130,134,15,149,2046,2195,547,400,491,1038,4390,4390,329,2046,2375,11155
7131,149,12,161,2022,2183,585,385,475,1060,4366,4366,348,2022,2370,11102
7132,163,4,167,1966,2133,570,350,425,995,4266,4266,347,1966,2313,10845
7133,153,11,164,1994,2158,550,396,486,1036,4316,4316,347,1994,2341,10973
7134,144,12,156,2002,2158,508,384,476,984,4316,4316,336,2002,2338,10970
7135,139,10,149,2078,2227,502,400,475,977,4454,4454,316,2078,2394,11302
7136,153,10,163,2010,2173,553,366,437,990,4346,4346,342,2010,2352,11044
7137,149,18,167,2056,2223,603,387,464,1067,4446,4446,373,2056,2429,11321
7138,153,8,161,2062,2223,537,405,497,1034,4446,4446,340,2062,2402,11294
7139,136,7,143,2007,2150,451,356,447,898,4300,4300,298,2007,2305,10905
7140,140,13,153,2062,2215,532,366,445,977,4430,4430,328,2062,2390,11250
7141,155,11,166,2029,2195,567,387,478,1045,4390,4390,359,2029,2388,11168
7142,150,7,157,2053,2210,529,400,473,1002,4420,4420,329,2053,2382,11222
7143,151,13,164,2025,2189,575,401,481,1056,4378,4378,354,2025,2379,11135
7144,144,11,155,2076,2231,528,376,446,974,4462,4462,330,2076,2406,11330
7145,150,7,157,1971,2128,542,341,418,960,4256,4256,329,1971,2300,10812
7146,132,8,140,2050,2190,478,405,491,969,4380,4380,297,2050,2347,11107
7147,135,12,147,2039,2186,530,389,481,1011,4372,4372,314,2039,2353,11097
7148,133,14,147,2128,2275,514,458,569,1083,4550,4550,314,2128,2442,11542
7149,141,13,154,2143,2297,576,408,506,1082,4594,4594,333,2143,2476,11664
7150,130,11,141,2020,2161,502,372,456,958,4322,4322,305,2020,2325,10969
7151,159,7,166,1972,2138,516,399,475,991,4276,4276,342,1972,2314,10866
7152,162,11,173,1997,2170,587,389,476,1063,4340,4340,370,1997,2367,11047
7153,182,9,191,2031,2222,648,371,441,1089,4444,4444,403,2031,2434,11322
7154,158,12,170,2097,2267,584,391,478,1062,4534,4534,367,2097,2464,11532
7155,153,10,163,2081,2244,561,412,510,1071,4488,4488,345,2081,2426,11402
7156,151,10,161,1964,2125,559,378,461,1020,4250,4250,339,1964,2303,10803
7157,142,8,150,2008,2158,493,364,450,943,4316,4316,314,2008,2322,10954
7158,161,9,170,2066,2236,554,403,500,1054,4472,4472,354,2066,2420,11364
7159,132,11,143,1970,2113,512,376,448,960,4226,4226,308,1970,2278,10730
7160,165,10,175,2092,2267,571,389,464,1035,4534,4534,374,2092,2466,11534
7161,155,11,166,2030,2196,541,388,467,1008,4392,4392,358,2030,2388,11172
7162,163,10,173,2040,2213,597,400,496,1093,4426,4426,371,2040,2411,11263
7163,156,7,163,2051,2214,538,396,495,1033,4428,4428,341,2051,2392,11248
7164,150,11,161,2083,2244,544,407,497,1041,4488,4488,339,2083,2422,11398
7165,173,6,179,2023,2202,613,393,494,1107,4404,4404,376,2023,2399,11207
7166,143,12,155,2081,2236,555,426,522,1077,4472,4472,334,2081,2415,11359
7167,160,10,170,2022,2192,589,355,437,1026,4384,4384,364,2022,2386,11154
7168,149,14,163,2067,2230,558,404,488,1046,4460,4460,348,2067,2415,11335
7169,166,10,176,2088,2264,610,405,506,1116,4528,4528,369,2088,2457,11513
7170,157,11,168,1961,2129,576,377,452,1028,4258,4258,354,1961,2315,10831
7171,138,9,147,2021,2168,496,366,460,956,4336,4336,314,2021,2335,11007
7172,162,11,173,2001,2174,559,359,443,1002,4348,4348,366,2001,2367,11063
7173,155,9,164,2040,2204,563,381,455,1018,4408,4408,354,2040,2394,11210
7174,175,7,182,2115,2297,582,411,507,1089,4594,4594,380,2115,2495,11683
7175,150,11,161,2056,2217,571,352,420,991,4434,4434,346,2056,2402,11270
7176,142,12,154,2016,2170,504,374,461,965,4340,4340,332,2016,2348,11028
7177,129,6,135,2021,2156,431,397,497,928,4312,4312,283,2021,2304,10928
7178,146,8,154,2061,2215,500,397,483,983,4430,4430,325,2061,2386,11246
7179,147,7,154,1978,2132,496,396,479,975,4264,4264,321,1978,2299,10827
7180,159,7,166,1983,2149,565,382,459,1024,4298,4298,346,1983,2329,10925
7181,158,12,170,1971,2141,617,372,467,1084,4282,4282,363,1971,2334,10898
7182,151,10,161,2068,2229,561,413,503,1064,4458,4458,339,2068,2407,11323
7183,136,11,147,2135,2282,498,419,511,1009,4564,4564,309,2135,2444,11572
7184,148,10,158,2088,2246,538,398,488,1026,4492,4492,335,2088,2423,11407
7185,150,12,162,2033,2195,531,363,455,986,4390,4390,349,2033,2382,11162
7186,148,13,161,1975,2136,562,360,447,1009,4272,4272,343,1975,2318,10862
7187,163,11,174,1993,2167,609,359,429,1038,4334,4334,368,1993,2361,11029
7188,152,4,156,2014,2170,525,375,447,972,4340,4340,325,2014,2339,11019
7189,156,12,168,2070,2238,553,400,482,1035,4476,4476,351,2070,2421,11373
7190,152,7,159,2019,2178,504,373,448,952,4356,4356,333,2019,2352,11064
7191,141,9,150,1994,2144,512,373,449,961,4288,4288,322,1994,2316,10892
7192,149,11,160,1977,2137,532,379,460,992,4274,4274,346,1977,2323,10871
7193,147,13,160,1944,2104,547,383,476,1023,4208,4208,344,1944,2288,10704
7194,120,10,130,2063,2193,450,397,487,937,4386,4386,292,2063,2355,11127
7195,148,13,161,2023,2184,570,394,479,1049,4368,4368,347,2023,2370,11106
7196,159,5,164,2043,2207,523,367,445,968,4414,4414,339,2043,2382,11210
7197,159,10,169,2075,2244,581,394,482,1063,4488,4488,358,2075,2433,11409
7198,141,14,155,2068,2223,589,396,488,1077,4446,4446,339,2068,2407,11299
7199,144,9,153,2010,2163,538,371,459,997,4326,4326,319,2010,2329,10981
7200,167,11,178,1983,2161,561,357,436,997,4322,4322,378,1983,2361,11005
7201,150,8,158,2013,2171,501,368,460,961,4342,4342,328,2013,2341,11025
7202,163,22,185,2004,2189,713,351,431,1144,4378,4378,415,2004,2419,11175
7203,159,11,170,1990,2160,569,350,417,986,4320,4320,360,1990,2350,10990
7204,162,6,168,2072,2240,557,431,518,1075,4480,4480,352,2072,2424,11384
7205,143,13,156,2110,2266,536,398,481,1017,4532,4532,346,2110,2456,11520
7206,176,13,189,2091,2280,619,379,469,1088,4560,4560,406,2091,2497,11617
7207,153,13,166,2020,2186,569,384,470,1039,4372,4372,356,2020,2376,11120
7208,168,10,178,2081,2259,599,367,459,1058,4518,4518,376,2081,2457,11493
7209,162,7,169,2045,2214,554,392,470,1024,4428,4428,352,2045,2397,11253
7210,154,13,167,2087,2254,584,406,502,1086,4508,4508,353,2087,2440,11456
7211,146,14,160,2083,2243,539,410,513,1052,4486,4486,345,2083,2428,11400
7212,161,7,168,1988,2156,587,368,432,1019,4312,4312,352,1988,2340,10964
7213,149,13,162,2052,2214,548,407,495,1043,4428,4428,355,2052,2407,11263
7214,145,13,158,2058,2216,580,398,475,1055,4432,4432,342,2058,2400,11264
7215,165,9,174,2096,2270,601,391,485,1086,4540,4540,369,2096,2465,11545
7216,151,13,164,2035,2199,540,359,445,985,4398,4398,353,2035,2388,11184
7217,150,9,159,1992,2151,574,404,483,1057,4302,4302,346,1992,2338,10942
7218,157,12,169,1987,2156,579,395,494,1073,4312,4312,355,1987,2342,10966
7219,170,14,184,2063,2247,612,369,440,1052,4494,4494,401,2063,2464,11452
7220,157,10,167,2115,2282,575,421,519,1094,4564,4564,347,2115,2462,11590
7221,153,16,169,2011,2180,583,398,482,1065,4360,4360,373,2011,2384,11104
7222,162,7,169,2075,2244,559,389,477,1036,4488,4488,353,2075,2428,11404
7223,175,11,186,1982,2168,640,384,473,1113,4336,4336,400,1982,2382,11054
7224,147,7,154,2033,2187,531,399,506,1037,4374,4374,326,2033,2359,11107
7225,146,12,158,1965,2123,519,356,449,968,4246,4246,338,1965,2303,10795
7226,171,13,184,2036,2220,646,419,498,1144,4440,4440,399,2036,2435,11315
7227,144,6,150,2007,2157,452,382,467,919,4314,4314,311,2007,2318,10946
7228,161,4,165,2039,2204,523,391,481,1004,4408,4408,337,2039,2376,11192
7229,158,3,161,2017,2178,557,406,502,1059,4356,4356,328,2017,2345,11057
7230,146,10,156,2022,2178,517,406,493,1010,4356,4356,329,2022,2351,11063
7231,162,12,174,2036,2210,618,392,471,1089,4420,4420,371,2036,2407,11247
7232,132,15,147,2020,2167,510,401,485,995,4334,4334,318,2020,2338,11006
7233,156,10,166,1973,2139,558,392,471,1029,4278,4278,350,1973,2323,10879
7234,149,10,159,1985,2144,545,369,450,995,4288,4288,338,1985,2323,10899
7235,131,11,142,2100,2242,500,401,491,991,4484,4484,305,2100,2405,11373
7236,170,9,179,1980,2159,588,391,474,1062,4318,4318,374,1980,2354,10990
7237,154,10,164,2048,2212,563,361,443,1006,4424,4424,350,2048,2398,11246
7238,143,9,152,2003,2155,520,360,439,959,4310,4310,319,2003,2322,10942
7239,141,13,154,2077,2231,506,414,515,1021,4462,4462,337,2077,2414,11338
7240,149,14,163,2019,2182,562,408,512,1074,4364,4364,357,2019,2376,11104
7241,139,10,149,2024,2173,494,404,500,994,4346,4346,312,2024,2336,11028
7242,144,12,156,2031,2187,536,393,474,1010,4374,4374,343,2031,2374,11122
7243,160,6,166,2040,2206,571,391,482,1053,4412,4412,347,2040,2387,11211
7244,154,9,163,2059,2222,561,394,465,1026,4444,4444,339,2059,2398,11286
7245,151,7,158,2006,2164,494,381,464,958,4328,4328,327,2006,2333,10989
7246,134,13,147,2036,2183,512,386,465,977,4366,4366,321,2036,2357,11089
7247,145,4,149,2118,2267,464,368,451,915,4534,4534,303,2118,2421,11489
7248,156,8,164,1997,2161,514,366,433,947,4322,4322,343,1997,2340,10984
7249,172,13,185,2048,2233,611,403,485,1096,4466,4466,393,2048,2441,11373
7250,164,7,171,2049,2220,594,387,474,1068,4440,4440,350,2049,2399,11279
7251,140,8,148,2038,2186,502,395,475,977,4372,4372,310,2038,2348,11092
7252,127,7,134,2007,2141,441,378,467,908,4282,4282,282,2007,2289,10853
7253,151,12,163,2014,2177,577,371,455,1032,4354,4354,350,2014,2364,11072
7254,149,8,157,2001,2158,515,388,469,984,4316,4316,333,2001,2334,10966
7255,134,11,145,1969,2114,474,357,426,900,4228,4228,306,1969,2275,10731
7256,149,5,154,2078,2232,475,412,506,981,4464,4464,316,2078,2394,11322
7257,161,8,169,2029,2198,568,383,471,1039,4396,4396,351,2029,2380,11172
7258,144,12,156,2021,2177,545,368,439,984,4354,4354,333,2021,2354,11062
7259,129,8,137,1968,2105,449,346,417,866,4210,4210,293,1968,2261,10681
7260,153,12,165,2021,2186,534,380,463,997,4372,4372,351,2021,2372,11116
7261,162,9,171,2071,2242,574,444,544,1118,4484,4484,357,2071,2428,11396
7262,136,8,144,2065,2209,503,422,523,1026,4418,4418,303,2065,2368,11204
7263,145,7,152,2036,2188,499,403,495,994,4376,4376,318,2036,2354,11106
7264,158,9,167,2035,2202,568,375,448,1016,4404,4404,350,2035,2385,11193
7265,165,14,179,2055,2234,612,386,478,1090,4468,4468,390,2055,2445,11381
7266,149,14,163,1937,2100,556,360,436,992,4200,4200,353,1937,2290,10690
7267,163,9,172,1937,2109,607,355,447,1054,4218,4218,358,1937,2295,10731
7268,148,7,155,2108,2263,498,376,460,958,4526,4526,324,2108,2432,11484
7269,144,17,161,1967,2128,552,355,437,989,4256,4256,356,1967,2323,10835
7270,131,7,138,2038,2176,443,375,457,900,4352,4352,289,2038,2327,11031
7271,168,7,175,2029,2204,558,393,485,1043,4408,4408,365,2029,2394,11210
7272,146,6,152,2053,2205,519,389,483,1002,4410,4410,314,2053,2367,11187
7273,134,14,148,2047,2195,520,382,472,992,4390,4390,324,2047,2371,11151
7274,165,12,177,1978,2155,596,379,473,1069,4310,4310,380,1978,2358,10978
7275,149,18,167,2097,2264,590,396,491,1081,4528,4528,367,2097,2464,11520
7276,157,6,163,2103,2266,557,401,484,1041,4532,4532,337,2103,2440,11504
7277,144,10,154,1994,2148,553,390,475,1028,4296,4296,325,1994,2319,10911
7278,160,11,171,2121,2292,581,369,441,1022,4584,4584,365,2121,2486,11654
7279,154,10,164,2077,2241,617,399,470,1087,4482,4482,361,2077,2438,11402
7280,148,12,160,1975,2135,527,384,473,1000,4270,4270,346,1975,2321,10861
7281,147,11,158,1959,2117,557,380,468,1025,4234,4234,340,1959,2299,10767
7282,153,13,166,2080,2246,539,415,506,1045,4492,4492,355,2080,2435,11419
7283,147,8,155,2073,2228,526,387,465,991,4456,4456,326,2073,2399,11311
7284,132,9,141,1987,2128,474,396,481,955,4256,4256,296,1987,2283,10795
7285,157,8,165,1922,2087,559,363,433,992,4174,4174,352,1922,2274,10622
7286,165,12,177,2026,2203,631,432,540,1171,4406,4406,376,2026,2402,11214
7287,145,7,152,1988,2140,477,352,437,914,4280,4280,313,1988,2301,10861
7288,150,10,160,2038,2198,544,391,487,1031,4396,4396,336,2038,2374,11166
7289,143,11,154,2018,2172,490,387,458,948,4344,4344,328,2018,2346,11034
7290,167,9,176,2053,2229,560,402,488,1048,4458,4458,364,2053,2417,11333
7291,114,5,119,2012,2131,372,373,466,838,4262,4262,244,2012,2256,10780
7292,160,12,172,2025,2197,588,408,508,1096,4394,4394,369,2025,2394,11182
7293,157,12,169,1959,2128,608,356,423,1031,4256,4256,362,1959,2321,10833
7294,142,9,151,2053,2204,491,387,467,958,4408,4408,319,2053,2372,11188
7295,184,7,191,2045,2236,642,387,467,1109,4472,4472,393,2045,2438,11382
7296,159,11,170,2053,2223,568,378,454,1022,4446,4446,364,2053,2417,11309
7297,156,3,159,1986,2145,491,380,455,946,4290,4290,322,1986,2308,10888
7298,145,19,164,2024,2188,575,393,486,1061,4376,4376,369,2024,2393,11145
7299,147,12,159,1975,2134,534,382,452,986,4268,4268,342,1975,2317,10853
7300,149,13,162,1973,2135,554,394,468,1022,4270,4270,346,1973,2319,10859
7301,140,13,153,2115,2268,563,392,485,1048,4536,4536,330,2115,2445,11517
7302,150,9,159,2053,2212,526,393,476,1002,4424,4424,335,2053,2388,11236
7303,144,6,150,2130,2280,509,396,472,981,4560,4560,307,2130,2437,11557
7304,147,12,159,2060,2219,503,377,463,966,4438,4438,340,2060,2400,11276
7305,149,9,158,1966,2124,499,337,406,905,4248,4248,332,1966,2298,10794
7306,135,11,146,2056,2202,517,415,510,1027,4404,4404,311,2056,2367,11175
7307,121,11,132,2080,2212,448,412,508,956,4424,4424,284,2080,2364,11212
7308,163,11,174,2010,2184,553,393,478,1031,4368,4368,369,2010,2379,11115
7309,149,12,161,1975,2136,550,360,441,991,4272,4272,354,1975,2329,10873
7310,153,10,163,2028,2191,522,381,463,985,4382,4382,341,2028,2369,11133
7311,143,11,154,2059,2213,515,419,510,1025,4426,4426,325,2059,2384,11236
7312,145,15,160,2030,2190,557,396,486,1043,4380,4380,357,2030,2387,11147
7313,157,10,167,2044,2211,540,374,456,996,4422,4422,355,2044,2399,11243
7314,169,6,175,2050,2225,560,367,456,1016,4450,4450,361,2050,2411,11311
7315,126,10,136,2074,2210,448,406,491,939,4420,4420,291,2074,2365,11205
7316,150,8,158,2091,2249,499,407,509,1008,4498,4498,332,2091,2423,11419
7317,153,13,166,2069,2235,563,392,492,1055,4470,4470,353,2069,2422,11362
7318,160,6,166,1980,2146,558,349,435,993,4292,4292,349,1980,2329,10913
7319,140,13,153,2006,2159,522,361,448,970,4318,4318,328,2006,2334,10970
7320,157,15,172,2055,2227,603,410,511,1114,4454,4454,373,2055,2428,11336
7321,152,8,160,2065,2225,515,383,461,976,4450,4450,337,2065,2402,11302
7322,141,9,150,2003,2153,509,365,451,960,4306,4306,323,2003,2326,10938
7323,143,17,160,2112,2272,595,384,461,1056,4544,4544,350,2112,2462,11550
7324,142,9,151,1931,2082,498,360,431,929,4164,4164,322,1931,2253,10581
7325,153,12,165,2067,2232,606,351,439,1045,4464,4464,354,2067,2421,11349
7326,149,16,165,2010,2175,575,384,472,1047,4350,4350,361,2010,2371,11071
7327,156,13,169,2025,2194,572,419,514,1086,4388,4388,364,2025,2389,11165
7328,149,13,162,2081,2243,618,435,521,1139,4486,4486,353,2081,2434,11406
7329,134,9,143,1983,2126,451,369,445,896,4252,4252,299,1983,2282,10786
7330,155,10,165,2106,2271,530,383,451,981,4542,4542,349,2106,2455,11539
7331,156,17,173,1988,2161,594,379,461,1055,4322,4322,383,1988,2371,11015
7332,154,12,166,1993,2159,556,383,458,1014,4318,4318,353,1993,2346,10982
7333,157,8,165,2040,2205,592,392,480,1072,4410,4410,348,2040,2388,11208
7334,157,13,170,2122,2292,598,391,490,1088,4584,4584,364,2122,2486,11654
7335,157,8,165,2041,2206,535,367,446,981,4412,4412,345,2041,2386,11210
7336,156,11,167,2013,2180,569,353,420,989,4360,4360,358,2013,2371,11091
7337,134,8,142,1958,2100,516,348,439,955,4200,4200,304,1958,2262,10662
7338,156,12,168,2095,2263,581,377,462,1043,4526,4526,362,2095,2457,11509
7339,167,8,175,2051,2226,605,388,473,1078,4452,4452,365,2051,2416,11320
7340,155,10,165,2062,2227,572,390,481,1053,4454,4454,355,2062,2417,11325
7341,171,11,182,2009,2191,588,365,435,1023,4382,4382,384,2009,2393,11157
7342,169,12,181,1991,2172,615,362,439,1054,4344,4344,385,1991,2376,11064
7343,159,12,171,2047,2218,594,418,510,1104,4436,4436,367,2047,2414,11286
7344,150,9,159,2014,2173,524,359,439,963,4346,4346,333,2014,2347,11039
7345,168,9,177,2076,2253,590,394,495,1085,4506,4506,373,2076,2449,11461
7346,160,9,169,2035,2204,535,370,452,987,4408,4408,355,2035,2390,11206
7347,148,4,152,2080,2232,510,388,473,983,4464,4464,310,2080,2390,11318
7348,146,9,155,2010,2165,520,354,435,955,4330,4330,322,2010,2332,10992
7349,132,13,145,2146,2291,495,428,517,1012,4582,4582,315,2146,2461,11625
7350,146,10,156,2081,2237,520,400,492,1012,4474,4474,329,2081,2410,11358
7351,175,8,183,2078,2261,582,379,460,1042,4522,4522,387,2078,2465,11509
7352,144,10,154,2056,2210,531,358,444,975,4420,4420,330,2056,2386,11226
7353,171,18,189,1956,2145,668,364,456,1124,4290,4290,417,1956,2373,10953
7354,154,8,162,2066,2228,548,431,540,1088,4456,4456,342,2066,2408,11320
7355,167,12,179,2065,2244,613,424,522,1135,4488,4488,381,2065,2446,11422
7356,140,10,150,2101,2251,514,427,530,1044,4502,4502,315,2101,2416,11420
7357,143,16,159,2000,2159,580,392,469,1049,4318,4318,346,2000,2346,10982
7358,166,13,179,1989,2168,627,384,473,1100,4336,4336,387,1989,2376,11048
7359,147,4,151,2069,2220,501,381,446,947,4440,4440,314,2069,2383,11263
7360,140,10,150,2025,2175,528,370,445,973,4350,4350,320,2025,2345,11045
7361,150,11,161,2065,2226,537,374,450,987,4452,4452,341,2065,2406,11310
7362,137,11,148,2046,2194,522,394,472,994,4388,4388,315,2046,2361,11137
7363,138,13,151,2023,2174,524,349,425,949,4348,4348,330,2023,2353,11049
7364,153,14,167,2130,2297,557,421,511,1068,4594,4594,357,2130,2487,11675
7365,144,5,149,2059,2208,504,367,467,971,4416,4416,306,2059,2365,11197
7366,134,9,143,2069,2212,473,414,503,976,4424,4424,303,2069,2372,11220
7367,146,11,157,2065,2222,518,377,457,975,4444,4444,337,2065,2402,11290
7368,166,8,174,2016,2190,588,397,469,1057,4380,4380,362,2016,2378,11138
7369,173,15,188,2069,2257,667,352,436,1103,4514,4514,407,2069,2476,11504
7370,167,13,180,1962,2142,582,376,464,1046,4284,4284,383,1962,2345,10913
7371,152,9,161,2033,2194,541,386,465,1006,4388,4388,340,2033,2373,11149
7372,173,5,178,2008,2186,551,370,443,994,4372,4372,367,2008,2375,11119
7373,142,10,152,1998,2150,526,386,466,992,4300,4300,325,1998,2323,10923
7374,156,9,165,2048,2213,570,398,481,1051,4426,4426,344,2048,2392,11244
7375,153,12,165,2032,2197,549,368,454,1003,4394,4394,349,2032,2381,11169
7376,155,9,164,2068,2232,530,397,486,1016,4464,4464,342,2068,2410,11338
7377,130,12,142,2035,2177,506,425,514,1020,4354,4354,305,2035,2340,11048
7378,148,16,164,2076,2240,628,361,451,1079,4480,4480,359,2076,2435,11395
7379,131,13,144,2120,2264,520,386,466,986,4528,4528,315,2120,2435,11491
7380,158,18,176,2069,2245,632,387,460,1092,4490,4490,387,2069,2456,11436
7381,158,13,171,1974,2145,616,346,428,1044,4290,4290,372,1974,2346,10926
7382,147,9,156,2036,2192,547,378,451,998,4384,4384,327,2036,2363,11131
7383,148,11,159,2016,2175,544,360,431,975,4350,4350,341,2016,2357,11057
7384,152,14,166,1997,2163,561,386,470,1031,4326,4326,356,1997,2353,11005
7385,152,10,162,2087,2249,555,407,498,1053,4498,4498,347,2087,2434,11430
7386,151,6,157,2010,2167,487,401,488,975,4334,4334,327,2010,2337,11005
7387,162,11,173,2048,2221,592,411,510,1102,4442,4442,365,2048,2413,11297
7388,155,10,165,2030,2195,557,389,471,1028,4390,4390,351,2030,2381,11161
7389,139,9,148,2001,2149,479,366,439,918,4298,4298,310,2001,2311,10907
7390,166,9,175,2032,2207,526,415,509,1035,4414,4414,364,2032,2396,11224
7391,169,12,181,2095,2276,639,383,478,1117,4552,4552,388,2095,2483,11587
7392,126,12,138,2021,2159,493,393,478,971,4318,4318,301,2021,2322,10958
7393,146,6,152,2077,2229,480,412,507,987,4458,4458,316,2077,2393,11309
7394,154,12,166,1986,2152,586,385,476,1062,4304,4304,361,1986,2347,10955
7395,165,7,172,2027,2199,587,369,448,1035,4398,4398,360,2027,2387,11183
7396,164,9,173,2055,2228,577,389,485,1062,4456,4456,369,2055,2424,11336
7397,138,5,143,2054,2197,463,393,486,949,4394,4394,297,2054,2351,11139
7398,145,12,157,2083,2240,546,395,469,1015,4480,4480,339,2083,2422,11382
7399,166,15,181,2060,2241,643,381,468,1111,4482,4482,390,2060,2450,11414
7400,174,17,191,1966,2157,667,373,457,1124,4314,4314,413,1966,2379,11007
7401,144,7,151,2064,2215,502,381,462,964,4430,4430,314,2064,2378,11238
7402,151,10,161,1985,2146,534,352,437,971,4292,4292,338,1985,2323,10907
7403,151,14,165,2023,2188,587,391,500,1087,4376,4376,354,2023,2377,11129
7404,131,15,146,1979,2125,529,371,451,980,4250,4250,319,1979,2298,10798
7405,155,12,167,2026,2193,568,366,454,1022,4386,4386,349,2026,2375,11147
7406,159,9,168,2055,2223,570,410,496,1066,4446,4446,353,2055,2408,11300
7407,151,11,162,2054,2216,535,432,526,1061,4432,4432,347,2054,2401,11265
7408,160,11,171,2008,2179,595,387,470,1065,4358,4358,362,2008,2370,11086
7409,156,12,168,2096,2264,590,429,516,1106,4528,4528,359,2096,2455,11511
7410,143,8,151,2077,2228,518,399,480,998,4456,4456,317,2077,2394,11306
7411,139,12,151,2108,2259,512,417,513,1025,4518,4518,322,2108,2430,11466
7412,142,8,150,2025,2175,498,397,470,968,4350,4350,314,2025,2339,11039
7413,149,10,159,2011,2170,541,373,453,994,4340,4340,340,2011,2351,11031
7414,170,13,183,2035,2218,638,400,484,1122,4436,4436,387,2035,2422,11294
7415,156,11,167,2013,2180,553,361,433,986,4360,4360,360,2013,2373,11093
7416,145,9,154,2009,2163,540,379,459,999,4326,4326,322,2009,2331,10983
7417,164,4,168,1969,2137,544,364,442,986,4274,4274,342,1969,2311,10859
7418,146,12,158,2017,2175,514,384,471,985,4350,4350,333,2017,2350,11050
7419,159,10,169,1971,2140,588,418,524,1112,4280,4280,355,1971,2326,10886
7420,130,7,137,2105,2242,469,430,516,985,4484,4484,293,2105,2398,11366
7421,149,6,155,2066,2221,515,427,529,1044,4442,4442,325,2066,2391,11275
7422,145,16,161,2089,2250,587,407,519,1106,4500,4500,349,2089,2438,11438
7423,147,8,155,2099,2254,515,433,531,1046,4508,4508,328,2099,2427,11443
7424,145,9,154,2037,2191,511,390,505,1016,4382,4382,331,2037,2368,11132
7425,137,9,146,1998,2144,510,382,484,994,4288,4288,309,1998,2307,10883
7426,152,9,161,2063,2224,530,394,483,1013,4448,4448,336,2063,2399,11295
7427,128,5,133,2103,2236,457,383,479,936,4472,4472,278,2103,2381,11325
7428,174,13,187,2014,2201,660,330,394,1054,4402,4402,404,2014,2418,11222
7429,149,11,160,2017,2177,548,381,467,1015,4354,4354,341,2017,2358,11066
7430,140,7,147,2009,2156,523,379,462,985,4312,4312,308,2009,2317,10941
7431,132,9,141,2003,2144,470,395,483,953,4288,4288,297,2003,2300,10876
7432,147,12,159,2017,2176,540,398,488,1028,4352,4352,350,2017,2367,11071
7433,173,12,185,2008,2193,657,408,495,1152,4386,4386,393,2008,2401,11173
7434,139,13,152,2023,2175,504,371,450,954,4350,4350,332,2023,2355,11055
7435,155,15,170,2111,2281,594,423,531,1125,4562,4562,371,2111,2482,11606
7436,152,16,168,2059,2227,602,389,478,1080,4454,4454,372,2059,2431,11339
7437,169,8,177,1978,2155,577,363,439,1016,4310,4310,372,1978,2350,10970
7438,159,4,163,2143,2306,540,426,513,1053,4612,4612,335,2143,2478,11702
7439,170,12,182,1986,2168,621,346,426,1047,4336,4336,391,1986,2377,11049
7440,151,7,158,2076,2234,511,372,454,965,4468,4468,334,2076,2410,11346
7441,156,10,166,2011,2177,589,386,471,1060,4354,4354,350,2011,2361,11069
7442,142,10,152,2130,2282,519,442,529,1048,4564,4564,321,2130,2451,11579
7443,148,12,160,2004,2164,563,373,456,1019,4328,4328,335,2004,2339,10995
7444,147,8,155,2044,2199,486,391,482,968,4398,4398,322,2044,2366,11162
7445,171,11,182,2101,2283,648,416,503,1151,4566,4566,387,2101,2488,11620
7446,143,9,152,2073,2225,479,386,476,955,4450,4450,318,2073,2391,11291
7447,142,14,156,2028,2184,550,390,479,1029,4368,4368,342,2028,2370,11106
7448,156,6,162,2051,2213,546,409,488,1034,4426,4426,337,2051,2388,11240
7449,168,8,176,1967,2143,617,398,479,1096,4286,4286,370,1967,2337,10909
7450,160,12,172,2081,2253,618,375,460,1078,4506,4506,375,2081,2456,11468
7451,174,11,185,1950,2135,569,375,460,1029,4270,4270,389,1950,2339,10879
7452,167,12,179,2058,2237,620,396,474,1094,4474,4474,377,2058,2435,11383
7453,164,11,175,2034,2209,629,359,426,1055,4418,4418,376,2034,2410,11246
7454,148,11,159,2037,2196,541,377,458,999,4392,4392,336,2037,2373,11157
7455,146,20,166,2077,2243,608,368,431,1039,4486,4486,374,2077,2451,11423
7456,177,10,187,2059,2246,635,401,504,1139,4492,4492,397,2059,2456,11440
7457,151,6,157,1948,2105,511,384,452,963,4210,4210,330,1948,2278,10698
7458,153,12,165,2076,2241,586,384,466,1052,4482,4482,358,2076,2434,11398
7459,136,11,147,2073,2220,515,365,445,960,4440,4440,316,2073,2389,11269
7460,151,9,160,2021,2181,514,373,455,969,4362,4362,331,2021,2352,11076
7461,150,12,162,2014,2176,552,383,471,1023,4352,4352,352,2014,2366,11070
7462,138,11,149,1941,2090,550,360,433,983,4180,4180,318,1941,2259,10619
7463,133,17,150,2061,2211,548,401,481,1029,4422,4422,331,2061,2392,11236
7464,159,13,172,2089,2261,622,434,531,1153,4522,4522,368,2089,2457,11501
7465,154,4,158,1937,2095,543,345,411,954,4190,4190,326,1937,2263,10643
7466,154,9,163,1959,2122,555,388,465,1020,4244,4244,346,1959,2305,10793
7467,151,9,160,1996,2156,553,373,457,1010,4312,4312,340,1996,2336,10960
7468,166,5,171,2070,2241,576,403,498,1074,4482,4482,354,2070,2424,11388
7469,143,9,152,2027,2179,520,407,500,1020,4358,4358,321,2027,2348,11064
7470,160,9,169,2009,2178,570,354,439,1009,4356,4356,363,2009,2372,11084
7471,157,9,166,2055,2221,552,395,483,1035,4442,4442,348,2055,2403,11287
7472,160,9,169,2012,2181,565,402,490,1055,4362,4362,355,2012,2367,11091
7473,158,11,169,2035,2204,580,363,432,1012,4408,4408,360,2035,2395,11211
7474,146,11,157,2000,2157,537,363,448,985,4314,4314,344,2000,2344,10972
7475,165,14,179,2100,2279,595,421,519,1114,4558,4558,388,2100,2488,11604
7476,150,10,160,1970,2130,535,386,493,1028,4260,4260,344,1970,2314,10834
7477,138,7,145,2072,2217,511,387,469,980,4434,4434,304,2072,2376,11244
7478,140,10,150,1955,2105,492,372,461,953,4210,4210,317,1955,2272,10692
7479,135,6,141,2045,2186,427,414,503,930,4372,4372,294,2045,2339,11083
7480,139,16,155,2066,2221,572,370,446,1018,4442,4442,342,2066,2408,11292
7481,147,13,160,2003,2163,538,356,436,974,4326,4326,343,2003,2346,10998
7482,156,14,170,2092,2262,614,425,499,1113,4524,4524,378,2092,2470,11518
7483,162,5,167,2058,2225,513,441,541,1054,4450,4450,343,2058,2401,11301
7484,157,12,169,2116,2285,584,389,489,1073,4570,4570,359,2116,2475,11615
7485,153,6,159,2041,2200,536,392,476,1012,4400,4400,334,2041,2375,11175
7486,153,8,161,2017,2178,542,376,449,991,4356,4356,337,2017,2354,11066
7487,159,14,173,1981,2154,605,363,448,1053,4308,4308,375,1981,2356,10972
7488,132,8,140,2015,2155,464,354,430,894,4310,4310,297,2015,2312,10932
7489,128,7,135,2000,2135,439,372,465,904,4270,4270,288,2000,2288,10828
7490,147,11,158,2026,2184,538,371,456,994,4368,4368,344,2026,2370,11106
7491,153,11,164,1943,2107,583,394,487,1070,4214,4214,350,1943,2293,10721
7492,157,9,166,2156,2322,565,407,495,1060,4644,4644,351,2156,2507,11795
7493,138,12,150,2115,2265,505,394,485,990,4530,4530,321,2115,2436,11496
7494,169,12,181,2001,2182,611,389,486,1097,4364,4364,386,2001,2387,11115
7495,171,15,186,2003,2189,624,378,449,1073,4378,4378,400,2003,2403,11159
7496,141,16,157,2002,2159,545,385,469,1014,4318,4318,339,2002,2341,10977
7497,145,12,157,2077,2234,575,411,502,1077,4468,4468,334,2077,2411,11347
7498,147,9,156,2035,2191,519,412,508,1027,4382,4382,327,2035,2362,11126
7499,170,11,181,2067,2248,598,382,470,1068,4496,4496,386,2067,2453,11445
7500,173,10,183,1970,2153,639,367,456,1095,4306,4306,385,1970,2355,10967
7501,177,14,191,2025,2216,685,380,467,1152,4432,4432,415,2025,2440,11304
7502,144,15,159,2050,2209,600,418,515,1115,4418,4418,355,2050,2405,11241
7503,151,13,164,2055,2219,562,393,479,1041,4438,4438,352,2055,2407,11283
7504,179,13,192,2067,2259,641,416,502,1143,4518,4518,412,2067,2479,11515
7505,154,10,164,1993,2157,575,382,472,1047,4314,4314,348,1993,2341,10969
7506,153,10,163,2030,2193,558,358,447,1005,4386,4386,348,2030,2378,11150
7507,139,11,150,1985,2135,548,390,477,1025,4270,4270,324,1985,2309,10849
7508,136,13,149,2106,2255,515,389,473,988,4510,4510,326,2106,2432,11452
7509,152,8,160,2003,2163,583,379,477,1060,4326,4326,338,2003,2341,10993
7510,152,13,165,2024,2189,586,385,486,1072,4378,4378,356,2024,2380,11136
7511,172,12,184,1956,2140,599,367,441,1040,4280,4280,385,1956,2341,10901
7512,135,7,142,2074,2216,481,386,470,951,4432,4432,292,2074,2366,11230
7513,152,11,163,2028,2191,535,398,486,1021,4382,4382,348,2028,2376,11140
7514,173,7,180,2001,2181,601,392,481,1082,4362,4362,375,2001,2376,11100
7515,120,13,133,2030,2163,462,400,492,954,4326,4326,285,2030,2315,10967
7516,171,9,180,2063,2243,599,382,471,1070,4486,4486,374,2063,2437,11409
7517,150,13,163,2101,2264,566,401,505,1071,4528,4528,353,2101,2454,11510
7518,161,11,172,1995,2167,535,404,501,1036,4334,4334,363,1995,2358,11026
7519,132,11,143,2073,2216,501,372,464,965,4432,4432,308,2073,2381,11245
7520,161,10,171,1994,2165,577,405,500,1077,4330,4330,365,1994,2359,11019
7521,154,17,171,2015,2186,668,372,451,1119,4372,4372,379,2015,2394,11138
7522,148,13,161,2006,2167,564,372,451,1015,4334,4334,345,2006,2351,11019
7523,139,14,153,1992,2145,566,370,435,1001,4290,4290,338,1992,2330,10910
7524,163,10,173,2069,2242,611,413,505,1116,4484,4484,366,2069,2435,11403
7525,167,10,177,2070,2247,595,415,497,1092,4494,4494,371,2070,2441,11429
7526,147,5,152,2024,2176,503,395,472,975,4352,4352,315,2024,2339,11043
7527,144,10,154,2009,2163,517,371,470,987,4326,4326,330,2009,2339,10991
7528,137,7,144,2018,2162,476,376,458,934,4324,4324,299,2018,2317,10965
7529,158,10,168,2111,2279,557,388,473,1030,4558,4558,352,2111,2463,11579
7530,153,15,168,1923,2091,598,365,436,1034,4182,4182,365,1923,2288,10652
7531,147,13,160,2045,2205,538,387,468,1006,4410,4410,352,2045,2397,11217
7532,155,8,163,2040,2203,560,344,419,979,4406,4406,341,2040,2381,11193
7533,148,14,162,2009,2171,563,369,461,1024,4342,4342,348,2009,2357,11041
7534,156,14,170,2086,2256,585,387,478,1063,4512,4512,373,2086,2459,11483
7535,146,7,153,2014,2167,540,356,433,973,4334,4334,320,2014,2334,11002
7536,152,7,159,2053,2212,509,418,497,1006,4424,4424,332,2053,2385,11233
7537,164,8,172,2097,2269,634,365,454,1088,4538,4538,366,2097,2463,11539
7538,151,10,161,2074,2235,498,398,488,986,4470,4470,334,2074,2408,11348
7539,142,8,150,2053,2203,525,391,472,997,4406,4406,313,2053,2366,11178
7540,140,10,150,2026,2176,492,382,456,948,4352,4352,316,2026,2342,11046
7541,166,12,178,2015,2193,578,416,512,1090,4386,4386,378,2015,2393,11165
7542,155,14,169,2138,2307,594,425,516,1110,4614,4614,362,2138,2500,11728
7543,118,7,125,2028,2153,415,354,419,834,4306,4306,266,2028,2294,10906
7544,161,14,175,2063,2238,634,372,454,1088,4476,4476,376,2063,2439,11391
7545,141,12,153,2054,2207,552,400,500,1052,4414,4414,332,2054,2386,11214
7546,137,11,148,2058,2206,510,379,459,969,4412,4412,317,2058,2375,11199
7547,151,7,158,2023,2181,515,361,446,961,4362,4362,333,2023,2356,11080
7548,143,9,152,2069,2221,535,420,496,1031,4442,4442,322,2069,2391,11275
7549,142,11,153,2046,2199,514,406,489,1003,4398,4398,326,2046,2372,11168
7550,145,18,163,2064,2227,556,426,523,1079,4454,4454,361,2064,2425,11333
7551,162,11,173,2055,2228,603,377,480,1083,4456,4456,365,2055,2420,11332
7552,160,9,169,1988,2157,577,398,492,1069,4314,4314,357,1988,2345,10973
7553,152,8,160,2039,2199,536,394,479,1015,4398,4398,334,2039,2373,11169
7554,164,13,177,2103,2280,565,398,491,1056,4560,4560,376,2103,2479,11599
7555,160,13,173,2064,2237,589,415,504,1093,4474,4474,375,2064,2439,11387
7556,143,11,154,2014,2168,549,402,465,1014,4336,4336,326,2014,2340,11012
7557,161,9,170,2003,2173,596,389,469,1065,4346,4346,367,2003,2370,11062
7558,143,13,156,2029,2185,500,422,505,1005,4370,4370,336,2029,2365,11105
7559,119,17,136,2080,2216,490,420,523,1013,4432,4432,309,2080,2389,11253
7560,132,9,141,2005,2146,479,347,433,912,4292,4292,296,2005,2301,10885
7561,155,15,170,2006,2176,600,398,480,1080,4352,4352,369,2006,2375,11079
7562,150,9,159,2021,2180,555,368,454,1009,4360,4360,336,2021,2357,11077
7563,165,9,174,2045,2219,613,374,452,1065,4438,4438,365,2045,2410,11286
7564,150,7,157,2055,2212,558,381,479,1037,4424,4424,333,2055,2388,11236
7565,132,9,141,2032,2173,472,415,511,983,4346,4346,304,2032,2336,11028
7566,172,10,182,2001,2183,619,380,469,1088,4366,4366,386,2001,2387,11119
7567,156,11,167,1980,2147,535,365,458,993,4294,4294,358,1980,2338,10926
7568,166,10,176,2049,2225,579,392,494,1073,4450,4450,366,2049,2415,11315
7569,138,12,150,2093,2243,532,404,494,1026,4486,4486,326,2093,2419,11391
7570,150,13,163,1971,2134,577,392,481,1058,4268,4268,352,1971,2323,10859
7571,150,15,165,2026,2191,627,385,464,1091,4382,4382,367,2026,2393,11157
7572,158,12,170,2102,2272,574,394,490,1064,4544,4544,363,2102,2465,11553
7573,138,9,147,1951,2098,481,372,447,928,4196,4196,309,1951,2260,10652
7574,167,11,178,2062,2240,606,437,550,1156,4480,4480,376,2062,2438,11398
7575,140,12,152,2041,2193,518,396,470,988,4386,4386,324,2041,2365,11137
7576,139,7,146,2042,2188,485,348,430,915,4376,4376,300,2042,2342,11094
7577,159,11,170,1974,2144,565,358,432,997,4288,4288,364,1974,2338,10914
7578,176,11,187,2035,2222,628,357,446,1074,4444,4444,395,2035,2430,11318
7579,148,13,161,2003,2164,559,353,432,991,4328,4328,351,2003,2354,11010
7580,138,10,148,2083,2231,514,391,478,992,4462,4462,320,2083,2403,11327
7581,149,6,155,2060,2215,547,401,478,1025,4430,4430,326,2060,2386,11246
7582,175,9,184,2090,2274,597,440,537,1134,4548,4548,381,2090,2471,11567
7583,158,13,171,2083,2254,570,392,475,1045,4508,4508,359,2083,2442,11458
7584,154,16,170,2000,2170,570,363,433,1003,4340,4340,373,2000,2373,11053
7585,155,11,166,2087,2253,531,413,514,1045,4506,4506,348,2087,2435,11447
7586,145,16,161,1999,2160,565,393,493,1058,4320,4320,355,1999,2354,10994
7587,167,11,178,2084,2262,595,417,524,1119,4524,4524,378,2084,2462,11510
7588,170,10,180,2052,2232,613,391,491,1104,4464,4464,380,2052,2432,11360
7589,143,12,155,2060,2215,491,402,488,979,4430,4430,331,2060,2391,11251
7590,146,10,156,2155,2311,546,418,518,1064,4622,4622,335,2155,2490,11734
7591,151,7,158,2062,2220,491,363,444,935,4440,4440,331,2062,2393,11273
7592,145,14,159,2055,2214,533,378,470,1003,4428,4428,345,2055,2400,11256
7593,156,7,163,1971,2134,578,357,435,1013,4268,4268,339,1971,2310,10846
7594,142,18,160,2016,2176,575,363,444,1019,4352,4352,349,2016,2365,11069
7595,135,21,156,2026,2182,591,386,474,1065,4364,4364,355,2026,2381,11109
7596,163,12,175,2000,2175,608,381,467,1075,4350,4350,370,2000,2370,11070
7597,146,11,157,1954,2111,513,351,432,945,4222,4222,332,1954,2286,10730
7598,161,12,173,2089,2262,614,399,481,1095,4524,4524,369,2089,2458,11506
7599,149,9,158,2003,2161,545,413,500,1045,4322,4322,333,2003,2336,10980
7600,151,10,161,2041,2202,530,395,474,1004,4404,4404,340,2041,2381,11189
7601,163,13,176,1977,2153,614,413,497,1111,4306,4306,381,1977,2358,10970
7602,146,10,156,1981,2137,547,350,424,971,4274,4274,329,1981,2310,10858
7603,167,12,179,2042,2221,631,430,522,1153,4442,4442,382,2042,2424,11308
7604,136,7,143,2039,2182,456,422,507,963,4364,4364,301,2039,2340,11068
7605,133,13,146,2021,2167,493,386,461,954,4334,4334,316,2021,2337,11005
7606,152,9,161,1949,2110,538,360,443,981,4220,4220,340,1949,2289,10729
7607,137,7,144,2038,2182,488,382,477,965,4364,4364,304,2038,2342,11070
7608,143,13,156,2032,2188,532,396,494,1026,4376,4376,341,2032,2373,11125
7609,141,8,149,2127,2276,499,441,528,1027,4552,4552,319,2127,2446,11550
7610,153,8,161,2062,2223,551,415,513,1064,4446,4446,339,2062,2401,11293
7611,140,7,147,2076,2223,475,374,456,931,4446,4446,310,2076,2386,11278
7612,161,11,172,2062,2234,597,392,477,1074,4468,4468,365,2062,2427,11363
7613,178,9,187,1927,2114,628,382,456,1084,4228,4228,385,1927,2312,10768
7614,146,9,155,1987,2142,538,399,476,1014,4284,4284,330,1987,2317,10885
7615,138,16,154,2013,2167,573,358,437,1010,4334,4334,342,2013,2355,11023
7616,156,16,172,2051,2223,594,407,498,1092,4446,4446,369,2051,2420,11312
7617,144,7,151,2014,2165,494,392,470,964,4330,4330,314,2014,2328,10988
7618,158,10,168,2048,2216,572,404,489,1061,4432,4432,358,2048,2406,11270
7619,151,10,161,2019,2180,555,380,461,1016,4360,4360,344,2019,2363,11083
7620,151,9,160,2022,2182,547,398,473,1020,4364,4364,339,2022,2361,11089
7621,173,8,181,2041,2222,599,369,445,1044,4444,4444,377,2041,2418,11306
7622,148,10,158,2116,2274,501,419,509,1010,4548,4548,334,2116,2450,11546
7623,159,8,167,2017,2184,554,381,464,1018,4368,4368,350,2017,2367,11103
7624,159,6,165,2083,2248,552,381,446,998,4496,4496,340,2083,2423,11415
7625,158,8,166,2069,2235,553,389,479,1032,4470,4470,349,2069,2418,11358
7626,148,19,167,2040,2207,589,375,469,1058,4414,4414,370,2040,2410,11238
7627,170,14,184,2063,2247,626,356,425,1051,4494,4494,391,2063,2454,11442
7628,173,8,181,2030,2211,611,401,472,1083,4422,4422,381,2030,2411,11255
7629,177,8,185,2107,2292,628,406,489,1117,4584,4584,384,2107,2491,11659
7630,168,13,181,1995,2176,637,373,441,1078,4352,4352,387,1995,2382,11086
7631,168,11,179,2029,2208,620,431,523,1143,4416,4416,384,2029,2413,11245
7632,151,14,165,1981,2146,552,381,460,1012,4292,4292,361,1981,2342,10926
7633,146,8,154,1997,2151,529,422,516,1045,4302,4302,325,1997,2322,10926
7634,135,21,156,1987,2143,577,408,503,1080,4286,4286,356,1987,2343,10915
7635,176,7,183,2014,2197,599,372,461,1060,4394,4394,379,2014,2393,11181
7636,150,6,156,2022,2178,501,376,460,961,4356,4356,325,2022,2347,11059
7637,158,11,169,2061,2230,563,376,459,1022,4460,4460,357,2061,2418,11338
7638,160,15,175,2011,2186,584,390,467,1051,4372,4372,375,2011,2386,11130
7639,162,15,177,2033,2210,638,369,446,1084,4420,4420,390,2033,2423,11263
7640,158,13,171,2075,2246,603,395,462,1065,4492,4492,370,2075,2445,11429
7641,157,6,163,1961,2124,546,385,465,1011,4248,4248,337,1961,2298,10794
7642,148,16,164,1999,2163,594,373,453,1047,4326,4326,360,1999,2359,11011
7643,157,13,170,1994,2164,610,401,478,1088,4328,4328,366,1994,2360,11016
7644,171,8,179,2059,2238,599,379,461,1060,4476,4476,373,2059,2432,11384
7645,161,8,169,2046,2215,593,390,485,1078,4430,4430,355,2046,2401,11261
7646,132,10,142,1993,2135,512,384,468,980,4270,4270,307,1993,2300,10840
7647,150,12,162,2060,2222,552,375,474,1026,4444,4444,344,2060,2404,11292
7648,149,4,153,2063,2216,503,384,474,977,4432,4432,314,2063,2377,11241
7649,146,7,153,2019,2172,502,383,469,971,4344,4344,323,2019,2342,11030
7650,165,11,176,2116,2292,611,422,509,1120,4584,4584,380,2116,2496,11664
7651,153,9,162,2000,2162,546,374,456,1002,4324,4324,344,2000,2344,10992
7652,161,8,169,2027,2196,587,376,468,1055,4392,4392,357,2027,2384,11168
7653,163,8,171,2045,2216,609,379,456,1065,4432,4432,360,2045,2405,11269
7654,149,21,170,1950,2120,568,364,456,1024,4240,4240,384,1950,2334,10814
7655,142,12,154,2018,2172,541,362,450,991,4344,4344,325,2018,2343,11031
7656,161,12,173,1995,2168,553,391,476,1029,4336,4336,367,1995,2362,11034
7657,157,11,168,2097,2265,546,404,499,1045,4530,4530,355,2097,2452,11512
7658,163,12,175,2031,2206,587,402,489,1076,4412,4412,374,2031,2405,11229
7659,164,12,176,2092,2268,603,368,453,1056,4536,4536,372,2092,2464,11536
7660,141,10,151,2033,2184,535,416,507,1042,4368,4368,315,2033,2348,11084
7661,175,12,187,2018,2205,652,377,457,1109,4410,4410,395,2018,2413,11233
7662,173,16,189,2028,2217,660,362,443,1103,4434,4434,411,2028,2439,11307
7663,135,8,143,1988,2131,465,402,491,956,4262,4262,300,1988,2288,10812
7664,171,10,181,1960,2141,590,354,436,1026,4282,4282,379,1960,2339,10903
7665,143,11,154,1974,2128,524,368,444,968,4256,4256,329,1974,2303,10815
7666,163,6,169,2096,2265,538,383,456,994,4530,4530,348,2096,2444,11504
7667,141,19,160,2072,2232,594,361,439,1033,4464,4464,355,2072,2427,11355
7668,162,11,173,2023,2196,572,367,441,1013,4392,4392,365,2023,2388,11172
7669,160,11,171,1955,2126,610,371,458,1068,4252,4252,364,1955,2319,10823
7670,160,12,172,2005,2177,558,364,446,1004,4354,4354,368,2005,2373,11081
7671,148,9,157,2027,2184,578,351,424,1002,4368,4368,328,2027,2355,11091
7672,157,13,170,2054,2224,604,384,468,1072,4448,4448,371,2054,2425,11321
7673,164,13,177,2008,2185,602,379,462,1064,4370,4370,380,2008,2388,11128
7674,146,10,156,2104,2260,532,369,448,980,4520,4520,333,2104,2437,11477
7675,141,14,155,2057,2212,530,379,477,1007,4424,4424,337,2057,2394,11242
7676,152,11,163,1990,2153,556,374,463,1019,4306,4306,347,1990,2337,10949
7677,170,7,177,2092,2269,602,388,478,1080,4538,4538,370,2092,2462,11538
7678,143,10,153,2110,2263,537,419,531,1068,4526,4526,319,2110,2429,11481
7679,129,8,137,2024,2161,447,382,479,926,4322,4322,284,2024,2308,10952
7680,154,14,168,2048,2216,584,372,457,1041,4432,4432,365,2048,2413,11277
7681,130,14,144,1999,2143,461,368,451,912,4286,4286,313,1999,2312,10884
7682,152,14,166,2006,2172,575,368,452,1027,4344,4344,359,2006,2365,11053
7683,164,7,171,2038,2209,554,401,506,1060,4418,4418,352,2038,2390,11226
7684,147,8,155,2024,2179,558,408,497,1055,4358,4358,330,2024,2354,11070
7685,174,6,180,2051,2231,581,408,505,1086,4462,4462,374,2051,2425,11349
7686,132,17,149,2106,2255,526,398,481,1007,4510,4510,332,2106,2438,11458
7687,149,7,156,2041,2197,494,379,465,959,4394,4394,329,2041,2370,11158
7688,156,1,157,2086,2243,512,394,475,987,4486,4486,317,2086,2403,11375
7689,155,13,168,2015,2183,581,377,467,1048,4366,4366,359,2015,2374,11106
7690,153,13,166,1997,2163,599,377,461,1060,4326,4326,354,1997,2351,11003
7691,160,9,169,2076,2245,561,422,522,1083,4490,4490,355,2076,2431,11411
7692,155,8,163,2035,2198,541,396,487,1028,4396,4396,343,2035,2378,11170
7693,140,8,148,2036,2184,498,372,461,959,4368,4368,309,2036,2345,11081
7694,152,7,159,1989,2148,531,379,469,1000,4296,4296,328,1989,2317,10909
7695,144,16,160,2035,2195,585,357,427,1012,4390,4390,350,2035,2385,11165
7696,184,8,192,2017,2209,611,379,468,1079,4418,4418,402,2017,2419,11255
7697,173,6,179,2031,2210,566,378,459,1025,4420,4420,370,2031,2401,11241
7698,144,13,157,1993,2150,588,393,485,1073,4300,4300,341,1993,2334,10934
7699,163,12,175,1925,2100,585,361,417,1002,4200,4200,380,1925,2305,10705
7700,159,11,170,1948,2118,592,375,457,1049,4236,4236,361,1948,2309,10781
7701,153,15,168,2006,2174,595,386,459,1054,4348,4348,367,2006,2373,11069
7702,161,12,173,1962,2135,560,381,447,1007,4270,4270,367,1962,2329,10869
7703,153,6,159,2021,2180,544,371,460,1004,4360,4360,333,2021,2354,11074
7704,144,15,159,1989,2148,576,402,492,1068,4296,4296,350,1989,2339,10931
7705,145,13,158,2043,2201,553,392,479,1032,4402,4402,343,2043,2386,11190
7706,149,13,162,2045,2207,550,363,436,986,4414,4414,349,2045,2394,11222
7707,188,6,194,2036,2230,610,372,467,1077,4460,4460,397,2036,2433,11353
7708,136,12,148,1961,2109,515,344,418,933,4218,4218,322,1961,2283,10719
7709,150,11,161,2020,2181,510,376,455,965,4362,4362,344,2020,2364,11088
7710,158,13,171,1994,2165,605,398,481,1086,4330,4330,367,1994,2361,11021
7711,171,12,183,1994,2177,602,392,464,1066,4354,4354,390,1994,2384,11092
7712,148,9,157,1977,2134,518,363,443,961,4268,4268,335,1977,2312,10848
7713,160,11,171,2035,2206,589,401,476,1065,4412,4412,364,2035,2399,11223
7714,150,9,159,1942,2101,535,372,459,994,4202,4202,341,1942,2283,10687
7715,167,11,178,1999,2177,585,370,459,1044,4354,4354,377,1999,2376,11084
7716,161,6,167,2022,2189,544,381,482,1026,4378,4378,351,2022,2373,11129
7717,152,6,158,2036,2194,522,369,442,964,4388,4388,327,2036,2363,11139
7718,165,11,176,2041,2217,575,390,462,1037,4434,4434,374,2041,2415,11283
7719,136,16,152,1963,2115,547,367,447,994,4230,4230,338,1963,2301,10761
7720,194,7,201,2049,2250,683,384,462,1145,4500,4500,414,2049,2463,11463
7721,133,12,145,1979,2124,489,374,461,950,4248,4248,311,1979,2290,10786
7722,159,11,170,2082,2252,575,404,496,1071,4504,4504,362,2082,2444,11452
7723,152,7,159,1984,2143,534,373,457,991,4286,4286,329,1984,2313,10885
7724,144,16,160,2064,2224,590,411,513,1103,4448,4448,358,2064,2422,11318
7725,164,10,174,1999,2173,571,374,450,1021,4346,4346,362,1999,2361,11053
7726,145,12,157,2070,2227,545,376,456,1001,4454,4454,335,2070,2405,11313
7727,148,10,158,2105,2263,570,380,456,1026,4526,4526,337,2105,2442,11494
7728,142,12,154,2020,2174,531,402,507,1038,4348,4348,327,2020,2347,11043
7729,148,9,157,2048,2205,530,355,428,958,4410,4410,331,2048,2379,11199
7730,150,8,158,1992,2150,515,387,466,981,4300,4300,331,1992,2323,10923
7731,165,14,179,2005,2184,597,391,471,1068,4368,4368,383,2005,2388,11124
7732,169,11,180,2088,2268,627,408,493,1120,4536,4536,383,2088,2471,11543
7733,137,7,144,2058,2202,496,369,443,939,4404,4404,302,2058,2360,11168
7734,174,10,184,2085,2269,610,363,438,1048,4538,4538,386,2085,2471,11547
7735,158,13,171,2032,2203,575,378,452,1027,4406,4406,373,2032,2405,11217
7736,166,9,175,2093,2268,554,416,516,1070,4536,4536,366,2093,2459,11531
7737,137,10,147,2008,2155,482,362,442,924,4310,4310,311,2008,2319,10939
7738,140,15,155,2021,2176,570,384,471,1041,4352,4352,338,2021,2359,11063
7739,160,17,177,2114,2291,591,385,468,1059,4582,4582,380,2114,2494,11658
7740,159,6,165,2022,2187,511,364,443,954,4374,4374,338,2022,2360,11108
7741,161,12,173,2041,2214,567,392,489,1056,4428,4428,370,2041,2411,11267
7742,155,4,159,2011,2170,503,377,465,968,4340,4340,329,2011,2340,11020
7743,147,8,155,1995,2150,525,371,455,980,4300,4300,326,1995,2321,10921
7744,169,6,175,1983,2158,535,373,443,978,4316,4316,363,1983,2346,10978
7745,153,12,165,2016,2181,555,378,452,1007,4362,4362,354,2016,2370,11094
7746,146,13,159,2002,2161,498,359,438,936,4322,4322,339,2002,2341,10985
7747,178,12,190,2027,2217,614,371,457,1071,4434,4434,398,2027,2425,11293
7748,148,10,158,2031,2189,528,399,494,1022,4378,4378,332,2031,2363,11119
7749,145,7,152,2054,2206,468,411,497,965,4412,4412,316,2054,2370,11194
7750,156,11,167,2063,2230,570,419,509,1079,4460,4460,362,2063,2425,11345
7751,141,6,147,2046,2193,491,394,477,968,4386,4386,306,2046,2352,11124
7752,149,9,158,2062,2220,569,413,499,1068,4440,4440,330,2062,2392,11272
7753,142,8,150,1960,2110,487,359,429,916,4220,4220,316,1960,2276,10716
7754,154,8,162,2144,2306,547,435,528,1075,4612,4612,341,2144,2485,11709
7755,173,14,187,2056,2243,639,368,445,1084,4486,4486,403,2056,2459,11431
7756,121,4,125,1979,2104,408,394,475,883,4208,4208,259,1979,2238,10654
7757,142,16,158,2057,2215,549,389,472,1021,4430,4430,351,2057,2408,11268
7758,146,10,156,2050,2206,550,401,496,1046,4412,4412,333,2050,2383,11207
7759,151,9,160,2016,2176,567,409,492,1059,4352,4352,343,2016,2359,11063
7760,137,11,148,2025,2173,573,385,476,1049,4346,4346,322,2025,2347,11039
7761,167,10,177,1992,2169,578,376,443,1021,4338,4338,370,1992,2362,11038
7762,155,8,163,2028,2191,487,383,478,965,4382,4382,341,2028,2369,11133
7763,154,14,168,2072,2240,571,391,471,1042,4480,4480,357,2072,2429,11389
7764,136,16,152,2110,2262,572,442,543,1115,4524,4524,342,2110,2452,11500
7765,152,9,161,1951,2112,542,323,395,937,4224,4224,335,1951,2286,10734
7766,148,10,158,2084,2242,540,395,504,1044,4484,4484,339,2084,2423,11391
7767,154,9,163,2010,2173,541,388,480,1021,4346,4346,341,2010,2351,11043
7768,146,10,156,2005,2161,513,376,446,959,4322,4322,329,2005,2334,10978
7769,168,10,178,2011,2189,627,373,451,1078,4378,4378,374,2011,2385,11141
7770,160,8,168,2077,2245,524,385,463,987,4490,4490,358,2077,2435,11415
7771,142,10,152,2023,2175,523,400,485,1008,4350,4350,326,2023,2349,11049
7772,134,5,139,2025,2164,470,384,476,946,4328,4328,289,2025,2314,10970
7773,165,9,174,2024,2198,591,394,484,1075,4396,4396,367,2024,2391,11183
7774,148,11,159,2043,2202,538,390,473,1011,4404,4404,342,2043,2385,11193
7775,159,14,173,2071,2244,606,400,487,1093,4488,4488,373,2071,2444,11420
7776,154,7,161,2035,2196,500,379,460,960,4392,4392,334,2035,2369,11153
7777,142,12,154,2099,2253,535,389,463,998,4506,4506,331,2099,2430,11442
7778,159,8,167,2048,2215,561,391,481,1042,4430,4430,352,2048,2400,11260
7779,146,6,152,2031,2183,515,388,471,986,4366,4366,314,2031,2345,11077
7780,164,15,179,2090,2269,662,406,497,1159,4538,4538,394,2090,2484,11560
7781,137,8,145,2021,2166,484,368,448,932,4332,4332,305,2021,2326,10990
7782,149,8,157,2064,2221,496,411,503,999,4442,4442,330,2064,2394,11278
7783,145,7,152,2093,2245,504,421,498,1002,4490,4490,322,2093,2415,11395
7784,163,5,168,2029,2197,522,381,456,978,4394,4394,345,2029,2374,11162
7785,131,14,145,2015,2160,498,368,453,951,4320,4320,311,2015,2326,10966
7786,152,7,159,2151,2310,568,407,501,1069,4620,4620,330,2151,2481,11721
7787,172,11,183,2026,2209,629,355,432,1061,4418,4418,392,2026,2418,11254
7788,155,16,171,1990,2161,608,385,475,1083,4322,4322,368,1990,2358,11002
7789,154,11,165,1993,2158,539,380,466,1005,4316,4316,349,1993,2342,10974
7790,170,12,182,2044,2226,598,380,460,1058,4452,4452,383,2044,2427,11331
7791,174,10,184,1993,2177,609,379,479,1088,4354,4354,385,1993,2378,11086
7792,153,9,162,2056,2218,539,421,512,1051,4436,4436,342,2056,2398,11270
7793,156,11,167,2047,2214,569,364,439,1008,4428,4428,354,2047,2401,11257
7794,166,21,187,2102,2289,681,401,488,1169,4578,4578,420,2102,2522,11678
7795,177,8,185,2065,2250,611,377,451,1062,4500,4500,389,2065,2454,11454
7796,155,8,163,2033,2196,531,394,489,1020,4392,4392,342,2033,2375,11159
7797,164,8,172,1963,2135,543,372,468,1011,4270,4270,359,1963,2322,10862
7798,156,13,169,2045,2214,588,398,497,1085,4428,4428,364,2045,2409,11265
7799,120,13,133,2083,2216,418,395,501,919,4432,4432,287,2083,2370,11234
7800,149,11,160,2033,2193,518,335,412,930,4386,4386,335,2033,2368,11140
7801,155,9,164,2023,2187,581,376,449,1030,4374,4374,347,2023,2370,11118
7802,171,6,177,2061,2238,572,419,496,1068,4476,4476,366,2061,2427,11379
7803,129,11,140,2058,2198,484,341,407,891,4396,4396,310,2058,2368,11160
7804,147,14,161,2064,2225,542,386,475,1017,4450,4450,349,2064,2413,11313
7805,146,13,159,2089,2248,583,371,447,1030,4496,4496,345,2089,2434,11426
7806,146,7,153,2045,2198,488,359,428,916,4396,4396,322,2045,2367,11159
7807,146,5,151,2030,2181,502,402,490,992,4362,4362,314,2030,2344,11068
7808,155,12,167,1989,2156,561,422,528,1089,4312,4312,356,1989,2345,10969
7809,143,10,153,2028,2181,538,398,490,1028,4362,4362,326,2028,2354,11078
7810,156,4,160,2022,2182,508,377,464,972,4364,4364,327,2022,2349,11077
7811,128,16,144,2142,2286,502,429,515,1017,4572,4572,320,2142,2462,11606
7812,142,11,153,2021,2174,516,368,453,969,4348,4348,333,2021,2354,11050
7813,153,13,166,1996,2162,556,383,470,1026,4324,4324,354,1996,2350,10998
7814,160,19,179,2009,2188,670,376,447,1117,4376,4376,406,2009,2415,11167
7815,159,14,173,2130,2303,567,404,486,1053,4606,4606,373,2130,2503,11715
7816,153,8,161,2019,2180,562,369,451,1013,4360,4360,339,2019,2358,11078
7817,152,12,164,2013,2177,578,400,497,1075,4354,4354,356,2013,2369,11077
7818,147,8,155,1997,2152,499,392,479,978,4304,4304,326,1997,2323,10931
7819,153,9,162,2061,2223,539,373,457,996,4446,4446,339,2061,2400,11292
7820,141,6,147,1953,2100,493,373,453,946,4200,4200,306,1953,2259,10659
7821,153,14,167,1998,2165,563,390,491,1054,4330,4330,364,1998,2362,11022
7822,170,12,182,1982,2164,623,396,487,1110,4328,4328,383,1982,2365,11021
7823,168,11,179,2035,2214,594,396,474,1068,4428,4428,380,2035,2415,11271
7824,166,13,179,1971,2150,622,402,484,1106,4300,4300,383,1971,2354,10954
7825,153,9,162,2009,2171,512,375,457,969,4342,4342,341,2009,2350,11034
7826,152,10,162,2010,2172,552,382,458,1010,4344,4344,348,2010,2358,11046
7827,155,6,161,2041,2202,565,360,443,1008,4404,4404,340,2041,2381,11189
7828,137,9,146,2022,2168,489,406,496,985,4336,4336,309,2022,2331,11003
7829,146,12,158,2079,2237,551,394,475,1026,4474,4474,336,2079,2415,11363
7830,177,10,187,2027,2214,608,364,443,1051,4428,4428,391,2027,2418,11274
7831,144,6,150,2101,2251,478,414,512,990,4502,4502,308,2101,2409,11413
7832,167,10,177,2070,2247,616,391,481,1097,4494,4494,370,2070,2440,11428
7833,155,11,166,1998,2164,513,362,447,960,4328,4328,352,1998,2350,11006
7834,150,6,156,2071,2227,519,405,486,1005,4454,4454,322,2071,2393,11301
7835,147,18,165,2060,2225,622,395,488,1110,4450,4450,375,2060,2435,11335
7836,144,11,155,2034,2189,520,402,486,1006,4378,4378,334,2034,2368,11124
7837,144,13,157,2003,2160,554,351,440,994,4320,4320,338,2003,2341,10981
7838,167,8,175,2071,2246,582,376,452,1034,4492,4492,367,2071,2438,11422
7839,134,12,146,2064,2210,521,386,471,992,4420,4420,314,2064,2378,11218
7840,166,7,173,1997,2170,557,347,424,981,4340,4340,359,1997,2356,11036
7841,159,12,171,2036,2207,570,371,455,1025,4414,4414,364,2036,2400,11228
7842,168,2,170,2036,2206,526,386,465,991,4412,4412,344,2036,2380,11204
7843,154,13,167,2030,2197,588,363,447,1035,4394,4394,366,2030,2396,11184
7844,152,17,169,2058,2227,619,387,481,1100,4454,4454,365,2058,2423,11331
7845,154,6,160,2018,2178,522,399,486,1008,4356,4356,330,2018,2348,11060
7846,140,13,153,2050,2203,501,391,472,973,4406,4406,331,2050,2381,11193
7847,162,14,176,2044,2220,608,373,468,1076,4440,4440,383,2044,2427,11307
7848,155,13,168,2021,2189,600,360,442,1042,4378,4378,363,2021,2384,11140
7849,160,16,176,2034,2210,594,403,490,1084,4420,4420,389,2034,2423,11263
7850,182,10,192,2001,2193,654,403,498,1152,4386,4386,404,2001,2405,11177
7851,150,10,160,1995,2155,539,373,452,991,4310,4310,337,1995,2332,10952
7852,139,12,151,2016,2167,540,390,478,1018,4334,4334,331,2016,2347,11015
7853,175,9,184,2059,2243,605,380,456,1061,4486,4486,385,2059,2444,11416
7854,159,14,173,2003,2176,609,359,444,1053,4352,4352,371,2003,2374,11078
7855,159,6,165,2087,2252,535,399,488,1023,4504,4504,345,2087,2432,11440
7856,157,7,164,2028,2192,529,370,442,971,4384,4384,342,2028,2370,11138
7857,139,13,152,2015,2167,506,359,444,950,4334,4334,322,2015,2337,11005
7858,151,11,162,1924,2086,536,369,455,991,4172,4172,346,1924,2270,10614
7859,184,9,193,2018,2211,606,382,472,1078,4422,4422,404,2018,2422,11266
7860,190,12,202,2017,2219,683,381,468,1151,4438,4438,421,2017,2438,11314
7861,157,9,166,2048,2214,546,419,509,1055,4428,4428,349,2048,2397,11253
7862,143,11,154,2073,2227,540,370,448,988,4454,4454,335,2073,2408,11316
7863,159,12,171,2090,2261,568,404,488,1056,4522,4522,364,2090,2454,11498
7864,159,11,170,2007,2177,580,388,480,1060,4354,4354,360,2007,2367,11075
7865,150,7,157,2027,2184,513,392,492,1005,4368,4368,332,2027,2359,11095
7866,137,9,146,2105,2251,469,425,520,989,4502,4502,306,2105,2411,11415
7867,166,13,179,2022,2201,644,402,489,1133,4402,4402,380,2022,2402,11206
7868,150,8,158,1976,2134,507,406,502,1009,4268,4268,329,1976,2305,10841
7869,152,8,160,2008,2168,551,378,465,1016,4336,4336,336,2008,2344,11016
7870,161,7,168,2069,2237,589,371,469,1058,4474,4474,347,2069,2416,11364
7871,146,9,155,1901,2056,525,327,383,908,4112,4112,329,1901,2230,10454
7872,163,6,169,2018,2187,543,371,449,992,4374,4374,350,2018,2368,11116
7873,153,7,160,2049,2209,571,402,497,1068,4418,4418,335,2049,2384,11220
7874,147,13,160,2082,2242,535,384,474,1009,4484,4484,346,2082,2428,11396
7875,132,10,142,1940,2082,485,378,461,946,4164,4164,303,1940,2243,10571
7876,150,6,156,2126,2282,482,370,451,933,4564,4564,322,2126,2448,11576
7877,155,10,165,2030,2195,614,385,467,1081,4390,4390,356,2030,2386,11166
7878,158,12,170,2054,2224,542,395,484,1026,4448,4448,359,2054,2413,11309
7879,156,14,170,1971,2141,588,388,473,1061,4282,4282,375,1971,2346,10910
7880,153,5,158,2062,2220,520,361,421,941,4440,4440,326,2062,2388,11268
7881,150,12,162,2070,2232,553,377,458,1011,4464,4464,341,2070,2411,11339
7882,162,6,168,2119,2287,531,370,454,985,4574,4574,348,2119,2467,11615
7883,159,9,168,2008,2176,572,381,455,1027,4352,4352,355,2008,2363,11067
7884,145,12,157,1978,2135,546,395,495,1041,4270,4270,337,1978,2315,10855
7885,167,9,176,2090,2266,566,411,503,1069,4532,4532,369,2090,2459,11523
7886,168,10,178,2038,2216,589,419,508,1097,4432,4432,376,2038,2414,11278
7887,134,11,145,1990,2135,520,383,470,990,4270,4270,315,1990,2305,10845
7888,157,5,162,1973,2135,542,410,504,1046,4270,4270,331,1973,2304,10844
7889,163,12,175,2019,2194,585,352,421,1006,4388,4388,373,2019,2392,11168
7890,157,12,169,1958,2127,566,383,476,1042,4254,4254,356,1958,2314,10822
7891,154,9,163,2087,2250,533,415,502,1035,4500,4500,340,2087,2427,11427
7892,148,12,160,2068,2228,553,424,533,1086,4456,4456,345,2068,2413,11325
7893,171,12,183,2006,2189,611,376,461,1072,4378,4378,389,2006,2395,11151
7894,155,9,164,2051,2215,524,413,504,1028,4430,4430,344,2051,2395,11255
7895,147,13,160,2039,2199,504,417,499,1003,4398,4398,343,2039,2382,11178
7896,154,4,158,1999,2157,506,375,457,963,4314,4314,326,1999,2325,10953
7897,153,8,161,2091,2252,574,392,461,1035,4504,4504,338,2091,2429,11437
7898,147,12,159,2139,2298,523,379,461,984,4596,4596,346,2139,2485,11677
7899,142,6,148,2022,2170,477,351,422,899,4340,4340,308,2022,2330,11010
7900,166,9,175,2016,2191,561,356,454,1015,4382,4382,367,2016,2383,11147
7901,156,13,169,2043,2212,543,381,469,1012,4424,4424,361,2043,2404,11252
7902,142,11,153,2056,2209,536,392,491,1027,4418,4418,326,2056,2382,11218
7903,141,9,150,2049,2199,529,390,466,995,4398,4398,317,2049,2366,11162
7904,157,8,165,2067,2232,577,389,470,1047,4464,4464,347,2067,2414,11342
7905,138,7,145,2077,2222,454,428,515,969,4444,4444,303,2077,2380,11268
7906,149,6,155,1987,2142,491,423,520,1011,4284,4284,325,1987,2312,10880
7907,155,10,165,2068,2233,567,390,471,1038,4466,4466,354,2068,2422,11354
7908,142,15,157,2090,2247,560,405,481,1041,4494,4494,348,2090,2438,11426
7909,161,9,170,2045,2215,546,375,452,998,4430,4430,358,2045,2403,11263
7910,151,13,164,2020,2184,583,404,497,1080,4368,4368,357,2020,2377,11113
7911,167,13,180,2017,2197,599,362,444,1043,4394,4394,391,2017,2408,11196
7912,124,8,132,1962,2094,446,355,423,869,4188,4188,281,1962,2243,10619
7913,149,10,159,1982,2141,596,385,469,1065,4282,4282,346,1982,2328,10892
7914,141,11,152,2024,2176,527,373,458,985,4352,4352,325,2024,2349,11053
7915,152,11,163,1981,2144,558,350,431,989,4288,4288,351,1981,2332,10908
7916,174,9,183,1949,2132,614,364,449,1063,4264,4264,386,1949,2335,10863
7917,139,13,152,2022,2174,511,368,440,951,4348,4348,322,2022,2344,11040
7918,139,6,145,2074,2219,472,391,477,949,4438,4438,303,2074,2377,11253
7919,139,7,146,2064,2210,468,435,537,1005,4420,4420,304,2064,2368,11208
7920,144,7,151,1988,2139,516,359,424,940,4278,4278,316,1988,2304,10860
7921,166,10,176,2032,2208,604,357,448,1052,4416,4416,376,2032,2408,11240
7922,149,12,161,2067,2228,523,403,504,1027,4456,4456,352,2067,2419,11331
7923,146,11,157,2075,2232,552,407,503,1055,4464,4464,331,2075,2406,11334
7924,152,14,166,1943,2109,584,367,440,1024,4218,4218,360,1943,2303,10739
7925,151,12,163,2014,2177,553,389,469,1022,4354,4354,347,2014,2361,11069
7926,150,10,160,1989,2149,508,374,455,963,4298,4298,334,1989,2323,10919
7927,137,11,148,1961,2109,500,374,457,957,4218,4218,312,1961,2273,10709
7928,149,9,158,2040,2198,560,405,487,1047,4396,4396,335,2040,2375,11167
7929,161,7,168,2058,2226,548,340,419,967,4452,4452,347,2058,2405,11309
7930,151,16,167,2010,2177,599,355,425,1024,4354,4354,362,2010,2372,11080
7931,173,18,191,2002,2193,651,382,459,1110,4386,4386,417,2002,2419,11191
7932,158,12,170,2087,2257,591,422,510,1101,4514,4514,369,2087,2456,11484
7933,152,11,163,2067,2230,593,401,482,1075,4460,4460,350,2067,2417,11337
7934,167,8,175,2027,2202,608,418,495,1103,4404,4404,370,2027,2397,11205
7935,145,9,154,2034,2188,524,396,492,1016,4376,4376,325,2034,2359,11111
7936,144,10,154,1959,2113,528,349,432,960,4226,4226,322,1959,2281,10733
7937,182,4,186,2097,2283,576,413,496,1072,4566,4566,379,2097,2476,11608
7938,116,10,126,2025,2151,425,398,482,907,4302,4302,271,2025,2296,10900
7939,150,9,159,2079,2238,535,404,481,1016,4476,4476,337,2079,2416,11368
7940,177,13,190,1980,2170,645,359,437,1082,4340,4340,402,1980,2382,11062
7941,160,10,170,2041,2211,605,345,428,1033,4422,4422,362,2041,2403,11247
7942,133,9,142,2101,2243,497,400,483,980,4486,4486,302,2101,2403,11375
7943,157,15,172,1951,2123,612,371,446,1058,4246,4246,377,1951,2328,10820
7944,136,10,146,1969,2115,482,359,455,937,4230,4230,312,1969,2281,10741
7945,120,6,126,2031,2157,433,387,488,921,4314,4314,260,2031,2291,10919
7946,141,6,147,2038,2185,451,390,477,928,4370,4370,303,2038,2341,11081
7947,145,10,155,2010,2165,526,399,492,1018,4330,4330,333,2010,2343,11003
7948,141,14,155,2093,2248,568,370,448,1016,4496,4496,340,2093,2433,11425
7949,168,6,174,2099,2273,563,395,491,1054,4546,4546,358,2099,2457,11549
7950,149,11,160,2090,2250,550,397,483,1033,4500,4500,351,2090,2441,11441
7951,160,8,168,2061,2229,562,420,525,1087,4458,4458,349,2061,2410,11326
7952,145,15,160,2082,2242,564,403,491,1055,4484,4484,351,2082,2433,11401
7953,142,8,150,2125,2275,525,378,462,987,4550,4550,316,2125,2441,11541
7954,153,8,161,2058,2219,512,377,467,979,4438,4438,336,2058,2394,11270
7955,155,11,166,2076,2242,574,366,442,1016,4484,4484,352,2076,2428,11396
7956,154,9,163,2008,2171,591,391,484,1075,4342,4342,345,2008,2353,11037
7957,157,12,169,2040,2209,586,376,466,1052,4418,4418,361,2040,2401,11237
7958,160,8,168,1965,2133,564,376,469,1033,4266,4266,357,1965,2322,10854
7959,142,5,147,2059,2206,463,398,486,949,4412,4412,305,2059,2364,11188
7960,156,10,166,1988,2154,564,379,452,1016,4308,4308,350,1988,2338,10954
7961,138,12,150,2068,2218,512,375,459,971,4436,4436,322,2068,2390,11262
7962,178,10,188,1984,2172,643,350,439,1082,4344,4344,396,1984,2380,11068
7963,151,10,161,2083,2244,550,407,486,1036,4488,4488,344,2083,2427,11403
7964,144,6,150,2014,2164,502,378,461,963,4328,4328,312,2014,2326,10982
7965,138,11,149,1937,2086,482,383,448,930,4172,4172,320,1937,2257,10601
7966,160,15,175,2075,2250,618,413,516,1134,4500,4500,378,2075,2453,11453
7967,155,11,166,2069,2235,576,399,484,1060,4470,4470,355,2069,2424,11364
7968,161,12,173,2045,2218,609,382,476,1085,4436,4436,374,2045,2419,11291
7969,158,17,175,2102,2277,607,430,521,1128,4554,4554,383,2102,2485,11593
7970,160,7,167,2040,2207,505,378,457,962,4414,4414,348,2040,2388,11216
7971,133,9,142,2098,2240,463,435,548,1011,4480,4480,302,2098,2400,11360
7972,154,13,167,2000,2167,565,380,465,1030,4334,4334,362,2000,2362,11030
7973,164,11,175,2010,2185,596,358,434,1030,4370,4370,366,2010,2376,11116
7974,139,11,150,2069,2219,504,439,533,1037,4438,4438,317,2069,2386,11262
7975,149,14,163,2017,2180,600,409,510,1110,4360,4360,360,2017,2377,11097
7976,151,7,158,2085,2243,510,387,464,974,4486,4486,330,2085,2415,11387
7977,169,9,178,2000,2178,566,415,498,1064,4356,4356,375,2000,2375,11087
7978,164,10,174,2010,2184,566,391,466,1032,4368,4368,365,2010,2375,11111
7979,138,10,148,2080,2228,531,403,489,1020,4456,4456,314,2080,2394,11306
7980,146,9,155,1992,2147,525,374,459,984,4294,4294,325,1992,2317,10905
7981,174,11,185,2021,2206,660,371,461,1121,4412,4412,398,2021,2419,11243
7982,165,10,175,1977,2152,588,340,416,1004,4304,4304,368,1977,2345,10953
7983,157,7,164,2043,2207,561,372,459,1020,4414,4414,342,2043,2385,11213
7984,146,10,156,2021,2177,578,348,423,1001,4354,4354,333,2021,2354,11062
7985,175,18,193,2015,2208,675,397,504,1179,4416,4416,419,2015,2434,11266
7986,142,12,154,1993,2147,542,381,460,1002,4294,4294,327,1993,2320,10908
7987,158,10,168,1990,2158,538,377,446,984,4316,4316,357,1990,2347,10979
7988,157,7,164,2018,2182,513,389,457,970,4364,4364,338,2018,2356,11084
7989,151,15,166,1996,2162,542,363,444,986,4324,4324,353,1996,2349,10997
7990,163,8,171,2056,2227,598,370,441,1039,4454,4454,361,2056,2417,11325
7991,141,7,148,2091,2239,467,390,476,943,4478,4478,305,2091,2396,11352
7992,142,12,154,2117,2271,549,404,507,1056,4542,4542,335,2117,2452,11536
7993,147,11,158,2003,2161,501,357,419,920,4322,4322,338,2003,2341,10985
7994,188,5,193,2028,2221,671,354,434,1105,4442,4442,397,2028,2425,11309
7995,159,5,164,2053,2217,514,377,475,989,4434,4434,340,2053,2393,11261
7996,140,13,153,2061,2214,506,369,448,954,4428,4428,333,2061,2394,11250
7997,141,14,155,2043,2198,545,382,468,1013,4396,4396,337,2043,2380,11172
7998,150,11,161,2025,2186,565,401,481,1046,4372,4372,344,2025,2369,11113
7999,167,16,183,2060,2243,662,421,497,1159,4486,4486,400,2060,2460,11432
8000,157,12,169,2055,2224,565,406,486,1051,4448,4448,356,2055,2411,11307
8001,175,10,185,2010,2195,617,366,463,1080,4390,4390,388,2010,2398,11178
8002,156,7,163,1992,2155,571,373,448,1019,4310,4310,341,1992,2333,10953
8003,146,7,153,2069,2222,502,388,463,965,4444,4444,317,2069,2386,11274
8004,145,8,153,1963,2116,521,376,465,986,4232,4232,319,1963,2282,10746
8005,145,14,159,2015,2174,522,399,474,996,4348,4348,339,2015,2354,11050
8006,154,14,168,2030,2198,572,383,473,1045,4396,4396,365,2030,2395,11187
8007,160,7,167,2018,2185,501,384,462,963,4370,4370,345,2018,2363,11103
8008,146,7,153,2039,2192,509,383,463,972,4384,4384,316,2039,2355,11123
8009,157,8,165,2083,2248,502,405,487,989,4496,4496,343,2083,2426,11418
8010,159,11,170,1998,2168,581,390,477,1058,4336,4336,368,1998,2366,11038
8011,155,5,160,2043,2203,533,392,493,1026,4406,4406,332,2043,2375,11187
8012,145,9,154,1949,2103,537,343,416,953,4206,4206,324,1949,2273,10685
8013,171,12,183,2041,2224,624,351,431,1055,4448,4448,387,2041,2428,11324
8014,169,7,176,2023,2199,579,373,461,1040,4398,4398,367,2023,2390,11186
8015,163,9,172,1991,2163,596,390,492,1088,4326,4326,369,1991,2360,11012
8016,190,7,197,2010,2207,662,364,436,1098,4414,4414,406,2010,2416,11244
8017,166,8,174,1991,2165,558,395,484,1042,4330,4330,363,1991,2354,11014
8018,152,5,157,2035,2192,536,384,461,997,4384,4384,326,2035,2361,11129
8019,157,5,162,2014,2176,525,382,472,997,4352,4352,329,2014,2343,11047
8020,171,10,181,2038,2219,640,361,440,1080,4438,4438,382,2038,2420,11296
8021,128,8,136,2051,2187,459,411,507,966,4374,4374,289,2051,2340,11088
8022,160,14,174,2043,2217,601,390,483,1084,4434,4434,374,2043,2417,11285
8023,149,10,159,1967,2126,533,374,468,1001,4252,4252,335,1967,2302,10806
8024,137,3,140,1968,2108,459,357,440,899,4216,4216,286,1968,2254,10686
8025,156,10,166,2073,2239,564,396,483,1047,4478,4478,355,2073,2428,11384
8026,162,8,170,2086,2256,532,400,491,1023,4512,4512,357,2086,2443,11467
8027,164,8,172,1980,2152,573,365,438,1011,4304,4304,362,1980,2342,10950
8028,153,7,160,2009,2169,508,367,437,945,4338,4338,332,2009,2341,11017
8029,141,10,151,2033,2184,490,353,435,925,4368,4368,321,2033,2354,11090
8030,140,15,155,2032,2187,531,397,480,1011,4374,4374,335,2032,2367,11115
8031,174,3,177,2061,2238,568,418,515,1083,4476,4476,360,2061,2421,11373
8032,143,10,153,2033,2186,526,370,460,986,4372,4372,324,2033,2357,11101
8033,146,9,155,2100,2255,499,382,479,978,4510,4510,325,2100,2425,11445
8034,146,8,154,2049,2203,512,381,461,973,4406,4406,319,2049,2368,11180
8035,161,8,169,1988,2157,548,355,430,978,4314,4314,351,1988,2339,10967
8036,164,6,170,2090,2260,559,429,529,1088,4520,4520,350,2090,2440,11480
8037,129,8,137,2024,2161,471,385,458,929,4322,4322,284,2024,2308,10952
8038,153,9,162,2071,2233,531,404,496,1027,4466,4466,342,2071,2413,11345
8039,147,12,159,1974,2133,522,392,474,996,4266,4266,338,1974,2312,10844
8040,138,4,142,2136,2278,445,370,452,897,4556,4556,290,2136,2426,11538
8041,154,6,160,2030,2190,533,374,458,991,4380,4380,336,2030,2366,11126
8042,154,10,164,1977,2141,543,381,474,1017,4282,4282,348,1977,2325,10889
8043,142,7,149,2049,2198,475,373,457,932,4396,4396,312,2049,2361,11153
8044,164,2,166,2074,2240,555,349,420,975,4480,4480,335,2074,2409,11369
8045,160,11,171,2089,2260,588,426,529,1117,4520,4520,369,2089,2458,11498
8046,171,16,187,2019,2206,617,379,471,1088,4412,4412,400,2019,2419,11243
8047,161,13,174,2029,2203,581,372,459,1040,4406,4406,373,2029,2402,11214
8048,141,11,152,2096,2248,506,394,475,981,4496,4496,330,2096,2426,11418
8049,151,11,162,2018,2180,548,389,476,1024,4360,4360,353,2018,2371,11091
8050,159,9,168,2005,2173,612,359,429,1041,4346,4346,357,2005,2362,11054
8051,137,7,144,2008,2152,524,408,490,1014,4304,4304,299,2008,2307,10915
8052,141,12,153,2013,2166,514,403,477,991,4332,4332,325,2013,2338,11002
8053,174,13,187,1957,2144,602,355,424,1026,4288,4288,395,1957,2352,10928
8054,157,13,170,2036,2206,575,371,455,1030,4412,4412,369,2036,2405,11229
8055,159,14,173,2064,2237,576,382,454,1030,4474,4474,372,2064,2436,11384
8056,152,10,162,2123,2285,572,375,455,1027,4570,4570,349,2123,2472,11612
8057,144,15,159,2026,2185,534,389,491,1025,4370,4370,347,2026,2373,11113
8058,134,15,149,2043,2192,509,382,459,968,4384,4384,331,2043,2374,11142
8059,163,10,173,2081,2254,618,385,481,1099,4508,4508,366,2081,2447,11463
8060,139,13,152,2115,2267,519,409,497,1016,4534,4534,327,2115,2442,11510
8061,144,10,154,2053,2207,545,398,486,1031,4414,4414,333,2053,2386,11214
8062,164,13,177,1954,2131,589,353,436,1025,4262,4262,374,1954,2328,10852
8063,151,18,169,2078,2247,642,398,469,1111,4494,4494,383,2078,2461,11449
8064,140,15,155,1944,2099,516,363,450,966,4198,4198,336,1944,2280,10676
8065,152,9,161,2061,2222,526,394,476,1002,4444,4444,342,2061,2403,11291
8066,142,3,145,1998,2143,482,367,441,923,4286,4286,297,1998,2295,10867
8067,170,5,175,2064,2239,582,396,483,1065,4478,4478,361,2064,2425,11381
8068,138,10,148,2035,2183,514,380,466,980,4366,4366,317,2035,2352,11084
8069,143,14,157,2083,2240,525,361,441,966,4480,4480,337,2083,2420,11380
8070,146,17,163,2067,2230,588,392,482,1070,4460,4460,355,2067,2422,11342
8071,159,8,167,2040,2207,539,383,468,1007,4414,4414,350,2040,2390,11218
8072,143,9,152,2022,2174,528,367,443,971,4348,4348,326,2022,2348,11044
8073,142,11,153,2011,2164,522,364,450,972,4328,4328,327,2011,2338,10994
8074,149,10,159,2012,2171,513,374,461,974,4342,4342,333,2012,2345,11029
8075,160,5,165,2058,2223,568,397,485,1053,4446,4446,341,2058,2399,11291
8076,176,16,192,1956,2148,650,375,457,1107,4296,4296,416,1956,2372,10964
8077,152,11,163,1983,2146,593,376,466,1059,4292,4292,351,1983,2334,10918
8078,137,15,152,2118,2270,566,396,483,1049,4540,4540,335,2118,2453,11533
8079,157,7,164,2017,2181,535,393,475,1010,4362,4362,340,2017,2357,11081
8080,158,12,170,2022,2192,570,413,495,1065,4384,4384,370,2022,2392,11160
8081,142,7,149,2031,2180,532,399,487,1019,4360,4360,315,2031,2346,11066
8082,152,12,164,2002,2166,556,374,467,1023,4332,4332,353,2002,2355,11019
8083,164,12,176,2057,2233,581,397,486,1067,4466,4466,373,2057,2430,11362
8084,154,9,163,2037,2200,528,380,447,975,4400,4400,344,2037,2381,11181
8085,134,7,141,2033,2174,469,407,512,981,4348,4348,296,2033,2329,11025
8086,135,7,142,2056,2198,458,408,494,952,4396,4396,294,2056,2350,11142
8087,158,13,171,2053,2224,584,388,477,1061,4448,4448,369,2053,2422,11318
8088,162,11,173,2018,2191,583,379,450,1033,4382,4382,367,2018,2385,11149
8089,160,8,168,2047,2215,570,375,460,1030,4430,4430,360,2047,2407,11267
8090,148,17,165,2040,2205,571,410,500,1071,4410,4410,367,2040,2407,11227
8091,168,12,180,2014,2194,624,350,419,1043,4388,4388,384,2014,2398,11174
8092,161,9,170,1980,2150,571,377,464,1035,4300,4300,358,1980,2338,10938
8093,168,15,183,2102,2285,599,398,481,1080,4570,4570,400,2102,2502,11642
8094,162,11,173,2046,2219,580,402,493,1073,4438,4438,365,2046,2411,11287
8095,134,11,145,2041,2186,467,360,449,916,4372,4372,314,2041,2355,11099
8096,153,9,162,2093,2255,543,378,469,1012,4510,4510,342,2093,2435,11455
8097,159,9,168,2107,2275,585,397,481,1066,4550,4550,355,2107,2462,11562
8098,156,12,168,2054,2222,575,389,483,1058,4444,4444,356,2054,2410,11298
8099,143,9,152,2043,2195,523,395,482,1005,4390,4390,325,2043,2368,11148
8100,153,11,164,2075,2239,525,406,476,1001,4478,4478,350,2075,2425,11381
8101,165,9,174,2024,2198,621,412,483,1104,4396,4396,364,2024,2388,11180
8102,139,15,154,1971,2125,542,376,461,1003,4250,4250,334,1971,2305,10805
8103,160,12,172,2035,2207,605,394,475,1080,4414,4414,368,2035,2403,11231
8104,134,9,143,1929,2072,450,354,422,872,4144,4144,307,1929,2236,10524
8105,165,9,174,2002,2176,553,392,477,1030,4352,4352,365,2002,2367,11071
8106,161,8,169,1974,2143,566,376,469,1035,4286,4286,353,1974,2327,10899
8107,133,15,148,2030,2178,542,391,470,1012,4356,4356,331,2030,2361,11073
8108,163,9,172,2066,2238,552,401,486,1038,4476,4476,361,2066,2427,11379
8109,167,18,185,1988,2173,634,361,443,1077,4346,4346,403,1988,2391,11083
8110,144,9,153,2013,2166,508,373,467,975,4332,4332,319,2013,2332,10996
8111,152,14,166,2050,2216,590,376,464,1054,4432,4432,360,2050,2410,11274
8112,158,9,167,2107,2274,527,390,477,1004,4548,4548,351,2107,2458,11554
8113,163,8,171,2053,2224,561,382,462,1023,4448,4448,360,2053,2413,11309
8114,133,12,145,2007,2152,493,393,471,964,4304,4304,318,2007,2325,10933
8115,147,13,160,2052,2212,531,384,482,1013,4424,4424,342,2052,2394,11242
8116,152,8,160,2033,2193,533,387,480,1013,4386,4386,333,2033,2366,11138
8117,142,13,155,2049,2204,510,390,470,980,4408,4408,339,2049,2388,11204
8118,171,8,179,1972,2151,613,382,455,1068,4302,4302,376,1972,2348,10952
8119,150,16,166,1991,2157,608,341,425,1033,4314,4314,361,1991,2352,10980
8120,172,15,187,2076,2263,635,382,481,1116,4526,4526,404,2076,2480,11532
8121,146,13,159,2040,2199,593,397,486,1079,4398,4398,344,2040,2384,11180
8122,153,12,165,2016,2181,564,400,492,1056,4362,4362,357,2016,2373,11097
8123,174,11,185,1962,2147,606,377,459,1065,4294,4294,384,1962,2346,10934
8124,131,12,143,2055,2198,452,353,432,884,4396,4396,308,2055,2363,11155
8125,146,8,154,1951,2105,497,327,391,888,4210,4210,318,1951,2269,10689
8126,145,15,160,2131,2291,583,383,464,1047,4582,4582,354,2131,2485,11649
8127,146,8,154,2004,2158,531,396,478,1009,4316,4316,324,2004,2328,10960
8128,161,10,171,2055,2226,569,391,479,1048,4452,4452,360,2055,2415,11319
8129,161,10,171,2000,2171,566,366,450,1016,4342,4342,358,2000,2358,11042
8130,169,8,177,1998,2175,594,346,422,1016,4350,4350,372,1998,2370,11070
8131,167,8,175,1984,2159,589,384,482,1071,4318,4318,368,1984,2352,10988
8132,140,7,147,1998,2145,529,381,463,992,4290,4290,308,1998,2306,10886
8133,173,6,179,1958,2137,544,377,451,995,4274,4274,367,1958,2325,10873
8134,163,7,170,2085,2255,554,390,477,1031,4510,4510,349,2085,2434,11454
8135,153,13,166,2045,2211,579,366,434,1013,4422,4422,359,2045,2404,11248
8136,142,8,150,2059,2209,493,388,484,977,4418,4418,318,2059,2377,11213
8137,129,4,133,2063,2196,426,429,522,948,4392,4392,272,2063,2335,11119
8138,142,7,149,2107,2256,494,397,479,973,4512,4512,317,2107,2424,11448
8139,168,10,178,1981,2159,584,385,459,1043,4318,4318,375,1981,2356,10992
8140,160,6,166,2012,2178,552,375,466,1018,4356,4356,343,2012,2355,11067
8141,143,12,155,2110,2265,555,417,502,1057,4530,4530,330,2110,2440,11500
8142,143,11,154,1986,2140,542,359,441,983,4280,4280,335,1986,2321,10881
8143,158,7,165,1995,2160,537,388,466,1003,4320,4320,348,1995,2343,10983
8144,158,15,173,2043,2216,603,412,506,1109,4432,4432,371,2043,2414,11278
8145,134,10,144,2037,2181,483,377,465,948,4362,4362,303,2037,2340,11064
8146,133,4,137,2076,2213,449,397,472,921,4426,4426,280,2076,2356,11208
8147,148,11,159,2055,2214,514,413,504,1018,4428,4428,338,2055,2393,11249
8148,164,6,170,1963,2133,552,401,501,1053,4266,4266,358,1963,2321,10853
8149,146,13,159,2060,2219,535,388,481,1016,4438,4438,343,2060,2403,11279
8150,160,6,166,1989,2155,545,374,464,1009,4310,4310,346,1989,2335,10955
8151,175,13,188,2039,2227,622,428,510,1132,4454,4454,404,2039,2443,11351
8152,155,8,163,2005,2168,536,379,464,1000,4336,4336,349,2005,2354,11026
8153,164,15,179,2069,2248,584,379,451,1035,4496,4496,380,2069,2449,11441
8154,157,13,170,2032,2202,574,364,449,1023,4404,4404,366,2032,2398,11206
8155,162,9,171,1971,2142,533,377,457,990,4284,4284,364,1971,2335,10903
8156,140,11,151,1960,2111,515,399,481,996,4222,4222,319,1960,2279,10723
8157,165,11,176,1991,2167,610,357,441,1051,4334,4334,373,1991,2364,11032
8158,161,13,174,2032,2206,602,417,506,1108,4412,4412,371,2032,2403,11227
8159,168,13,181,2097,2278,605,354,434,1039,4556,4556,379,2097,2476,11588
8160,162,12,174,2073,2247,567,380,463,1030,4494,4494,378,2073,2451,11439
8161,162,8,170,2058,2228,582,393,479,1061,4456,4456,357,2058,2415,11327
8162,156,7,163,2044,2207,535,381,464,999,4414,4414,339,2044,2383,11211
8163,162,9,171,2012,2183,572,356,434,1006,4366,4366,358,2012,2370,11102
8164,144,10,154,2103,2257,507,399,487,994,4514,4514,324,2103,2427,11455
8165,155,5,160,2190,2350,536,429,516,1052,4700,4700,327,2190,2517,11917
8166,165,12,177,2053,2230,599,395,477,1076,4460,4460,380,2053,2433,11353
8167,165,14,179,1980,2159,619,402,502,1121,4318,4318,386,1980,2366,11002
8168,156,5,161,2045,2206,531,394,484,1015,4412,4412,330,2045,2375,11199
8169,149,7,156,2048,2204,526,437,533,1059,4408,4408,324,2048,2372,11188
8170,163,8,171,2078,2249,602,365,455,1057,4498,4498,358,2078,2436,11432
8171,176,10,186,1998,2184,642,396,485,1127,4368,4368,388,1998,2386,11122
8172,135,16,151,2023,2174,555,402,486,1041,4348,4348,335,2023,2358,11054
8173,142,6,148,1979,2127,509,374,472,981,4254,4254,314,1979,2293,10801
8174,160,16,176,2055,2231,604,396,491,1095,4462,4462,384,2055,2439,11363
8175,166,11,177,2033,2210,623,389,470,1093,4420,4420,375,2033,2408,11248
8176,140,13,153,2043,2196,514,390,483,997,4392,4392,334,2043,2377,11161
8177,154,9,163,2026,2189,554,399,486,1040,4378,4378,341,2026,2367,11123
8178,157,11,168,2037,2205,552,405,496,1048,4410,4410,358,2037,2395,11215
8179,142,11,153,2077,2230,542,403,500,1042,4460,4460,326,2077,2403,11323
8180,151,12,163,2066,2229,566,382,477,1043,4458,4458,352,2066,2418,11334
8181,155,10,165,2069,2234,549,402,488,1037,4468,4468,352,2069,2421,11357
8182,156,11,167,2101,2268,585,398,490,1075,4536,4536,355,2101,2456,11528
8183,148,10,158,2032,2190,511,424,510,1021,4380,4380,333,2032,2365,11125
8184,153,19,172,2061,2233,608,417,511,1119,4466,4466,386,2061,2447,11379
8185,154,9,163,2088,2251,526,407,509,1035,4502,4502,344,2088,2432,11436
8186,151,15,166,2093,2259,564,378,461,1025,4518,4518,354,2093,2447,11483
8187,173,8,181,2063,2244,637,368,456,1093,4488,4488,386,2063,2449,11425
8188,162,6,168,2054,2222,556,406,502,1058,4444,4444,346,2054,2400,11288
8189,161,12,173,2033,2206,596,393,485,1081,4412,4412,365,2033,2398,11222
8190,156,9,165,1997,2162,568,374,464,1032,4324,4324,347,1997,2344,10992
8191,145,12,157,2030,2187,552,392,478,1030,4374,4374,333,2030,2363,11111
8192,167,10,177,2129,2306,581,387,479,1060,4612,4612,378,2129,2507,11731
8193,185,13,198,2064,2262,698,390,481,1179,4524,4524,422,2064,2486,11534
8194,147,15,162,2083,2245,619,394,502,1121,4490,4490,355,2083,2438,11418
8195,172,4,176,1992,2168,554,401,496,1050,4336,4336,358,1992,2350,11022
8196,172,8,180,2054,2234,596,407,499,1095,4468,4468,378,2054,2432,11368
8197,174,13,187,2048,2235,662,409,481,1143,4470,4470,399,2048,2447,11387
8198,148,12,160,2152,2312,591,399,487,1078,4624,4624,340,2152,2492,11740
8199,140,8,148,2080,2228,487,405,492,979,4456,4456,312,2080,2392,11304
8200,153,10,163,2051,2214,539,386,464,1003,4428,4428,344,2051,2395,11251
8201,160,13,173,2032,2205,556,382,482,1038,4410,4410,379,2032,2411,11231
8202,153,14,167,1989,2156,530,361,448,978,4312,4312,361,1989,2350,10974
8203,137,6,143,1963,2106,462,364,436,898,4212,4212,301,1963,2264,10688
8204,140,8,148,1971,2119,469,343,419,888,4238,4238,311,1971,2282,10758
8205,136,9,145,2040,2185,501,405,489,990,4370,4370,307,2040,2347,11087
8206,152,14,166,2014,2180,570,405,493,1063,4360,4360,358,2014,2372,11092
8207,148,4,152,2010,2162,477,403,479,956,4324,4324,313,2010,2323,10971
8208,133,10,143,2044,2187,470,390,474,944,4374,4374,312,2044,2356,11104
8209,151,11,162,1953,2115,546,358,446,992,4230,4230,345,1953,2298,10758
8210,143,8,151,2127,2278,512,388,470,982,4556,4556,316,2127,2443,11555
8211,136,13,149,2046,2195,552,387,469,1021,4390,4390,333,2046,2379,11159
8212,141,7,148,2044,2192,502,408,492,994,4384,4384,307,2044,2351,11119
8213,143,11,154,2079,2233,527,403,494,1021,4466,4466,325,2079,2404,11336
8214,155,13,168,2078,2246,616,385,465,1081,4492,4492,373,2078,2451,11435
8215,158,5,163,2035,2198,517,367,447,964,4396,4396,340,2035,2375,11167
8216,160,16,176,2069,2245,642,388,474,1116,4490,4490,388,2069,2457,11437
8217,161,14,175,1997,2172,597,378,464,1061,4344,4344,376,1997,2373,11061
8218,179,12,191,2017,2208,592,395,472,1064,4416,4416,405,2017,2422,11254
8219,160,9,169,2022,2191,540,382,465,1005,4382,4382,355,2022,2377,11141
8220,145,10,155,2017,2172,511,385,460,971,4344,4344,328,2017,2345,11033
8221,154,17,171,2076,2247,604,403,482,1086,4494,4494,374,2076,2450,11438
8222,139,13,152,2102,2254,508,417,514,1022,4508,4508,327,2102,2429,11445
8223,161,11,172,2091,2263,615,406,491,1106,4526,4526,370,2091,2461,11513
8224,149,15,164,2027,2191,545,399,494,1039,4382,4382,356,2027,2383,11147
8225,161,14,175,2065,2240,647,364,444,1091,4480,4480,384,2065,2449,11409
8226,135,10,145,1994,2139,477,371,446,923,4278,4278,309,1994,2303,10859
8227,144,6,150,2076,2226,489,377,469,958,4452,4452,309,2076,2385,11289
8228,160,13,173,2070,2243,575,391,480,1055,4486,4486,379,2070,2449,11421
8229,150,8,158,2018,2176,471,400,477,948,4352,4352,332,2018,2350,11054
8230,180,9,189,2065,2254,606,370,460,1066,4508,4508,397,2065,2462,11478
8231,162,10,172,2016,2188,575,377,466,1041,4376,4376,365,2016,2381,11133
8232,159,10,169,2016,2185,575,392,482,1057,4370,4370,354,2016,2370,11110
8233,169,12,181,2045,2226,637,392,486,1123,4452,4452,384,2045,2429,11333
8234,154,9,163,2018,2181,521,387,471,992,4362,4362,342,2018,2360,11084
8235,150,10,160,2160,2320,552,400,486,1038,4640,4640,337,2160,2497,11777
8236,152,14,166,1966,2132,570,374,462,1032,4264,4264,360,1966,2326,10854
8237,159,11,170,2040,2210,561,382,462,1023,4420,4420,359,2040,2399,11239
8238,161,14,175,2089,2264,650,391,473,1123,4528,4528,390,2089,2479,11535
8239,172,8,180,2040,2220,611,402,485,1096,4440,4440,380,2040,2420,11300
8240,162,10,172,2019,2191,567,393,495,1062,4382,4382,369,2019,2388,11152
8241,158,16,174,1958,2132,617,358,441,1058,4264,4264,381,1958,2339,10867
8242,169,5,174,2018,2192,537,415,502,1039,4384,4384,357,2018,2375,11143
8243,157,10,167,2080,2247,555,400,487,1042,4494,4494,351,2080,2431,11419
8244,160,7,167,2044,2211,544,373,448,992,4422,4422,347,2044,2391,11235
8245,134,11,145,2000,2145,500,370,454,954,4290,4290,317,2000,2317,10897
8246,163,16,179,2085,2264,625,392,471,1096,4528,4528,393,2085,2478,11534
8247,157,6,163,2012,2175,519,393,478,997,4350,4350,339,2012,2351,11051
8248,162,16,178,2025,2203,591,379,462,1053,4406,4406,389,2025,2414,11226
8249,142,14,156,2058,2214,576,388,465,1041,4428,4428,344,2058,2402,11258
8250,158,7,165,2024,2189,568,374,456,1024,4378,4378,340,2024,2364,11120
8251,136,7,143,2020,2163,477,383,464,941,4326,4326,298,2020,2318,10970
8252,143,12,155,1965,2120,528,367,442,970,4240,4240,331,1965,2296,10776
8253,153,11,164,2030,2194,560,382,458,1018,4388,4388,354,2030,2384,11160
8254,158,7,165,2093,2258,522,425,511,1033,4516,4516,339,2093,2432,11464
8255,125,6,131,1963,2094,441,372,453,894,4188,4188,270,1963,2233,10609
8256,178,7,185,2034,2219,577,373,464,1041,4438,4438,383,2034,2417,11293
8257,163,12,175,1999,2174,599,343,413,1012,4348,4348,372,1999,2371,11067
8258,147,9,156,2053,2209,542,388,472,1014,4418,4418,334,2053,2387,11223
8259,152,10,162,2054,2216,531,384,468,999,4432,4432,343,2054,2397,11261
8260,168,7,175,2066,2241,588,391,486,1074,4482,4482,366,2066,2432,11396
8261,154,11,165,2080,2245,573,399,475,1048,4490,4490,346,2080,2426,11406
8262,143,10,153,2040,2193,555,338,401,956,4386,4386,324,2040,2364,11136
8263,139,10,149,2042,2191,517,398,489,1006,4382,4382,318,2042,2360,11124
8264,159,10,169,2020,2189,547,391,491,1038,4378,4378,356,2020,2376,11132
8265,165,14,179,2052,2231,613,378,465,1078,4462,4462,382,2052,2434,11358
8266,162,12,174,2028,2202,596,378,461,1057,4404,4404,372,2028,2400,11208
8267,152,13,165,2057,2222,555,383,465,1020,4444,4444,360,2057,2417,11305
8268,159,4,163,2025,2188,564,394,479,1043,4376,4376,336,2025,2361,11113
8269,149,14,163,2045,2208,597,371,443,1040,4416,4416,357,2045,2402,11234
8270,174,10,184,1965,2149,618,376,461,1079,4298,4298,388,1965,2353,10949
8271,167,10,177,2048,2225,612,383,466,1078,4450,4450,373,2048,2421,11321
8272,148,11,159,2021,2180,563,379,453,1016,4360,4360,340,2021,2361,11081
8273,136,11,147,2076,2223,520,393,483,1003,4446,4446,310,2076,2386,11278
8274,176,14,190,2045,2235,644,396,489,1133,4470,4470,410,2045,2455,11395
8275,141,9,150,2126,2276,495,422,514,1009,4552,4552,318,2126,2444,11548
8276,139,6,145,2071,2216,465,377,453,918,4432,4432,297,2071,2368,11232
8277,153,5,158,2068,2226,519,398,485,1004,4452,4452,325,2068,2393,11297
8278,146,12,158,1999,2157,574,384,472,1046,4314,4314,345,1999,2344,10972
8279,161,12,173,2063,2236,629,389,469,1098,4472,4472,369,2063,2432,11376
8280,162,11,173,2083,2256,582,383,469,1051,4512,4512,366,2083,2449,11473
8281,130,10,140,1978,2118,515,361,437,952,4236,4236,300,1978,2278,10750
8282,164,12,176,2022,2198,566,402,494,1060,4396,4396,373,2022,2395,11187
8283,151,12,163,1964,2127,580,389,468,1048,4254,4254,357,1964,2321,10829
8284,157,8,165,1971,2136,575,399,502,1077,4272,4272,344,1971,2315,10859
8285,141,10,151,2041,2192,544,375,464,1008,4384,4384,320,2041,2361,11129
8286,153,6,159,2007,2166,537,380,464,1001,4332,4332,328,2007,2335,10999
8287,134,11,145,1969,2114,498,360,434,932,4228,4228,313,1969,2282,10738
8288,155,11,166,2043,2209,610,408,490,1100,4418,4418,360,2043,2403,11239
8289,149,14,163,2026,2189,551,390,467,1018,4378,4378,353,2026,2379,11135
8290,156,8,164,2092,2256,578,382,455,1033,4512,4512,345,2092,2437,11461
8291,151,7,158,2088,2246,540,390,480,1020,4492,4492,328,2088,2416,11400
8292,135,4,139,1997,2136,445,337,415,860,4272,4272,286,1997,2283,10827
8293,130,11,141,1992,2133,514,352,424,938,4266,4266,302,1992,2294,10826
8294,127,15,142,2054,2196,508,395,484,992,4392,4392,309,2054,2363,11147
8295,155,9,164,2098,2262,548,406,487,1035,4524,4524,343,2098,2441,11489
8296,162,8,170,2019,2189,564,379,447,1011,4378,4378,354,2019,2373,11129
8297,167,11,178,2050,2228,598,394,473,1071,4456,4456,382,2050,2432,11344
8298,142,6,148,2071,2219,449,378,454,903,4438,4438,304,2071,2375,11251
8299,155,10,165,2044,2209,570,392,489,1059,4418,4418,354,2044,2398,11234
8300,155,5,160,1956,2116,541,366,436,977,4232,4232,330,1956,2286,10750
8301,142,9,151,2007,2158,522,408,494,1016,4316,4316,315,2007,2322,10954
8302,140,9,149,1985,2134,557,355,424,981,4268,4268,319,1985,2304,10840
8303,161,10,171,2025,2196,579,376,447,1026,4392,4392,363,2025,2388,11172
8304,172,13,185,2037,2222,621,410,499,1120,4444,4444,393,2037,2430,11318
8305,148,14,162,2127,2289,522,402,484,1006,4578,4578,351,2127,2478,11634
8306,134,7,141,2067,2208,508,399,493,1001,4416,4416,300,2067,2367,11199
8307,160,12,172,2047,2219,574,386,472,1046,4438,4438,366,2047,2413,11289
8308,139,14,153,2011,2164,577,401,493,1070,4328,4328,334,2011,2345,11001
8309,153,13,166,2082,2248,541,379,463,1004,4496,4496,360,2082,2442,11434
8310,148,8,156,2117,2273,519,410,488,1007,4546,4546,323,2117,2440,11532
8311,150,12,162,2051,2213,533,419,506,1039,4426,4426,357,2051,2408,11260
8312,163,11,174,2013,2187,589,362,442,1031,4374,4374,371,2013,2384,11132
8313,149,8,157,1983,2140,511,380,471,982,4280,4280,328,1983,2311,10871
8314,133,7,140,2091,2231,479,380,469,948,4462,4462,290,2091,2381,11305
8315,155,12,167,2089,2256,555,390,466,1021,4512,4512,356,2089,2445,11469
8316,148,5,153,2038,2191,525,372,450,975,4382,4382,315,2038,2353,11117
8317,151,7,158,1997,2155,541,375,460,1001,4310,4310,335,1997,2332,10952
8318,164,3,167,2127,2294,549,364,448,997,4588,4588,340,2127,2467,11643
8319,134,15,149,2064,2213,547,377,467,1014,4426,4426,326,2064,2390,11242
8320,144,7,151,2068,2219,508,385,470,978,4438,4438,316,2068,2384,11260
8321,156,9,165,1943,2108,573,377,465,1038,4216,4216,352,1943,2295,10727
8322,149,11,160,2009,2169,553,377,450,1003,4338,4338,343,2009,2352,11028
8323,150,6,156,2021,2177,519,385,473,992,4354,4354,322,2021,2343,11051
8324,153,13,166,2022,2188,558,374,451,1009,4376,4376,354,2022,2376,11128
8325,168,7,175,1985,2160,600,351,438,1038,4320,4320,363,1985,2348,10988
8326,128,8,136,2057,2193,458,392,471,929,4386,4386,290,2057,2347,11119
8327,149,9,158,2041,2199,551,377,447,998,4398,4398,336,2041,2377,11173
8328,152,14,166,2014,2180,568,390,457,1025,4360,4360,355,2014,2369,11089
8329,160,9,169,2090,2259,587,409,495,1082,4518,4518,355,2090,2445,11481
8330,127,11,138,1975,2113,519,373,460,979,4226,4226,297,1975,2272,10724
8331,149,17,166,1994,2160,581,355,410,991,4320,4320,364,1994,2358,10998
8332,152,12,164,2001,2165,524,358,442,966,4330,4330,352,2001,2353,11013
8333,144,14,158,2009,2167,558,362,436,994,4334,4334,342,2009,2351,11019
8334,152,10,162,2073,2235,587,406,486,1073,4470,4470,345,2073,2418,11358
8335,156,6,162,1981,2143,545,362,442,987,4286,4286,338,1981,2319,10891
8336,159,11,170,2113,2283,561,393,488,1049,4566,4566,366,2113,2479,11611
8337,158,9,167,2117,2284,546,408,501,1047,4568,4568,353,2117,2470,11606
8338,128,11,139,2009,2148,470,384,460,930,4296,4296,303,2009,2312,10904
8339,147,10,157,2064,2221,531,401,497,1028,4442,4442,334,2064,2398,11282
8340,140,12,152,2075,2227,554,415,499,1053,4454,4454,328,2075,2403,11311
8341,146,6,152,2068,2220,493,385,482,975,4440,4440,316,2068,2384,11264
8342,151,8,159,2094,2253,570,372,453,1023,4506,4506,337,2094,2431,11443
8343,158,17,175,1993,2168,564,392,475,1039,4336,4336,387,1993,2380,11052
8344,146,6,152,2071,2223,485,378,470,955,4446,4446,316,2071,2387,11279
8345,162,9,171,2025,2196,566,381,457,1023,4392,4392,356,2025,2381,11165
8346,173,10,183,2081,2264,576,383,472,1048,4528,4528,384,2081,2465,11521
8347,169,6,175,2079,2254,582,373,468,1050,4508,4508,366,2079,2445,11461
8348,162,9,171,1984,2155,559,385,461,1020,4310,4310,358,1984,2342,10962
8349,143,13,156,2041,2197,544,395,500,1044,4394,4394,340,2041,2381,11169
8350,158,11,169,2113,2282,574,394,485,1059,4564,4564,365,2113,2478,11606
8351,141,16,157,2068,2225,557,397,483,1040,4450,4450,343,2068,2411,11311
8352,154,11,165,2053,2218,569,429,517,1086,4436,4436,357,2053,2410,11282
8353,175,11,186,2031,2217,626,386,490,1116,4434,4434,396,2031,2427,11295
8354,141,13,154,2017,2171,529,405,495,1024,4342,4342,339,2017,2356,11040
8355,144,5,149,2012,2161,456,375,449,905,4322,4322,303,2012,2315,10959
8356,167,17,184,2016,2200,639,359,432,1071,4400,4400,403,2016,2419,11219
8357,159,7,166,1997,2163,557,364,436,993,4326,4326,347,1997,2344,10996
8358,134,6,140,2001,2141,448,415,510,958,4282,4282,294,2001,2295,10859
8359,166,11,177,2037,2214,556,371,438,994,4428,4428,374,2037,2411,11267
8360,168,8,176,2051,2227,590,440,556,1146,4454,4454,368,2051,2419,11327
8361,162,6,168,1979,2147,559,352,420,979,4294,4294,354,1979,2333,10921
8362,163,13,176,1997,2173,587,397,481,1068,4346,4346,372,1997,2369,11061
8363,166,9,175,2035,2210,614,391,486,1100,4420,4420,367,2035,2402,11242
8364,157,7,164,2094,2258,551,387,479,1030,4516,4516,346,2094,2440,11472
8365,153,12,165,2022,2187,524,394,475,999,4374,4374,353,2022,2375,11123
8366,149,19,168,2026,2194,612,388,464,1076,4388,4388,371,2026,2397,11173
8367,159,6,165,2063,2228,554,397,479,1033,4456,4456,345,2063,2408,11320
8368,158,5,163,2041,2204,514,376,464,978,4408,4408,336,2041,2377,11193
8369,159,10,169,2099,2268,581,417,517,1098,4536,4536,356,2099,2455,11527
8370,175,11,186,2053,2239,602,391,477,1079,4478,4478,390,2053,2443,11399
8371,184,11,195,2071,2266,616,374,452,1068,4532,4532,419,2071,2490,11554
8372,166,5,171,2068,2239,543,403,486,1029,4478,4478,356,2068,2424,11380
8373,176,11,187,2066,2253,603,388,477,1080,4506,4506,400,2066,2466,11478
8374,173,11,184,1990,2174,638,394,479,1117,4348,4348,393,1990,2383,11079
8375,153,9,162,1951,2113,519,356,429,948,4226,4226,344,1951,2295,10747
8376,124,8,132,2028,2160,432,380,463,895,4320,4320,280,2028,2308,10948
8377,144,12,156,2108,2264,542,422,529,1071,4528,4528,335,2108,2443,11499
8378,164,12,176,2006,2182,584,374,456,1040,4364,4364,373,2006,2379,11107
8379,152,10,162,2003,2165,538,374,465,1003,4330,4330,340,2003,2343,11003
8380,146,9,155,2054,2209,535,431,550,1085,4418,4418,330,2054,2384,11220
8381,152,10,162,2005,2167,529,381,463,992,4334,4334,340,2005,2345,11013
8382,150,6,156,2028,2184,484,388,476,960,4368,4368,326,2028,2354,11090
8383,135,13,148,1965,2113,490,366,440,930,4226,4226,323,1965,2288,10740
8384,150,11,161,2033,2194,527,380,462,989,4388,4388,343,2033,2376,11152
8385,152,7,159,1998,2157,507,387,481,988,4314,4314,332,1998,2330,10958
8386,159,9,168,2050,2218,582,359,425,1007,4436,4436,355,2050,2405,11277
8387,139,5,144,2029,2173,498,395,494,992,4346,4346,299,2029,2328,11020
8388,124,13,137,2092,2229,521,398,479,1000,4458,4458,302,2092,2394,11310
8389,154,10,164,2024,2188,602,391,477,1079,4376,4376,357,2024,2381,11133
8390,156,10,166,2026,2192,549,411,504,1053,4384,4384,351,2026,2377,11145
8391,144,11,155,1942,2097,549,376,459,1008,4194,4194,333,1942,2275,10663
8392,167,9,176,2088,2264,561,368,442,1003,4528,4528,372,2088,2460,11516
8393,148,7,155,2105,2260,530,389,459,989,4520,4520,325,2105,2430,11470
8394,148,12,160,2006,2166,564,399,467,1031,4332,4332,343,2006,2349,11013
8395,161,13,174,2004,2178,589,367,452,1041,4356,4356,378,2004,2382,11094
8396,151,9,160,2006,2166,556,398,484,1040,4332,4332,339,2006,2345,11009
8397,144,10,154,2130,2284,528,409,506,1034,4568,4568,324,2130,2454,11590
8398,162,6,168,2074,2242,573,414,492,1065,4484,4484,345,2074,2419,11387
8399,133,8,141,2039,2180,446,360,439,885,4360,4360,298,2039,2337,11057
8400,152,11,163,2081,2244,554,386,482,1036,4488,4488,346,2081,2427,11403
8401,172,16,188,2034,2222,611,355,436,1047,4444,4444,404,2034,2438,11326
8402,152,15,167,2049,2216,556,396,481,1037,4432,4432,358,2049,2407,11271
8403,170,5,175,1981,2156,548,349,423,971,4312,4312,359,1981,2340,10964
8404,155,7,162,1999,2161,551,352,435,986,4322,4322,337,1999,2336,10980
8405,160,8,168,2015,2183,564,358,451,1015,4366,4366,354,2015,2369,11101
8406,169,13,182,2017,2199,637,400,493,1130,4398,4398,392,2017,2409,11205
8407,160,12,172,2005,2177,583,370,454,1037,4354,4354,370,2005,2375,11083
8408,130,10,140,2107,2247,447,421,524,971,4494,4494,299,2107,2406,11394
8409,162,12,174,2002,2176,566,376,465,1031,4352,4352,370,2002,2372,11076
8410,141,13,154,2087,2241,554,414,494,1048,4482,4482,332,2087,2419,11383
8411,168,13,181,1968,2149,630,371,441,1071,4298,4298,388,1968,2356,10952
8412,149,18,167,2080,2247,604,378,479,1083,4494,4494,368,2080,2448,11436
8413,181,6,187,1953,2140,615,369,456,1071,4280,4280,388,1953,2341,10901
8414,143,11,154,2012,2166,514,358,436,950,4332,4332,329,2012,2341,11005
8415,162,6,168,2063,2231,533,403,503,1036,4462,4462,345,2063,2408,11332
8416,141,10,151,2021,2172,530,388,481,1011,4344,4344,325,2021,2346,11034
8417,157,12,169,2009,2178,539,378,449,988,4356,4356,358,2009,2367,11079
8418,162,14,176,2085,2261,634,409,508,1142,4522,4522,379,2085,2464,11508
8419,151,5,156,2010,2166,528,378,462,990,4332,4332,324,2010,2334,10998
8420,144,3,147,2117,2264,503,393,484,987,4528,4528,302,2117,2419,11475
8421,148,8,156,1980,2136,507,378,467,974,4272,4272,328,1980,2308,10852
8422,136,13,149,2075,2224,494,425,518,1012,4448,4448,325,2075,2400,11296
8423,142,6,148,1942,2090,482,357,434,916,4180,4180,304,1942,2246,10606
8424,165,10,175,2026,2201,572,391,486,1058,4402,4402,368,2026,2394,11198
8425,164,17,181,2019,2200,619,380,476,1095,4400,4400,389,2019,2408,11208
8426,147,8,155,2085,2240,524,379,477,1001,4480,4480,324,2085,2409,11369
8427,147,6,153,2085,2238,446,393,483,929,4476,4476,315,2085,2400,11352
8428,162,12,174,1967,2141,609,378,448,1057,4282,4282,379,1967,2346,10910
8429,144,11,155,1979,2134,519,360,437,956,4268,4268,332,1979,2311,10847
8430,160,11,171,1995,2166,612,376,459,1071,4332,4332,367,1995,2362,11026
8431,166,10,176,1979,2155,573,392,468,1041,4310,4310,368,1979,2347,10967
8432,169,13,182,2065,2247,606,398,477,1083,4494,4494,390,2065,2455,11443
8433,159,15,174,2075,2249,624,397,498,1122,4498,4498,381,2075,2456,11452
8434,157,8,165,2020,2185,538,357,435,973,4370,4370,344,2020,2364,11104
8435,170,9,179,2095,2274,587,403,480,1067,4548,4548,377,2095,2472,11568
8436,165,7,172,2040,2212,569,407,504,1073,4424,4424,358,2040,2398,11246
8437,159,7,166,2022,2188,541,395,483,1024,4376,4376,345,2022,2367,11119
8438,161,6,167,2027,2194,563,399,484,1047,4388,4388,349,2027,2376,11152
8439,161,13,174,2021,2195,599,390,486,1085,4390,4390,378,2021,2399,11179
8440,154,13,167,2107,2274,575,400,503,1078,4548,4548,358,2107,2465,11561
8441,142,16,158,2075,2233,527,389,485,1012,4466,4466,346,2075,2421,11353
8442,153,12,165,2040,2205,587,393,491,1078,4410,4410,353,2040,2393,11213
8443,132,10,142,2025,2167,503,387,467,970,4334,4334,302,2025,2327,10995
8444,133,15,148,2026,2174,518,376,465,983,4348,4348,334,2026,2360,11056
8445,147,14,161,2011,2172,543,400,495,1038,4344,4344,344,2011,2355,11043
8446,157,9,166,2138,2304,591,386,472,1063,4608,4608,351,2138,2489,11705
8447,171,5,176,2115,2291,587,382,465,1052,4582,4582,365,2115,2480,11644
8448,145,17,162,2024,2186,569,376,464,1033,4372,4372,363,2024,2387,11131
8449,134,9,143,2147,2290,510,385,483,993,4580,4580,300,2147,2447,11607
8450,157,5,162,1978,2140,530,382,468,998,4280,4280,334,1978,2312,10872
8451,157,12,169,2123,2292,548,427,511,1059,4584,4584,362,2123,2485,11653
8452,172,9,181,2109,2290,609,396,498,1107,4580,4580,375,2109,2484,11644
8453,152,7,159,2069,2228,520,412,494,1014,4456,4456,332,2069,2401,11313
8454,156,6,162,2011,2173,516,350,416,932,4346,4346,330,2011,2341,11033
8455,149,16,165,2012,2177,608,412,493,1101,4354,4354,363,2012,2375,11083
8456,152,10,162,2075,2237,537,401,497,1034,4474,4474,343,2075,2418,11366
8457,142,16,158,2043,2201,550,375,464,1014,4402,4402,351,2043,2394,11198
8458,160,10,170,2011,2181,551,381,465,1016,4362,4362,357,2011,2368,11092
8459,168,12,180,2071,2251,636,390,470,1106,4502,4502,383,2071,2454,11458
8460,140,5,145,2076,2221,498,362,450,948,4442,4442,300,2076,2376,11260
8461,169,10,179,2009,2188,594,361,439,1033,4376,4376,373,2009,2382,11134
8462,152,11,163,2048,2211,549,397,504,1053,4422,4422,346,2048,2394,11238
8463,166,5,171,1921,2092,584,364,466,1050,4184,4184,351,1921,2272,10640
8464,155,14,169,1972,2141,596,351,436,1032,4282,4282,364,1972,2336,10900
8465,134,8,142,2027,2169,508,397,494,1002,4338,4338,304,2027,2331,11007
8466,155,10,165,2014,2179,584,377,453,1037,4358,4358,359,2014,2373,11089
8467,158,11,169,2029,2198,596,400,506,1102,4396,4396,360,2029,2389,11181
8468,159,7,166,2078,2244,571,363,430,1001,4488,4488,351,2078,2429,11405
8469,160,11,171,2042,2213,596,403,484,1080,4426,4426,365,2042,2407,11259
8470,158,7,165,2037,2202,527,386,479,1006,4404,4404,342,2037,2379,11187
8471,153,12,165,2034,2199,554,362,436,990,4398,4398,355,2034,2389,11185
8472,159,8,167,2042,2209,548,416,510,1058,4418,4418,354,2042,2396,11232
8473,170,13,183,2018,2201,633,380,470,1103,4402,4402,395,2018,2413,11217
8474,149,10,159,2047,2206,571,405,492,1063,4412,4412,341,2047,2388,11212
8475,144,10,154,2072,2226,514,406,508,1022,4452,4452,326,2072,2398,11302
8476,155,8,163,2044,2207,548,371,458,1006,4414,4414,341,2044,2385,11213
8477,143,13,156,2004,2160,512,408,516,1028,4320,4320,339,2004,2343,10983
8478,159,8,167,2044,2211,603,425,515,1118,4422,4422,353,2044,2397,11241
8479,151,10,161,2063,2224,538,394,471,1009,4448,4448,344,2063,2407,11303
8480,177,12,189,2011,2200,623,390,475,1098,4400,4400,398,2011,2409,11209
8481,164,12,176,2031,2207,569,373,452,1021,4414,4414,379,2031,2410,11238
8482,135,11,146,1990,2136,478,381,474,952,4272,4272,318,1990,2308,10852
8483,170,10,180,2025,2205,624,338,411,1035,4410,4410,373,2025,2398,11218
8484,146,8,154,2064,2218,507,425,528,1035,4436,4436,321,2064,2385,11257
8485,156,6,162,1994,2156,554,393,477,1031,4312,4312,339,1994,2333,10957
8486,144,10,154,2024,2178,546,395,476,1022,4356,4356,332,2024,2356,11068
8487,154,9,163,2060,2223,569,402,485,1054,4446,4446,348,2060,2408,11300
8488,148,8,156,2123,2279,523,407,511,1034,4558,4558,332,2123,2455,11571
8489,192,12,204,1983,2187,682,347,439,1121,4374,4374,434,1983,2417,11165
8490,133,8,141,2034,2175,492,390,476,968,4350,4350,301,2034,2335,11035
8491,162,11,173,2035,2208,552,392,468,1020,4416,4416,365,2035,2400,11232
8492,157,11,168,2010,2178,558,378,462,1020,4356,4356,353,2010,2363,11075
8493,139,9,148,2034,2182,534,402,496,1030,4364,4364,319,2034,2353,11081
8494,133,8,141,2029,2170,507,383,461,968,4340,4340,303,2029,2332,11012
8495,170,7,177,2102,2279,580,412,502,1082,4558,4558,369,2102,2471,11587
8496,161,7,168,2054,2222,552,387,482,1034,4444,4444,347,2054,2401,11289
8497,139,10,149,2020,2169,490,368,456,946,4338,4338,320,2020,2340,11016
8498,152,8,160,2115,2275,535,393,468,1003,4550,4550,340,2115,2455,11555
8499,155,13,168,2025,2193,584,396,490,1074,4386,4386,359,2025,2384,11156
8500,132,5,137,1995,2132,462,394,491,953,4264,4264,281,1995,2276,10804
8501,176,12,188,2050,2238,648,411,517,1165,4476,4476,393,2050,2443,11395
8502,149,8,157,2037,2194,527,368,436,963,4388,4388,326,2037,2363,11139
8503,158,10,168,2078,2246,578,371,454,1032,4492,4492,362,2078,2440,11424
8504,141,5,146,2077,2223,477,357,428,905,4446,4446,307,2077,2384,11276
8505,155,8,163,2009,2172,541,350,422,963,4344,4344,338,2009,2347,11035
8506,169,10,179,2071,2250,588,395,486,1074,4500,4500,377,2071,2448,11448
8507,161,8,169,2032,2201,546,394,486,1032,4402,4402,359,2032,2391,11195
8508,175,10,185,1967,2152,606,365,455,1061,4304,4304,391,1967,2358,10966
8509,153,9,162,2022,2184,551,390,476,1027,4368,4368,347,2022,2369,11105
8510,144,9,153,2018,2171,538,367,448,986,4342,4342,322,2018,2340,11024
8511,162,7,169,1987,2156,544,355,440,984,4312,4312,354,1987,2341,10965
8512,160,13,173,2055,2228,553,389,483,1036,4456,4456,367,2055,2422,11334
8513,152,16,168,2077,2245,589,408,494,1083,4490,4490,367,2077,2444,11424
8514,162,13,175,2070,2245,584,409,492,1076,4490,4490,374,2070,2444,11424
8515,149,8,157,2007,2164,557,355,447,1004,4328,4328,333,2007,2340,10996
8516,145,5,150,1956,2106,478,341,429,907,4212,4212,309,1956,2265,10689
8517,159,12,171,2008,2179,595,346,412,1007,4358,4358,364,2008,2372,11088
8518,133,8,141,2035,2176,472,425,520,992,4352,4352,299,2035,2334,11038
8519,171,16,187,2077,2264,653,399,489,1142,4528,4528,402,2077,2479,11535
8520,161,16,177,1950,2127,576,394,486,1062,4254,4254,385,1950,2335,10843
8521,165,10,175,2035,2210,562,401,483,1045,4420,4420,371,2035,2406,11246
8522,179,12,191,2049,2240,618,390,466,1084,4480,4480,400,2049,2449,11409
8523,156,7,163,1995,2158,516,358,442,958,4316,4316,341,1995,2336,10968
8524,177,6,183,2050,2233,623,388,475,1098,4466,4466,378,2050,2428,11360
8525,157,13,170,2064,2234,590,398,486,1076,4468,4468,365,2064,2429,11365
8526,143,9,152,2019,2171,499,353,432,931,4342,4342,320,2019,2339,11023
8527,146,9,155,2055,2210,501,357,440,941,4420,4420,326,2055,2381,11221
8528,152,13,165,2104,2269,586,397,493,1079,4538,4538,354,2104,2458,11534
8529,157,12,169,2070,2239,588,396,492,1080,4478,4478,358,2070,2428,11384
8530,151,11,162,2088,2250,522,398,500,1022,4500,4500,344,2088,2432,11432
8531,176,8,184,1998,2182,605,379,482,1087,4364,4364,385,1998,2383,11111
8532,146,10,156,2048,2204,520,416,510,1030,4408,4408,333,2048,2381,11197
8533,151,7,158,2087,2245,533,404,492,1025,4490,4490,327,2087,2414,11394
8534,164,9,173,2016,2189,589,404,494,1083,4378,4378,360,2016,2376,11132
8535,160,13,173,2052,2225,607,389,483,1090,4450,4450,371,2052,2423,11323
8536,161,1,162,2035,2197,514,375,451,965,4394,4394,326,2035,2361,11149
8537,138,11,149,2013,2162,563,385,455,1018,4324,4324,320,2013,2333,10981
8538,143,7,150,2089,2239,505,408,503,1008,4478,4478,313,2089,2402,11358
8539,179,15,194,2047,2241,678,390,476,1154,4482,4482,420,2047,2467,11431
8540,151,10,161,2027,2188,565,407,494,1059,4376,4376,346,2027,2373,11125
8541,141,15,156,2046,2202,577,409,498,1075,4404,4404,341,2046,2387,11195
8542,146,11,157,2012,2169,552,392,471,1023,4338,4338,334,2012,2346,11022
8543,153,6,159,1958,2117,501,387,474,975,4234,4234,328,1958,2286,10754
8544,156,9,165,2028,2193,571,400,490,1061,4386,4386,344,2028,2372,11144
8545,147,14,161,2059,2220,574,400,492,1066,4440,4440,357,2059,2416,11296
8546,174,13,187,1989,2176,628,393,470,1098,4352,4352,402,1989,2391,11095
8547,163,12,175,2073,2248,577,393,490,1067,4496,4496,370,2073,2443,11435
8548,143,15,158,2076,2234,526,393,480,1006,4468,4468,342,2076,2418,11354
8549,165,14,179,2124,2303,616,410,514,1130,4606,4606,388,2124,2512,11724
8550,152,10,162,2111,2273,522,420,515,1037,4546,4546,341,2111,2452,11544
8551,154,9,163,1947,2110,516,339,414,930,4220,4220,342,1947,2289,10729
8552,151,8,159,2029,2188,539,370,453,992,4376,4376,332,2029,2361,11113
8553,154,15,169,1936,2105,639,376,454,1093,4210,4210,377,1936,2313,10733
8554,150,13,163,2043,2206,552,419,513,1065,4412,4412,351,2043,2394,11218
8555,152,6,158,2008,2166,511,362,431,942,4332,4332,328,2008,2336,11000
8556,156,6,162,1996,2158,515,357,421,936,4316,4316,334,1996,2330,10962
8557,157,7,164,1985,2149,521,376,456,977,4298,4298,341,1985,2326,10922
8558,163,9,172,2072,2244,553,379,455,1008,4488,4488,363,2072,2435,11411
8559,153,12,165,1959,2124,552,392,477,1029,4248,4248,350,1959,2309,10805
8560,132,7,139,2106,2245,453,399,488,941,4490,4490,291,2106,2397,11377
8561,131,11,142,2012,2154,466,384,470,936,4308,4308,302,2012,2314,10930
8562,131,9,140,2087,2227,493,432,525,1018,4454,4454,297,2087,2384,11292
8563,166,5,171,2082,2253,567,396,484,1051,4506,4506,350,2082,2432,11444
8564,129,11,140,2071,2211,478,406,492,970,4422,4422,309,2071,2380,11224
8565,147,13,160,2055,2215,572,375,452,1024,4430,4430,350,2055,2405,11265
8566,155,13,168,1965,2133,614,368,457,1071,4266,4266,360,1965,2325,10857
8567,161,8,169,2120,2289,572,408,502,1074,4578,4578,353,2120,2473,11629
8568,160,8,168,1932,2100,577,355,450,1027,4200,4200,350,1932,2282,10682
8569,155,6,161,2008,2169,538,388,472,1010,4338,4338,331,2008,2339,11015
8570,178,15,193,2044,2237,654,388,471,1125,4474,4474,413,2044,2457,11405
8571,157,14,171,2019,2190,625,369,454,1079,4380,4380,373,2019,2392,11152
8572,145,8,153,2034,2187,525,369,458,983,4374,4374,324,2034,2358,11106
8573,155,9,164,2092,2256,528,424,512,1040,4512,4512,341,2092,2433,11457
8574,175,8,183,2011,2194,599,373,464,1063,4388,4388,384,2011,2395,11171
8575,160,13,173,1989,2162,585,380,444,1029,4324,4324,381,1989,2370,11018
8576,164,12,176,2033,2209,600,386,458,1058,4418,4418,373,2033,2406,11242
8577,153,23,176,2063,2239,661,413,498,1159,4478,4478,396,2063,2459,11415
8578,157,11,168,2027,2195,589,406,492,1081,4390,4390,353,2027,2380,11160
8579,165,13,178,2079,2257,630,413,508,1138,4514,4514,383,2079,2462,11490
8580,150,9,159,1983,2142,515,405,489,1004,4284,4284,337,1983,2320,10888
8581,150,13,163,2015,2178,594,369,465,1059,4356,4356,355,2015,2370,11082
8582,156,8,164,1974,2138,583,373,466,1049,4276,4276,340,1974,2314,10866
8583,161,3,164,2094,2258,545,399,480,1025,4516,4516,334,2094,2428,11460
8584,152,6,158,2086,2244,510,375,468,978,4488,4488,335,2086,2421,11397
8585,150,6,156,2038,2194,534,375,457,991,4388,4388,324,2038,2362,11138
8586,137,13,150,2016,2166,530,367,436,966,4332,4332,324,2016,2340,11004
8587,173,15,188,2049,2237,644,389,477,1121,4474,4474,411,2049,2460,11408
8588,140,12,152,2055,2207,520,390,484,1004,4414,4414,330,2055,2385,11213
8589,143,13,156,2050,2206,514,403,479,993,4412,4412,338,2050,2388,11212
8590,142,10,152,1969,2121,499,351,429,928,4242,4242,322,1969,2291,10775
8591,142,5,147,2011,2158,451,408,507,958,4316,4316,304,2011,2315,10947
8592,166,7,173,2078,2251,566,426,531,1097,4502,4502,359,2078,2437,11441
8593,150,11,161,2022,2183,518,401,489,1007,4366,4366,341,2022,2363,11095
8594,154,13,167,1993,2160,513,354,433,946,4320,4320,358,1993,2351,10991
8595,155,11,166,2009,2175,575,358,453,1028,4350,4350,357,2009,2366,11066
8596,155,10,165,2014,2179,568,388,481,1049,4358,4358,348,2014,2362,11078
8597,159,10,169,2023,2192,557,425,536,1093,4384,4384,357,2023,2380,11148
8598,148,9,157,2046,2203,511,388,470,981,4406,4406,328,2046,2374,11186
8599,142,9,151,2019,2170,493,403,488,981,4340,4340,313,2019,2332,11012
8600,157,7,164,2086,2250,514,370,451,965,4500,4500,346,2086,2432,11432
8601,135,10,145,2144,2289,542,382,468,1010,4578,4578,311,2144,2455,11611
8602,143,14,157,1979,2136,559,366,453,1012,4272,4272,339,1979,2318,10862
8603,153,6,159,2077,2236,503,421,516,1019,4472,4472,331,2077,2408,11352
8604,155,10,165,2051,2216,598,414,512,1110,4432,4432,350,2051,2401,11265
8605,164,7,171,2013,2184,565,408,511,1076,4368,4368,357,2013,2370,11106
8606,148,10,158,2070,2228,535,414,493,1028,4456,4456,339,2070,2409,11321
8607,141,7,148,2022,2170,505,403,496,1001,4340,4340,307,2022,2329,11009
8608,149,7,156,2031,2187,517,383,470,987,4374,4374,329,2031,2360,11108
8609,144,10,154,2008,2162,489,396,492,981,4324,4324,322,2008,2330,10978
8610,158,13,171,2040,2211,568,388,466,1034,4422,4422,369,2040,2409,11253
8611,130,14,144,2003,2147,485,351,422,907,4294,4294,314,2003,2317,10905
8612,149,10,159,2028,2187,562,390,470,1032,4374,4374,345,2028,2373,11121
8613,151,8,159,1977,2136,531,368,461,992,4272,4272,331,1977,2308,10852
8614,161,13,174,2047,2221,566,413,500,1066,4442,4442,374,2047,2421,11305
8615,156,10,166,2010,2176,568,428,513,1081,4352,4352,352,2010,2362,11066
8616,161,11,172,1936,2108,571,384,471,1042,4216,4216,363,1936,2299,10731
8617,143,10,153,2100,2253,519,409,494,1013,4506,4506,325,2100,2425,11437
8618,150,12,162,2101,2263,586,407,496,1082,4526,4526,348,2101,2449,11501
8619,151,7,158,1984,2142,524,358,434,958,4284,4284,334,1984,2318,10886
8620,146,9,155,2095,2250,501,383,454,955,4500,4500,323,2095,2418,11418
8621,147,18,165,2064,2229,601,414,520,1121,4458,4458,361,2064,2425,11341
8622,148,11,159,2114,2273,559,417,511,1070,4546,4546,342,2114,2456,11548
8623,163,10,173,2058,2231,604,415,518,1122,4462,4462,367,2058,2425,11349
8624,137,6,143,2006,2149,486,370,444,930,4298,4298,297,2006,2303,10899
8625,166,12,178,2023,2201,638,408,500,1138,4402,4402,381,2023,2404,11208
8626,143,5,148,2005,2153,477,369,447,924,4306,4306,309,2005,2314,10926
8627,178,10,188,2015,2203,617,395,477,1094,4406,4406,397,2015,2412,11224
8628,146,4,150,1977,2127,491,371,468,959,4254,4254,307,1977,2284,10792
8629,157,13,170,2046,2216,599,375,466,1065,4432,4432,363,2046,2409,11273
8630,136,13,149,2058,2207,501,369,456,957,4414,4414,322,2058,2380,11208
8631,153,11,164,2102,2266,542,392,470,1012,4532,4532,351,2102,2453,11517
8632,153,9,162,2005,2167,568,363,439,1007,4334,4334,341,2005,2346,11014
8633,148,8,156,2019,2175,543,409,491,1034,4350,4350,324,2019,2343,11043
8634,170,7,177,2012,2189,568,382,470,1038,4378,4378,373,2012,2385,11141
8635,140,10,150,2016,2166,527,384,461,988,4332,4332,322,2016,2338,11002
8636,141,17,158,2000,2158,535,388,469,1004,4316,4316,351,2000,2351,10983
8637,146,16,162,2018,2180,560,378,478,1038,4360,4360,354,2018,2372,11092
8638,157,6,163,2086,2249,532,391,480,1012,4498,4498,341,2086,2427,11423
8639,142,10,152,1966,2118,508,352,439,947,4236,4236,321,1966,2287,10759
8640,143,5,148,2049,2197,480,388,462,942,4394,4394,304,2049,2353,11141
8641,120,13,133,2022,2155,475,382,461,936,4310,4310,290,2022,2312,10932
8642,150,10,160,2113,2273,568,397,495,1063,4546,4546,341,2113,2454,11546
8643,150,12,162,2035,2197,551,385,469,1020,4394,4394,348,2035,2383,11171
8644,123,12,135,2077,2212,451,414,504,955,4424,4424,296,2077,2373,11221
8645,155,15,170,2064,2234,609,404,494,1103,4468,4468,369,2064,2433,11369
8646,156,17,173,2126,2299,626,424,511,1137,4598,4598,377,2126,2503,11699
8647,139,6,145,2102,2247,508,385,484,992,4494,4494,302,2102,2404,11392
8648,146,10,156,2032,2188,546,380,468,1014,4376,4376,330,2032,2362,11114
8649,172,7,179,2020,2199,608,394,466,1074,4398,4398,373,2020,2393,11189
8650,156,4,160,2047,2207,516,393,484,1000,4414,4414,329,2047,2376,11204
8651,146,9,155,2072,2227,552,394,484,1036,4454,4454,329,2072,2401,11309
8652,150,6,156,2144,2300,483,440,537,1020,4600,4600,321,2144,2465,11665
8653,152,9,161,2056,2217,521,388,489,1010,4434,4434,341,2056,2397,11265
8654,146,5,151,2034,2185,469,394,486,955,4370,4370,308,2034,2342,11082
8655,142,17,159,2013,2172,535,381,470,1005,4344,4344,345,2013,2358,11046
8656,154,8,162,1972,2134,554,381,455,1009,4268,4268,344,1972,2316,10852
8657,150,15,165,2013,2178,592,368,456,1048,4356,4356,352,2013,2365,11077
8658,124,7,131,2040,2171,417,402,502,919,4342,4342,275,2040,2315,10999
8659,172,11,183,2053,2236,638,409,485,1123,4472,4472,390,2053,2443,11387
8660,165,11,176,1965,2141,587,343,416,1003,4282,4282,372,1965,2337,10901
8661,142,12,154,2029,2183,548,391,471,1019,4366,4366,330,2029,2359,11091
8662,144,11,155,2045,2200,558,401,480,1038,4400,4400,334,2045,2379,11179
8663,182,4,186,2037,2223,615,393,491,1106,4446,4446,379,2037,2416,11308
8664,145,16,161,1976,2137,553,381,469,1022,4274,4274,353,1976,2329,10877
8665,149,11,160,1995,2155,553,340,422,975,4310,4310,343,1995,2338,10958
8666,153,5,158,2053,2211,524,383,468,992,4422,4422,324,2053,2377,11221
8667,144,12,156,2049,2205,510,379,458,968,4410,4410,339,2049,2388,11208
8668,156,13,169,2055,2224,576,403,479,1055,4448,4448,359,2055,2414,11310
8669,163,6,169,2014,2183,534,376,457,991,4366,4366,349,2014,2363,11095
8670,160,8,168,2080,2248,550,399,488,1038,4496,4496,353,2080,2433,11425
8671,180,16,196,1989,2185,666,371,452,1118,4370,4370,425,1989,2414,11154
8672,142,10,152,2007,2159,537,401,492,1029,4318,4318,322,2007,2329,10965
8673,174,18,192,1969,2161,622,347,424,1046,4322,4322,420,1969,2389,11033
8674,167,9,176,1970,2146,623,356,452,1075,4292,4292,366,1970,2336,10920
8675,146,9,155,2104,2259,518,391,469,987,4518,4518,329,2104,2433,11469
8676,159,11,170,2036,2206,581,404,491,1072,4412,4412,361,2036,2397,11221
8677,130,5,135,2069,2204,439,427,503,942,4408,4408,281,2069,2350,11166
8678,149,6,155,2096,2251,505,379,484,989,4502,4502,325,2096,2421,11425
8679,143,10,153,2073,2226,509,354,445,954,4452,4452,325,2073,2398,11302
8680,167,7,174,2014,2188,577,386,465,1042,4376,4376,361,2014,2375,11127
8681,154,7,161,2093,2254,563,389,466,1029,4508,4508,337,2093,2430,11446
8682,138,8,146,2013,2159,485,379,454,939,4318,4318,304,2013,2317,10953
8683,162,15,177,2025,2202,606,363,433,1039,4404,4404,385,2025,2410,11218
8684,154,7,161,1963,2124,543,403,495,1038,4248,4248,338,1963,2301,10797
8685,160,9,169,2015,2184,579,391,473,1052,4368,4368,356,2015,2371,11107
8686,148,6,154,2041,2195,533,416,509,1042,4390,4390,320,2041,2361,11141
8687,158,12,170,2039,2209,562,384,480,1042,4418,4418,364,2039,2403,11239
8688,153,10,163,2049,2212,537,393,489,1026,4424,4424,348,2049,2397,11245
8689,159,11,170,2025,2195,584,407,518,1102,4390,4390,362,2025,2387,11167
8690,155,13,168,2018,2186,586,377,454,1040,4372,4372,356,2018,2374,11118
8691,174,7,181,1948,2129,592,376,456,1048,4258,4258,381,1948,2329,10845
8692,134,8,142,1960,2102,480,366,434,914,4204,4204,302,1960,2262,10670
8693,145,15,160,2056,2216,569,399,487,1056,4432,4432,352,2056,2408,11272
8694,155,13,168,1969,2137,595,389,475,1070,4274,4274,366,1969,2335,10883
8695,160,10,170,1962,2132,561,367,456,1017,4264,4264,362,1962,2324,10852
8696,135,10,145,1952,2097,517,373,454,971,4194,4194,309,1952,2261,10649
8697,144,5,149,2013,2162,493,372,472,965,4324,4324,306,2013,2319,10967
8698,168,13,181,2040,2221,646,377,460,1106,4442,4442,398,2040,2438,11322
8699,163,16,179,2082,2261,587,397,477,1064,4522,4522,392,2082,2474,11518
8700,140,12,152,2049,2201,541,393,460,1001,4402,4402,330,2049,2379,11183
8701,171,9,180,2036,2216,574,372,454,1028,4432,4432,374,2036,2410,11274
8702,160,14,174,2025,2199,648,372,447,1095,4398,4398,384,2025,2409,11205
8703,159,12,171,1982,2153,595,370,459,1054,4306,4306,361,1982,2343,10955
8704,144,13,157,2081,2238,543,389,474,1017,4476,4476,340,2081,2421,11373
8705,156,8,164,2034,2198,534,399,478,1012,4396,4396,340,2034,2374,11166
8706,169,11,180,2034,2214,599,388,462,1061,4428,4428,383,2034,2417,11273
8707,152,14,166,2017,2183,575,371,453,1028,4366,4366,359,2017,2376,11108
8708,162,11,173,2004,2177,593,370,448,1041,4354,4354,365,2004,2369,11077
8709,156,16,172,1971,2143,564,362,436,1000,4286,4286,378,1971,2349,10921
8710,150,11,161,1996,2157,526,389,478,1004,4314,4314,340,1996,2336,10964
8711,144,16,160,2016,2176,534,363,454,988,4352,4352,345,2016,2361,11065
8712,147,7,154,1985,2139,499,399,496,995,4278,4278,322,1985,2307,10863
8713,143,10,153,2040,2193,518,390,473,991,4386,4386,332,2040,2372,11144
8714,134,3,137,2067,2204,435,365,451,886,4408,4408,278,2067,2345,11161
8715,147,8,155,2071,2226,512,396,489,1001,4452,4452,329,2071,2400,11304
8716,164,12,176,2101,2277,568,392,470,1038,4554,4554,377,2101,2478,11586
8717,150,15,165,2018,2183,567,375,463,1030,4366,4366,370,2018,2388,11120
8718,137,17,154,2050,2204,552,366,441,993,4408,4408,343,2050,2393,11209
8719,147,9,156,2059,2215,546,416,528,1074,4430,4430,338,2059,2397,11257
8720,144,9,153,2009,2162,536,394,480,1016,4324,4324,318,2009,2327,10975
8721,145,7,152,2026,2178,483,386,475,958,4356,4356,315,2026,2341,11053
8722,168,8,176,2060,2236,573,394,471,1044,4472,4472,369,2060,2429,11373
8723,150,9,159,2053,2212,535,407,484,1019,4424,4424,337,2053,2390,11238
8724,173,14,187,2052,2239,624,382,458,1082,4478,4478,403,2052,2455,11411
8725,146,9,155,2022,2177,505,384,483,988,4354,4354,325,2022,2347,11055
8726,166,10,176,2046,2222,593,403,492,1085,4444,4444,367,2046,2413,11301
8727,148,8,156,2027,2183,511,383,462,973,4366,4366,332,2027,2359,11091
8728,153,7,160,2070,2230,538,391,474,1012,4460,4460,335,2070,2405,11325
8729,150,18,168,2032,2200,583,381,468,1051,4400,4400,371,2032,2403,11203
8730,155,11,166,1981,2147,578,372,451,1029,4294,4294,360,1981,2341,10929
8731,151,8,159,2051,2210,548,388,468,1016,4420,4420,336,2051,2387,11227
8732,130,14,144,2060,2204,525,396,480,1005,4408,4408,322,2060,2382,11198
8733,148,10,158,2055,2213,533,415,517,1050,4426,4426,332,2055,2387,11239
8734,154,7,161,2079,2240,557,411,504,1061,4480,4480,340,2079,2419,11379
8735,169,9,178,2010,2188,594,355,444,1038,4376,4376,375,2010,2385,11137
8736,131,4,135,2087,2222,455,426,518,973,4444,4444,276,2087,2363,11251
8737,159,9,168,2077,2245,594,407,497,1091,4490,4490,354,2077,2431,11411
8738,138,12,150,2059,2209,494,392,492,986,4418,4418,325,2059,2384,11220
8739,144,14,158,2094,2252,540,401,496,1036,4504,4504,343,2094,2437,11445
8740,150,9,159,1976,2135,527,363,437,964,4270,4270,334,1976,2310,10850
8741,141,8,149,2079,2228,515,399,480,995,4456,4456,314,2079,2393,11305
8742,155,13,168,2013,2181,618,404,486,1104,4362,4362,361,2013,2374,11098
8743,155,6,161,2013,2174,492,387,478,970,4348,4348,339,2013,2352,11048
8744,157,12,169,1962,2131,593,373,453,1046,4262,4262,362,1962,2324,10848
8745,152,10,162,2031,2193,568,380,470,1038,4386,4386,341,2031,2372,11144
8746,132,10,142,2026,2168,477,356,436,913,4336,4336,297,2026,2323,10995
8747,136,4,140,2025,2165,447,366,455,902,4330,4330,287,2025,2312,10972
8748,140,11,151,2149,2300,529,399,489,1018,4600,4600,319,2149,2468,11668
8749,145,5,150,2028,2178,539,386,462,1001,4356,4356,310,2028,2338,11050
8750,158,5,163,1988,2151,504,417,498,1002,4302,4302,335,1988,2323,10927
8751,134,11,145,2101,2246,493,366,452,945,4492,4492,311,2101,2412,11396
8752,136,9,145,2061,2206,501,400,485,986,4412,4412,308,2061,2369,11193
8753,127,9,136,2015,2151,449,372,452,901,4302,4302,287,2015,2302,10906
8754,165,11,176,2035,2211,570,368,460,1030,4422,4422,376,2035,2411,11255
8755,145,3,148,2000,2148,466,393,492,958,4296,4296,303,2000,2303,10895
8756,160,14,174,1988,2162,634,385,476,1110,4324,4324,376,1988,2364,11012
8757,149,9,158,1967,2125,503,350,426,929,4250,4250,333,1967,2300,10800
8758,180,14,194,1988,2182,664,392,487,1151,4364,4364,413,1988,2401,11129
8759,152,17,169,1949,2118,572,374,462,1034,4236,4236,379,1949,2328,10800
8760,151,8,159,2039,2198,527,391,475,1002,4396,4396,332,2039,2371,11163
8761,148,14,162,2052,2214,564,379,473,1037,4428,4428,356,2052,2408,11264
8762,142,12,154,1958,2112,518,382,463,981,4224,4224,331,1958,2289,10737
8763,176,7,183,2062,2245,586,407,498,1084,4490,4490,379,2062,2441,11421
8764,149,14,163,2044,2207,629,413,507,1136,4414,4414,365,2044,2409,11237
8765,163,14,177,2043,2220,624,399,492,1116,4440,4440,377,2043,2420,11300
8766,137,9,146,2009,2155,513,362,447,960,4310,4310,306,2009,2315,10935
8767,134,7,141,2029,2170,457,396,482,939,4340,4340,295,2029,2324,11004
8768,149,11,160,2059,2219,545,375,458,1003,4438,4438,343,2059,2402,11278
8769,138,8,146,2009,2155,461,363,446,907,4310,4310,307,2009,2316,10936
8770,157,15,172,2035,2207,577,407,510,1087,4414,4414,373,2035,2408,11236
8771,154,4,158,1994,2152,527,384,484,1011,4304,4304,323,1994,2317,10925
8772,148,12,160,2089,2249,524,421,522,1046,4498,4498,341,2089,2430,11426
8773,155,12,167,2049,2216,565,378,458,1023,4432,4432,359,2049,2408,11272
8774,150,10,160,2087,2247,527,398,489,1016,4494,4494,334,2087,2421,11409
8775,155,13,168,2044,2212,597,389,492,1089,4424,4424,364,2044,2408,11256
8776,152,9,161,1932,2093,513,316,387,900,4186,4186,338,1932,2270,10642
8777,136,5,141,2069,2210,438,376,459,897,4420,4420,295,2069,2364,11204
8778,157,12,169,2036,2205,555,430,520,1075,4410,4410,360,2036,2396,11216
8779,158,8,166,2080,2246,562,396,485,1047,4492,4492,343,2080,2423,11407
8780,160,10,170,2026,2196,572,375,470,1042,4392,4392,363,2026,2389,11173
8781,138,14,152,2040,2192,538,413,506,1044,4384,4384,327,2040,2367,11135
8782,175,16,191,1992,2183,638,401,487,1125,4366,4366,410,1992,2402,11134
8783,145,12,157,2094,2251,541,393,490,1031,4502,4502,335,2094,2429,11433
8784,148,9,157,2018,2175,550,354,433,983,4350,4350,326,2018,2344,11044
8785,168,12,180,2038,2218,583,370,455,1038,4436,4436,381,2038,2419,11291
8786,145,4,149,2083,2232,473,399,482,955,4464,4464,306,2083,2389,11317
8787,162,6,168,1968,2136,562,382,473,1035,4272,4272,347,1968,2315,10859
8788,169,10,179,1972,2151,608,377,458,1066,4302,4302,375,1972,2347,10951
8789,151,7,158,1966,2124,503,399,489,992,4248,4248,327,1966,2293,10789
8790,157,13,170,2078,2248,586,429,531,1117,4496,4496,366,2078,2444,11436
8791,156,10,166,2034,2200,593,379,468,1061,4400,4400,350,2034,2384,11184
8792,167,12,179,2082,2261,637,392,478,1115,4522,4522,382,2082,2464,11508
8793,148,8,156,1973,2129,536,382,476,1012,4258,4258,330,1973,2303,10819
8794,136,11,147,1976,2123,515,368,453,968,4246,4246,315,1976,2291,10783
8795,142,10,152,2005,2157,500,370,453,953,4314,4314,324,2005,2329,10957
8796,143,6,149,2095,2244,488,411,507,995,4488,4488,306,2095,2401,11377
8797,131,8,139,2110,2249,483,404,486,969,4498,4498,298,2110,2408,11404
8798,144,11,155,2014,2169,532,367,465,997,4338,4338,334,2014,2348,11024
8799,142,12,154,2109,2263,557,404,503,1060,4526,4526,329,2109,2438,11490
8800,153,10,163,1966,2129,547,375,452,999,4258,4258,341,1966,2307,10823
8801,164,11,175,2051,2226,608,405,501,1109,4452,4452,369,2051,2420,11324
8802,165,7,172,2015,2187,532,352,417,949,4374,4374,358,2015,2373,11121
8803,164,15,179,2069,2248,623,399,487,1110,4496,4496,394,2069,2463,11455
8804,166,8,174,2050,2224,545,412,497,1042,4448,4448,365,2050,2415,11311
8805,154,9,163,2056,2219,529,386,486,1015,4438,4438,338,2056,2394,11270
8806,151,14,165,2067,2232,584,382,464,1048,4464,4464,365,2067,2432,11360
8807,152,10,162,2109,2271,522,416,506,1028,4542,4542,344,2109,2453,11537
8808,166,5,171,2156,2327,546,419,523,1069,4654,4654,353,2156,2509,11817
8809,155,12,167,2008,2175,536,398,492,1028,4350,4350,360,2008,2368,11068
8810,145,6,151,2036,2187,469,396,495,964,4374,4374,315,2036,2351,11099
8811,150,13,163,1962,2125,571,392,467,1038,4250,4250,358,1962,2320,10820
8812,159,5,164,2042,2206,538,381,467,1005,4412,4412,339,2042,2381,11205
8813,143,13,156,2044,2200,529,397,487,1016,4400,4400,340,2044,2384,11184
8814,148,11,159,2098,2257,545,421,521,1066,4514,4514,340,2098,2438,11466
8815,148,9,157,2025,2182,569,372,447,1016,4364,4364,332,2025,2357,11085
8816,150,15,165,2072,2237,539,361,447,986,4474,4474,358,2072,2430,11378
8817,166,16,182,2042,2224,647,352,421,1068,4448,4448,393,2042,2435,11331
8818,159,15,174,2050,2224,598,419,515,1113,4448,4448,380,2050,2430,11326
8819,155,9,164,2010,2174,528,407,479,1007,4348,4348,340,2010,2350,11046
8820,163,8,171,2087,2258,556,403,492,1048,4516,4516,357,2087,2444,11476
8821,176,7,183,2094,2277,617,414,499,1116,4554,4554,379,2094,2473,11581
8822,154,8,162,2061,2223,528,373,467,995,4446,4446,339,2061,2400,11292
8823,152,8,160,1980,2140,541,385,483,1024,4280,4280,339,1980,2319,10879
8824,131,8,139,2079,2218,471,403,502,973,4436,4436,293,2079,2372,11244
8825,161,13,174,2025,2199,564,377,474,1038,4398,4398,370,2025,2395,11191
8826,136,13,149,1947,2096,497,369,453,950,4192,4192,330,1947,2277,10661
8827,152,9,161,1995,2156,528,394,475,1003,4312,4312,335,1995,2330,10954
8828,162,10,172,1972,2144,553,421,524,1077,4288,4288,367,1972,2339,10915
8829,162,8,170,2011,2181,553,386,467,1020,4362,4362,358,2011,2369,11093
8830,140,9,149,2097,2246,511,406,505,1016,4492,4492,312,2097,2409,11393
8831,150,10,160,1974,2134,525,362,435,960,4268,4268,336,1974,2310,10846
8832,153,15,168,1961,2129,611,372,474,1085,4258,4258,364,1961,2325,10841
8833,128,9,137,2087,2224,461,406,489,950,4448,4448,290,2087,2377,11273
8834,168,12,180,2047,2227,582,403,485,1067,4454,4454,385,2047,2432,11340
8835,157,15,172,2035,2207,578,410,507,1085,4414,4414,374,2035,2409,11237
8836,152,8,160,1985,2145,520,384,471,991,4290,4290,335,1985,2320,10900
8837,158,9,167,2021,2188,555,382,465,1020,4376,4376,350,2021,2371,11123
8838,150,12,162,2027,2189,571,363,452,1023,4378,4378,341,2027,2368,11124
8839,147,13,160,2055,2215,546,393,505,1051,4430,4430,347,2055,2402,11262
8840,175,13,188,2041,2229,660,397,489,1149,4458,4458,405,2041,2446,11362
8841,161,11,172,2055,2227,586,407,502,1088,4454,4454,368,2055,2423,11331
8842,159,6,165,2037,2202,538,404,493,1031,4404,4404,340,2037,2377,11185
8843,137,12,149,2031,2180,529,426,531,1060,4360,4360,322,2031,2353,11073
8844,168,9,177,2051,2228,590,406,490,1080,4456,4456,372,2051,2423,11335
8845,133,7,140,2090,2230,489,407,492,981,4460,4460,292,2090,2382,11302
8846,129,8,137,2031,2168,475,383,461,936,4336,4336,298,2031,2329,11001
8847,162,14,176,2004,2180,627,360,436,1063,4360,4360,377,2004,2381,11101
8848,149,5,154,1970,2124,491,370,459,950,4248,4248,320,1970,2290,10786
8849,161,11,172,2007,2179,540,410,513,1053,4358,4358,369,2007,2376,11092
8850,153,9,162,1972,2134,551,354,433,984,4268,4268,336,1972,2308,10844
8851,164,9,173,2072,2245,612,367,451,1063,4490,4490,367,2072,2439,11419
8852,165,11,176,2057,2233,600,375,450,1050,4466,4466,372,2057,2429,11361
8853,170,17,187,1954,2141,658,367,450,1108,4282,4282,400,1954,2354,10918
8854,138,11,149,2003,2152,483,370,457,940,4304,4304,313,2003,2316,10924
8855,142,8,150,2015,2165,489,365,442,931,4330,4330,311,2015,2326,10986
8856,144,10,154,2032,2186,513,378,451,964,4372,4372,328,2032,2360,11104
8857,145,5,150,2081,2231,484,391,478,962,4462,4462,310,2081,2391,11315
8858,150,12,162,2009,2171,574,369,464,1038,4342,4342,347,2009,2356,11040
8859,158,10,168,1999,2167,539,385,481,1020,4334,4334,353,1999,2352,11020
8860,138,17,155,1997,2152,551,398,495,1046,4304,4304,346,1997,2343,10951
8861,149,8,157,2053,2210,526,418,511,1037,4420,4420,331,2053,2384,11224
8862,164,7,171,1982,2153,585,393,476,1061,4306,4306,358,1982,2340,10952
8863,158,5,163,2137,2300,528,384,473,1001,4600,4600,335,2137,2472,11672
8864,179,12,191,2080,2271,633,390,480,1113,4542,4542,408,2080,2488,11572
8865,157,6,163,2002,2165,563,367,455,1018,4330,4330,339,2002,2341,11001
8866,144,8,152,2035,2187,479,395,475,954,4374,4374,315,2035,2350,11098
8867,135,16,151,2049,2200,576,355,422,998,4400,4400,335,2049,2384,11184
8868,159,12,171,2045,2216,567,381,473,1040,4432,4432,371,2045,2416,11280
8869,148,10,158,2013,2171,518,382,454,972,4342,4342,334,2013,2347,11031
8870,138,14,152,2030,2182,564,406,492,1056,4364,4364,337,2030,2367,11095
8871,143,9,152,1949,2101,516,366,441,957,4202,4202,322,1949,2271,10675
8872,147,13,160,1979,2139,563,400,487,1050,4278,4278,345,1979,2324,10880
8873,160,10,170,2036,2206,589,367,468,1057,4412,4412,358,2036,2394,11218
8874,154,17,171,2019,2190,612,364,445,1057,4380,4380,373,2019,2392,11152
8875,149,12,161,2040,2201,572,400,493,1065,4402,4402,345,2040,2385,11189
8876,146,9,155,2042,2197,526,378,459,985,4394,4394,328,2042,2370,11158
8877,140,11,151,2070,2221,518,403,485,1003,4442,4442,320,2070,2390,11274
8878,143,11,154,2080,2234,547,412,508,1055,4468,4468,332,2080,2412,11348
8879,148,6,154,2145,2299,499,417,510,1009,4598,4598,320,2145,2465,11661
8880,148,8,156,1968,2124,537,401,487,1024,4248,4248,326,1968,2294,10790
8881,157,10,167,2003,2170,545,375,461,1006,4340,4340,352,2003,2355,11035
8882,170,10,180,2079,2259,605,373,446,1051,4518,4518,385,2079,2464,11500
8883,146,13,159,2016,2175,536,373,457,993,4350,4350,335,2016,2351,11051
8884,173,15,188,2054,2242,630,372,453,1083,4484,4484,410,2054,2464,11432
8885,131,10,141,2074,2215,535,408,495,1030,4430,4430,300,2074,2374,11234
8886,160,6,166,2031,2197,570,412,507,1077,4394,4394,345,2031,2376,11164
8887,127,10,137,2017,2154,449,389,460,909,4308,4308,292,2017,2309,10925
8888,159,17,176,2010,2186,638,372,456,1094,4372,4372,395,2010,2405,11149
8889,150,8,158,2059,2217,550,371,453,1003,4434,4434,333,2059,2392,11260
8890,152,8,160,2079,2239,574,392,473,1047,4478,4478,334,2079,2413,11369
8891,137,10,147,2078,2225,472,390,477,949,4450,4450,312,2078,2390,11290
8892,157,11,168,2000,2168,569,354,432,1001,4336,4336,355,2000,2355,11027
8893,158,8,166,2042,2208,565,366,447,1012,4416,4416,348,2042,2390,11222
8894,158,6,164,2076,2240,542,370,467,1009,4480,4480,340,2076,2416,11376
8895,129,10,139,2018,2157,479,408,496,975,4314,4314,300,2018,2318,10946
8896,145,8,153,2010,2163,495,385,480,975,4326,4326,319,2010,2329,10981
8897,139,10,149,2050,2199,523,386,485,1008,4398,4398,318,2050,2368,11164
8898,144,10,154,2119,2273,505,392,478,983,4546,4546,327,2119,2446,11538
8899,164,12,176,2103,2279,610,410,500,1110,4558,4558,372,2103,2475,11591
8900,154,9,163,2002,2165,535,381,464,999,4330,4330,342,2002,2344,11004
8901,148,13,161,2027,2188,561,396,491,1052,4376,4376,345,2027,2372,11124
8902,153,13,166,2033,2199,572,368,455,1027,4398,4398,355,2033,2388,11184
8903,149,13,162,2067,2229,536,396,508,1044,4458,4458,348,2067,2415,11331
8904,161,9,170,2019,2189,597,383,473,1070,4378,4378,357,2019,2376,11132
8905,149,12,161,1986,2147,535,363,431,966,4294,4294,349,1986,2335,10923
8906,163,11,174,2065,2239,593,412,500,1093,4478,4478,371,2065,2436,11392
8907,140,10,150,2091,2241,492,404,483,975,4482,4482,316,2091,2407,11371
8908,165,14,179,2032,2211,611,389,478,1089,4422,4422,386,2032,2418,11262
8909,154,13,167,2125,2292,595,408,495,1090,4584,4584,360,2125,2485,11653
8910,142,16,158,2075,2233,587,381,447,1034,4466,4466,349,2075,2424,11356
8911,129,3,132,2028,2160,413,386,473,886,4320,4320,270,2028,2298,10938
8912,156,13,169,2046,2215,570,410,492,1062,4430,4430,364,2046,2410,11270
8913,154,9,163,2089,2252,535,386,484,1019,4504,4504,341,2089,2430,11438
8914,145,7,152,2127,2279,493,381,463,956,4558,4558,314,2127,2441,11557
8915,143,10,153,2076,2229,516,369,447,963,4458,4458,326,2076,2402,11318
8916,135,13,148,2094,2242,536,424,515,1051,4484,4484,329,2094,2423,11391
8917,157,9,166,2052,2218,582,354,429,1011,4436,4436,353,2052,2405,11277
8918,154,13,167,1950,2117,570,418,520,1090,4234,4234,362,1950,2312,10780
8919,157,8,165,2037,2202,567,392,473,1040,4404,4404,343,2037,2380,11188
8920,144,10,154,1993,2147,506,363,433,939,4294,4294,326,1993,2319,10907
8921,150,4,154,2067,2221,504,385,463,967,4442,4442,316,2067,2383,11267
8922,149,6,155,2039,2194,496,361,431,927,4388,4388,322,2039,2361,11137
8923,146,14,160,2000,2160,535,360,443,978,4320,4320,346,2000,2346,10986
8924,145,12,157,2123,2280,573,400,479,1052,4560,4560,339,2123,2462,11582
8925,150,13,163,1997,2160,564,383,474,1038,4320,4320,352,1997,2349,10989
8926,143,14,157,2064,2221,556,406,500,1056,4442,4442,342,2064,2406,11290
8927,155,12,167,2086,2253,576,403,499,1075,4506,4506,358,2086,2444,11456
8928,158,7,165,1999,2164,557,343,414,971,4328,4328,344,1999,2343,10999
8929,150,11,161,2090,2251,535,363,433,968,4502,4502,343,2090,2433,11437
8930,150,10,160,2078,2238,529,429,529,1058,4476,4476,342,2078,2420,11372
8931,159,11,170,2053,2223,578,407,491,1069,4446,4446,365,2053,2418,11310
8932,154,5,159,2023,2182,527,400,475,1002,4364,4364,327,2023,2350,11078
8933,155,11,166,2041,2207,551,406,495,1046,4414,4414,354,2041,2395,11223
8934,167,9,176,2033,2209,596,421,525,1121,4418,4418,374,2033,2407,11243
8935,142,15,157,2038,2195,578,412,521,1099,4390,4390,343,2038,2381,11161
8936,161,9,170,1968,2138,565,363,452,1017,4276,4276,359,1968,2327,10879
8937,165,14,179,2076,2255,598,417,509,1107,4510,4510,380,2076,2456,11476
8938,159,6,165,2032,2197,556,377,467,1023,4394,4394,345,2032,2377,11165
8939,182,10,192,1939,2131,694,372,444,1138,4262,4262,398,1939,2337,10861
8940,169,7,176,1971,2147,612,372,460,1072,4294,4294,364,1971,2335,10923
8941,139,14,153,2060,2213,555,382,474,1029,4426,4426,338,2060,2398,11250
8942,137,17,154,2072,2226,532,405,492,1024,4452,4452,335,2072,2407,11311
8943,153,9,162,2043,2205,558,403,494,1052,4410,4410,343,2043,2386,11206
8944,168,9,177,2026,2203,589,344,432,1021,4406,4406,375,2026,2401,11213
8945,156,10,166,2028,2194,588,380,472,1060,4388,4388,358,2028,2386,11162
8946,160,17,177,2028,2205,654,411,508,1162,4410,4410,390,2028,2418,11238
8947,157,8,165,2136,2301,580,410,492,1072,4602,4602,346,2136,2482,11686
8948,155,6,161,2093,2254,538,426,509,1047,4508,4508,335,2093,2428,11444
8949,158,13,171,2044,2215,572,416,507,1079,4430,4430,365,2044,2409,11269
8950,145,13,158,2060,2218,565,378,466,1031,4436,4436,344,2060,2404,11276
8951,160,12,172,2050,2222,591,373,452,1043,4444,4444,365,2050,2415,11303
8952,154,11,165,2100,2265,534,376,470,1004,4530,4530,348,2100,2448,11508
8953,139,7,146,2050,2196,482,383,486,968,4392,4392,307,2050,2357,11141
8954,156,14,170,2097,2267,627,430,530,1157,4534,4534,382,2097,2479,11547
8955,143,12,155,2039,2194,541,410,498,1039,4388,4388,336,2039,2375,11151
8956,163,10,173,2022,2195,571,375,463,1034,4390,4390,362,2022,2384,11164
8957,173,15,188,1972,2160,667,399,489,1156,4320,4320,407,1972,2379,11019
8958,120,9,129,2032,2161,432,371,460,892,4322,4322,279,2032,2311,10955
8959,159,13,172,2055,2227,585,349,416,1001,4454,4454,368,2055,2423,11331
8960,163,3,166,2061,2227,550,378,470,1020,4454,4454,338,2061,2399,11307
8961,147,13,160,2067,2227,551,394,489,1040,4454,4454,346,2067,2413,11321
8962,158,11,169,2027,2196,551,374,464,1015,4392,4392,358,2027,2385,11169
8963,136,12,148,2002,2150,535,352,428,963,4300,4300,326,2002,2328,10928
8964,180,11,191,2116,2307,665,397,486,1151,4614,4614,401,2116,2517,11745
8965,166,8,174,1964,2138,583,362,442,1025,4276,4276,362,1964,2326,10878
8966,163,13,176,2106,2282,587,392,487,1074,4564,4564,379,2106,2485,11613
8967,156,5,161,2053,2214,519,383,469,988,4428,4428,333,2053,2386,11242
8968,151,8,159,1959,2118,526,386,463,989,4236,4236,331,1959,2290,10762
8969,159,15,174,2083,2257,586,358,448,1034,4514,4514,372,2083,2455,11483
8970,148,11,159,2121,2280,540,406,501,1041,4560,4560,338,2121,2459,11579
8971,147,14,161,1943,2104,540,354,435,975,4208,4208,348,1943,2291,10707
8972,157,10,167,2027,2194,546,373,454,1000,4388,4388,351,2027,2378,11154
8973,141,7,148,2038,2186,551,372,436,987,4372,4372,306,2038,2344,11088
8974,165,2,167,2117,2284,554,427,516,1070,4568,4568,338,2117,2455,11591
8975,165,10,175,2117,2292,564,416,495,1059,4584,4584,368,2117,2485,11653
8976,172,9,181,2046,2227,608,363,443,1051,4454,4454,383,2046,2429,11337
8977,170,10,180,1978,2158,597,387,462,1059,4316,4316,376,1978,2354,10986
8978,145,11,156,1959,2115,533,403,492,1025,4230,4230,331,1959,2290,10750
8979,150,9,159,2048,2207,533,394,476,1009,4414,4414,333,2048,2381,11209
8980,130,16,146,2060,2206,518,387,482,1000,4412,4412,327,2060,2387,11211
8981,128,14,142,1939,2081,510,382,471,981,4162,4162,313,1939,2252,10576
8982,130,8,138,2111,2249,473,417,508,981,4498,4498,290,2111,2401,11397
8983,130,7,137,2087,2224,472,379,461,933,4448,4448,294,2087,2381,11277
8984,150,8,158,2022,2180,516,364,443,959,4360,4360,334,2022,2356,11076
8985,156,14,170,2053,2223,569,390,476,1045,4446,4446,368,2053,2421,11313
8986,135,11,146,2006,2152,499,369,448,947,4304,4304,317,2006,2323,10931
8987,152,9,161,2012,2173,526,369,451,977,4346,4346,338,2012,2350,11042
8988,146,11,157,2017,2174,531,368,445,976,4348,4348,333,2017,2350,11046
8989,146,8,154,2065,2219,519,402,482,1001,4438,4438,328,2065,2393,11269
8990,132,14,146,1972,2118,499,387,463,962,4236,4236,324,1972,2296,10768
8991,155,8,163,2022,2185,515,366,465,980,4370,4370,343,2022,2365,11105
8992,144,7,151,2002,2153,509,389,469,978,4306,4306,321,2002,2323,10935
8993,159,12,171,2062,2233,557,375,448,1005,4466,4466,369,2062,2431,11363
8994,146,13,159,2095,2254,540,386,466,1006,4508,4508,346,2095,2441,11457
8995,160,12,172,2010,2182,609,353,434,1043,4364,4364,370,2010,2380,11108
8996,132,12,144,2101,2245,488,376,466,954,4490,4490,312,2101,2413,11393
8997,176,7,183,2023,2206,625,403,491,1116,4412,4412,387,2023,2410,11234
8998,139,13,152,1995,2147,549,371,461,1010,4294,4294,330,1995,2325,10913
8999,153,5,158,1930,2088,548,373,449,997,4176,4176,326,1930,2256,10608
9000,151,9,160,2033,2193,574,396,479,1053,4386,4386,343,2033,2376,11148
9001,152,10,162,1937,2099,532,357,445,977,4198,4198,343,1937,2280,10676
9002,142,13,155,2004,2159,512,367,449,961,4318,4318,331,2004,2335,10971
9003,156,12,168,2063,2231,605,409,508,1113,4462,4462,362,2063,2425,11349
9004,154,3,157,2015,2172,526,392,485,1011,4344,4344,321,2015,2336,11024
9005,156,6,162,2043,2205,559,367,445,1004,4410,4410,340,2043,2383,11203
9006,151,8,159,2011,2170,537,382,466,1003,4340,4340,338,2011,2349,11029
9007,151,11,162,2021,2183,533,411,513,1046,4366,4366,341,2021,2362,11094
9008,149,10,159,1946,2105,577,358,441,1018,4210,4210,339,1946,2285,10705
9009,179,14,193,1933,2126,717,365,447,1164,4252,4252,419,1933,2352,10856
9010,142,9,151,2127,2278,528,412,510,1038,4556,4556,319,2127,2446,11558
9011,159,9,168,2058,2226,607,371,468,1075,4452,4452,351,2058,2409,11313
9012,149,9,158,1985,2143,540,381,463,1003,4286,4286,336,1985,2321,10893
9013,162,4,166,2051,2217,504,358,432,936,4434,4434,343,2051,2394,11262
9014,168,10,178,2013,2191,602,374,464,1066,4382,4382,375,2013,2388,11152
9015,154,13,167,2003,2170,558,371,445,1003,4340,4340,362,2003,2365,11045
9016,163,7,170,1998,2168,545,359,451,996,4336,4336,356,1998,2354,11026
9017,144,10,154,2082,2236,500,375,461,961,4472,4472,325,2082,2407,11351
9018,148,8,156,2092,2248,564,390,471,1035,4496,4496,332,2092,2424,11416
9019,131,12,143,2034,2177,527,382,462,989,4354,4354,314,2034,2348,11056
9020,135,16,151,2006,2157,535,351,416,951,4314,4314,333,2006,2339,10967
9021,152,15,167,2091,2258,581,380,473,1054,4516,4516,359,2091,2450,11482
9022,162,14,176,2051,2227,603,403,501,1104,4454,4454,377,2051,2428,11336
9023,158,14,172,2032,2204,593,375,456,1049,4408,4408,374,2032,2406,11222
9024,150,13,163,2063,2226,556,375,450,1006,4452,4452,351,2063,2414,11318
9025,138,14,152,1929,2081,518,340,425,943,4162,4162,339,1929,2268,10592
9026,156,13,169,2059,2228,595,387,476,1071,4456,4456,362,2059,2421,11333
9027,156,18,174,1941,2115,606,365,447,1053,4230,4230,382,1941,2323,10783
9028,171,12,183,2065,2248,598,390,484,1082,4496,4496,392,2065,2457,11449
9029,143,12,155,2040,2195,520,395,475,995,4390,4390,324,2040,2364,11144
9030,158,8,166,1930,2096,555,363,449,1004,4192,4192,350,1930,2280,10664
9031,149,13,162,1925,2087,513,370,437,950,4174,4174,350,1925,2275,10623
9032,161,12,173,1953,2126,576,386,473,1049,4252,4252,372,1953,2325,10829
9033,155,11,166,1973,2139,584,361,441,1025,4278,4278,358,1973,2331,10887
9034,153,10,163,2090,2253,560,424,518,1078,4506,4506,344,2090,2434,11446
9035,161,11,172,2018,2190,593,373,443,1036,4380,4380,366,2018,2384,11144
9036,162,18,180,1990,2170,642,345,425,1067,4340,4340,401,1990,2391,11071
9037,148,16,164,1993,2157,580,381,476,1056,4314,4314,353,1993,2346,10974
9038,156,9,165,1935,2100,568,374,458,1026,4200,4200,349,1935,2284,10684
9039,134,7,141,2056,2197,520,386,471,991,4394,4394,299,2056,2355,11143
9040,157,9,166,2040,2206,551,384,464,1015,4412,4412,347,2040,2387,11211
9041,152,8,160,1971,2131,563,390,465,1028,4262,4262,337,1971,2308,10832
9042,152,8,160,2090,2250,524,368,458,982,4500,4500,335,2090,2425,11425
9043,157,11,168,2048,2216,604,382,456,1060,4432,4432,364,2048,2412,11276
9044,156,12,168,2024,2192,558,372,459,1017,4384,4384,360,2024,2384,11152
9045,166,9,175,1999,2174,596,364,443,1039,4348,4348,366,1999,2365,11061
9046,138,9,147,2029,2176,534,383,465,999,4352,4352,315,2029,2344,11048
9047,158,7,165,2010,2175,573,362,430,1003,4350,4350,344,2010,2354,11054
9048,153,8,161,2058,2219,562,401,487,1049,4438,4438,337,2058,2395,11271
9049,161,8,169,2006,2175,564,363,452,1016,4350,4350,356,2006,2362,11062
9050,138,12,150,1977,2127,557,355,428,985,4254,4254,321,1977,2298,10806
9051,158,9,167,1994,2161,529,386,471,1000,4322,4322,354,1994,2348,10992
9052,156,10,166,2060,2226,566,403,499,1065,4452,4452,356,2060,2416,11320
9053,140,13,153,2065,2218,531,410,500,1031,4436,4436,329,2065,2394,11266
9054,160,11,171,2076,2247,608,400,485,1093,4494,4494,369,2076,2445,11433
9055,155,15,170,2132,2302,586,395,489,1075,4604,4604,370,2132,2502,11710
9056,151,13,164,2015,2179,525,380,461,986,4358,4358,354,2015,2369,11085
9057,145,10,155,1933,2088,543,354,430,973,4176,4176,328,1933,2261,10613
9058,134,17,151,2013,2164,517,394,489,1006,4328,4328,325,2013,2338,10994
9059,166,11,177,2087,2264,604,383,471,1075,4528,4528,381,2087,2468,11524
9060,154,10,164,1955,2119,538,377,464,1002,4238,4238,344,1955,2299,10775
9061,161,9,170,2111,2281,547,393,469,1016,4562,4562,354,2111,2465,11589
9062,163,13,176,1956,2132,610,368,443,1053,4264,4264,377,1956,2333,10861
9063,160,12,172,1929,2101,621,390,475,1096,4202,4202,365,1929,2294,10698
9064,154,13,167,2097,2264,636,408,488,1124,4528,4528,361,2097,2458,11514
9065,158,8,166,2033,2199,542,392,466,1008,4398,4398,347,2033,2380,11176
9066,134,9,143,2056,2199,500,421,500,1000,4398,4398,303,2056,2359,11155
9067,156,9,165,2011,2176,538,405,491,1029,4352,4352,356,2011,2367,11071
9068,186,7,193,2043,2236,623,397,485,1108,4472,4472,397,2043,2440,11384
9069,150,14,164,2056,2220,572,398,492,1064,4440,4440,351,2056,2407,11287
9070,144,15,159,1996,2155,564,361,456,1020,4310,4310,348,1996,2344,10964
9071,149,14,163,1938,2101,540,359,447,987,4202,4202,350,1938,2288,10692
9072,158,14,172,2031,2203,631,390,481,1112,4406,4406,376,2031,2407,11219
9073,155,12,167,2104,2271,551,373,472,1023,4542,4542,355,2104,2459,11543
9074,150,14,164,1988,2152,554,380,451,1005,4304,4304,358,1988,2346,10954
9075,157,13,170,2087,2257,631,411,515,1146,4514,4514,367,2087,2454,11482
9076,156,4,160,1983,2143,525,397,484,1009,4286,4286,325,1983,2308,10880
9077,169,11,180,2020,2200,641,390,473,1114,4400,4400,388,2020,2408,11208
9078,150,14,164,1972,2136,552,368,449,1001,4272,4272,352,1972,2324,10868
9079,145,10,155,1983,2138,530,367,438,968,4276,4276,329,1983,2312,10864
9080,165,5,170,2076,2246,521,389,472,993,4492,4492,349,2076,2425,11409
9081,152,13,165,2052,2217,604,386,465,1069,4434,4434,354,2052,2406,11274
9082,132,8,140,1999,2139,445,368,449,894,4278,4278,303,1999,2302,10858
9083,149,11,160,2003,2163,549,395,482,1031,4326,4326,344,2003,2347,10999
9084,155,17,172,2002,2174,607,380,470,1077,4348,4348,374,2002,2376,11072
9085,162,10,172,2033,2205,570,394,489,1059,4410,4410,359,2033,2392,11212
9086,154,10,164,1988,2152,567,349,436,1003,4304,4304,346,1988,2334,10942
9087,165,6,171,2039,2210,573,364,449,1022,4420,4420,351,2039,2390,11230
9088,158,11,169,2011,2180,585,403,490,1075,4360,4360,360,2011,2371,11091
9089,158,9,167,2068,2235,543,403,478,1021,4470,4470,355,2068,2423,11363
9090,145,9,154,2090,2244,509,379,454,963,4488,4488,326,2090,2416,11392
9091,153,14,167,2050,2217,608,382,474,1082,4434,4434,365,2050,2415,11283
9092,149,8,157,1921,2078,503,370,448,951,4156,4156,335,1921,2256,10568
9093,161,10,171,2058,2229,557,386,470,1027,4458,4458,360,2058,2418,11334
9094,154,10,164,1963,2127,576,377,453,1029,4254,4254,351,1963,2314,10822
9095,145,9,154,2116,2270,504,420,508,1012,4540,4540,321,2116,2437,11517
9096,146,7,153,2128,2281,482,416,508,990,4562,4562,318,2128,2446,11570
9097,150,11,161,2082,2243,570,412,515,1085,4486,4486,345,2082,2427,11399
9098,152,11,163,2056,2219,535,340,410,945,4438,4438,348,2056,2404,11280
9099,161,12,173,2134,2307,586,384,473,1059,4614,4614,371,2134,2505,11733
9100,156,11,167,2024,2191,550,391,478,1028,4382,4382,353,2024,2377,11141
9101,153,10,163,2055,2218,573,376,451,1024,4436,4436,342,2055,2397,11269
9102,157,10,167,2041,2208,549,402,506,1055,4416,4416,353,2041,2394,11226
9103,124,10,134,1991,2125,441,390,479,920,4250,4250,284,1991,2275,10775
9104,145,13,158,2079,2237,548,393,475,1023,4474,4474,339,2079,2418,11366
9105,164,10,174,2006,2180,602,367,453,1055,4360,4360,369,2006,2375,11095
9106,150,8,158,2009,2167,529,364,438,967,4334,4334,329,2009,2338,11006
9107,160,8,168,2051,2219,513,382,461,974,4438,4438,353,2051,2404,11280
9108,138,13,151,1976,2127,518,360,467,985,4254,4254,327,1976,2303,10811
9109,131,10,141,2032,2173,474,406,480,954,4346,4346,303,2032,2335,11027
9110,139,13,152,2041,2193,480,392,483,963,4386,4386,328,2041,2369,11141
9111,159,7,166,2001,2167,568,400,480,1048,4334,4334,345,2001,2346,11014
9112,147,12,159,2007,2166,534,359,438,972,4332,4332,341,2007,2348,11012
9113,133,9,142,2086,2228,473,381,472,945,4456,4456,311,2086,2397,11309
9114,169,9,178,2064,2242,584,392,478,1062,4484,4484,373,2064,2437,11405
9115,188,14,202,2037,2239,663,360,441,1104,4478,4478,433,2037,2470,11426
9116,154,13,167,2090,2257,594,402,475,1069,4514,4514,364,2090,2454,11482
9117,171,16,187,2029,2216,662,396,465,1127,4432,4432,409,2029,2438,11302
9118,163,10,173,1949,2122,569,378,461,1030,4244,4244,365,1949,2314,10802
9119,170,9,179,1961,2140,575,392,466,1041,4280,4280,372,1961,2333,10893
9120,163,8,171,2001,2172,587,374,458,1045,4344,4344,360,2001,2361,11049
9121,150,12,162,2001,2163,578,388,478,1056,4326,4326,348,2001,2349,11001
9122,143,8,151,1902,2053,511,353,446,957,4106,4106,318,1902,2220,10432
9123,141,8,149,2097,2246,512,388,471,983,4492,4492,314,2097,2411,11395
9124,159,12,171,2070,2241,593,401,491,1084,4482,4482,362,2070,2432,11396
9125,141,6,147,2023,2170,502,389,461,963,4340,4340,310,2023,2333,11013
9126,147,15,162,1933,2095,566,366,440,1006,4190,4190,357,1933,2290,10670
9127,144,8,152,2114,2266,540,395,476,1016,4532,4532,317,2114,2431,11495
9128,147,7,154,2030,2184,547,380,457,1004,4368,4368,324,2030,2354,11090
9129,148,15,163,2012,2175,541,343,414,955,4350,4350,357,2012,2369,11069
9130,150,10,160,2088,2248,544,380,466,1010,4496,4496,335,2088,2423,11415
9131,150,8,158,2077,2235,521,382,457,978,4470,4470,331,2077,2408,11348
9132,150,14,164,2076,2240,540,389,476,1016,4480,4480,359,2076,2435,11395
9133,154,6,160,2002,2162,529,351,422,951,4324,4324,334,2002,2336,10984
9134,139,5,144,2005,2149,472,401,477,949,4298,4298,297,2005,2302,10898
9135,149,18,167,2045,2212,607,396,488,1095,4424,4424,371,2045,2416,11264
9136,155,14,169,2046,2215,575,393,487,1062,4430,4430,368,2046,2414,11274
9137,154,17,171,2015,2186,599,362,438,1037,4372,4372,373,2015,2388,11132
9138,178,13,191,2066,2257,655,376,458,1113,4514,4514,406,2066,2472,11500
9139,155,13,168,1995,2163,582,370,436,1018,4326,4326,360,1995,2355,11007
9140,141,8,149,2070,2219,510,366,443,953,4438,4438,318,2070,2388,11264
9141,160,7,167,2037,2204,562,416,521,1083,4408,4408,345,2037,2382,11198
9142,144,8,152,2061,2213,521,382,459,980,4426,4426,319,2061,2380,11232
9143,160,6,166,2070,2236,535,401,491,1026,4472,4472,344,2070,2414,11358
9144,134,10,144,1980,2124,494,342,412,906,4248,4248,306,1980,2286,10782
9145,144,15,159,2085,2244,573,374,451,1024,4488,4488,341,2085,2426,11402
9146,166,9,175,2009,2184,604,389,465,1069,4368,4368,370,2009,2379,11115
9147,159,7,166,2005,2171,545,372,453,998,4342,4342,347,2005,2352,11036
9148,129,8,137,2038,2175,419,392,482,901,4350,4350,290,2038,2328,11028
9149,164,10,174,2033,2207,558,372,449,1007,4414,4414,366,2033,2399,11227
9150,188,8,196,2014,2210,645,404,508,1153,4420,4420,404,2014,2418,11258
9151,165,10,175,2079,2254,572,398,491,1063,4508,4508,366,2079,2445,11461
9152,156,8,164,2129,2293,567,376,465,1032,4586,4586,346,2129,2475,11647
9153,147,9,156,1973,2129,525,378,449,974,4258,4258,329,1973,2302,10818
9154,173,13,186,2110,2296,619,412,498,1117,4592,4592,397,2110,2507,11691
9155,165,12,177,2070,2247,592,385,471,1063,4494,4494,370,2070,2440,11428
9156,150,9,159,1993,2152,559,378,443,1002,4304,4304,335,1993,2328,10936
9157,158,6,164,2032,2196,578,401,485,1063,4392,4392,338,2032,2370,11154
9158,136,7,143,1956,2099,506,357,435,941,4198,4198,303,1956,2259,10655
9159,137,6,143,2009,2152,490,370,458,948,4304,4304,300,2009,2309,10917
9160,147,12,159,2014,2173,566,387,476,1042,4346,4346,338,2014,2352,11044
9161,149,10,159,2006,2165,553,395,487,1040,4330,4330,341,2006,2347,11007
9162,151,13,164,2071,2235,593,385,483,1076,4470,4470,354,2071,2425,11365
9163,150,14,164,2004,2168,600,399,485,1085,4336,4336,357,2004,2361,11033
9164,156,9,165,2106,2271,535,425,526,1061,4542,4542,347,2106,2453,11537
9165,158,5,163,2014,2177,540,417,506,1046,4354,4354,335,2014,2349,11057
9166,154,8,162,1973,2135,515,364,451,966,4270,4270,339,1973,2312,10852
9167,130,9,139,2000,2139,453,377,462,915,4278,4278,299,2000,2299,10855
9168,153,6,159,2056,2215,495,357,423,918,4430,4430,327,2056,2383,11243
9169,176,9,185,2024,2209,663,395,477,1140,4418,4418,388,2024,2412,11248
9170,152,6,158,2016,2174,531,360,436,967,4348,4348,325,2016,2341,11037
9171,157,12,169,2129,2298,539,420,503,1042,4596,4596,364,2129,2493,11685
9172,154,11,165,2050,2215,546,396,485,1031,4430,4430,353,2050,2403,11263
9173,154,10,164,2014,2178,547,384,469,1016,4356,4356,345,2014,2359,11071
9174,166,15,181,1948,2129,597,358,425,1022,4258,4258,389,1948,2337,10853
9175,153,13,166,1993,2159,529,418,514,1043,4318,4318,360,1993,2353,10989
9176,144,15,159,2044,2203,555,390,481,1036,4406,4406,353,2044,2397,11209
9177,155,9,164,2111,2275,553,387,474,1027,4550,4550,344,2111,2455,11555
9178,154,8,162,2042,2204,535,383,460,995,4408,4408,340,2042,2382,11198
9179,147,6,153,1956,2109,524,360,446,970,4218,4218,318,1956,2274,10710
9180,150,10,160,2115,2275,556,390,489,1045,4550,4550,339,2115,2454,11554
9181,149,8,157,2061,2218,544,417,516,1060,4436,4436,330,2061,2391,11263
9182,145,10,155,2070,2225,561,408,499,1060,4450,4450,328,2070,2398,11298
9183,159,8,167,2029,2196,569,401,492,1061,4392,4392,349,2029,2378,11162
9184,149,11,160,2067,2227,544,396,484,1028,4454,4454,337,2067,2404,11312
9185,151,11,162,2022,2184,526,389,484,1010,4368,4368,344,2022,2366,11102
9186,142,9,151,2079,2230,523,401,483,1006,4460,4460,322,2079,2401,11321
9187,160,10,170,2081,2251,552,396,462,1014,4502,4502,363,2081,2444,11448
9188,168,11,179,2088,2267,598,400,474,1072,4534,4534,376,2088,2464,11532
9189,135,9,144,2068,2212,509,394,482,991,4424,4424,306,2068,2374,11222
9190,131,16,147,2071,2218,513,383,472,985,4436,4436,324,2071,2395,11267
9191,132,16,148,2021,2169,504,375,466,970,4338,4338,330,2021,2351,11027
9192,149,14,163,2056,2219,543,386,464,1007,4438,4438,354,2056,2410,11286
9193,149,7,156,2074,2230,519,399,488,1007,4460,4460,328,2074,2402,11322
9194,151,7,158,2093,2251,505,383,456,961,4502,4502,330,2093,2423,11427
9195,137,6,143,2010,2153,469,367,445,914,4306,4306,298,2010,2308,10920
9196,157,9,166,2107,2273,574,372,439,1013,4546,4546,350,2107,2457,11549
9197,164,5,169,2093,2262,558,423,513,1071,4524,4524,349,2093,2442,11490
9198,150,16,166,2072,2238,587,404,501,1088,4476,4476,361,2072,2433,11385
9199,172,8,180,2016,2196,585,353,435,1020,4392,4392,377,2016,2393,11177
9200,141,12,153,2068,2221,523,376,458,981,4442,4442,332,2068,2400,11284
9201,138,12,150,2071,2221,530,376,462,992,4442,4442,322,2071,2393,11277
9202,138,11,149,2018,2167,502,388,479,981,4334,4334,322,2018,2340,11008
9203,161,7,168,2041,2209,560,347,430,990,4418,4418,353,2041,2394,11230
9204,145,13,158,2055,2213,535,381,464,999,4426,4426,333,2055,2388,11240
9205,138,9,147,2104,2251,520,412,507,1027,4502,4502,310,2104,2414,11418
9206,167,9,176,2057,2233,586,374,448,1034,4466,4466,368,2057,2425,11357
9207,148,11,159,2031,2190,571,355,425,996,4380,4380,339,2031,2370,11130
9208,156,13,169,2127,2296,591,378,466,1057,4592,4592,357,2127,2484,11668
9209,170,11,181,2091,2272,637,422,528,1165,4544,4544,384,2091,2475,11563
9210,137,11,148,2048,2196,504,395,476,980,4392,4392,314,2048,2362,11146
9211,154,12,166,2017,2183,543,362,450,993,4366,4366,354,2017,2371,11103
9212,153,7,160,2012,2172,534,357,436,970,4344,4344,336,2012,2348,11036
9213,140,13,153,2024,2177,503,359,441,944,4354,4354,328,2024,2352,11060
9214,148,6,154,2029,2183,531,382,462,993,4366,4366,321,2029,2350,11082
9215,131,14,145,1915,2060,496,382,468,964,4120,4120,314,1915,2229,10469
9216,166,12,178,2008,2186,653,376,465,1118,4372,4372,384,2008,2392,11136
9217,155,14,169,2051,2220,613,416,498,1111,4440,4440,371,2051,2422,11302
9218,155,10,165,2083,2248,547,395,491,1038,4496,4496,351,2083,2434,11426
9219,149,16,165,2071,2236,563,401,479,1042,4472,4472,361,2071,2432,11376
9220,145,16,161,1969,2130,595,421,502,1097,4260,4260,355,1969,2324,10844
9221,136,10,146,2046,2192,496,408,492,988,4384,4384,308,2046,2354,11122
9222,159,11,170,1968,2138,592,370,458,1050,4276,4276,363,1968,2331,10883
9223,151,9,160,2094,2254,570,380,456,1026,4508,4508,336,2094,2430,11446
9224,148,9,157,2036,2193,529,361,430,959,4386,4386,338,2036,2374,11146
9225,141,12,153,2074,2227,523,398,488,1011,4454,4454,329,2074,2403,11311
9226,164,9,173,2031,2204,575,402,494,1069,4408,4408,358,2031,2389,11205
9227,161,14,175,2069,2244,621,402,505,1126,4488,4488,382,2069,2451,11427
9228,137,5,142,2080,2222,467,385,465,932,4444,4444,297,2080,2377,11265
9229,165,8,173,2012,2185,591,363,439,1030,4370,4370,361,2012,2373,11113
9230,160,7,167,1980,2147,545,357,432,977,4294,4294,348,1980,2328,10916
9231,138,11,149,1982,2131,499,367,441,940,4262,4262,315,1982,2297,10821
9232,149,14,163,2021,2184,566,384,467,1033,4368,4368,350,2021,2371,11107
9233,181,8,189,2073,2262,616,419,499,1115,4524,4524,397,2073,2470,11518
9234,136,12,148,2022,2170,526,400,474,1000,4340,4340,321,2022,2343,11023
9235,161,13,174,2017,2191,571,398,490,1061,4382,4382,373,2017,2390,11154
9236,158,11,169,2045,2214,562,411,505,1067,4428,4428,364,2045,2409,11265
9237,135,10,145,2086,2231,491,380,456,947,4462,4462,309,2086,2395,11319
9238,162,12,174,2000,2174,591,401,475,1066,4348,4348,366,2000,2366,11062
9239,154,14,168,1996,2164,564,382,461,1025,4328,4328,364,1996,2360,11016
9240,162,15,177,1964,2141,595,359,448,1043,4282,4282,386,1964,2350,10914
9241,156,9,165,1963,2128,533,388,472,1005,4256,4256,350,1963,2313,10825
9242,155,13,168,2039,2207,599,401,484,1083,4414,4414,373,2039,2412,11240
9243,135,17,152,2024,2176,527,348,417,944,4352,4352,336,2024,2360,11064
9244,144,8,152,2004,2156,541,390,474,1015,4312,4312,323,2004,2327,10951
9245,149,10,159,1947,2106,537,334,405,942,4212,4212,339,1947,2286,10710
9246,157,14,171,2021,2192,609,366,453,1062,4384,4384,373,2021,2394,11162
9247,153,10,163,1999,2162,574,416,521,1095,4324,4324,349,1999,2348,10996
9248,159,7,166,2045,2211,545,412,488,1033,4422,4422,342,2045,2387,11231
9249,146,15,161,2046,2207,550,358,440,990,4414,4414,351,2046,2397,11225
9250,155,10,165,2061,2226,552,376,462,1014,4452,4452,348,2061,2409,11313
9251,153,12,165,2019,2184,576,394,490,1066,4368,4368,347,2019,2366,11102
9252,139,10,149,2037,2186,486,375,460,946,4372,4372,317,2037,2354,11098
9253,154,13,167,1987,2154,591,352,426,1017,4308,4308,361,1987,2348,10964
9254,174,4,178,2020,2198,561,360,436,997,4396,4396,363,2020,2383,11175
9255,153,10,163,1977,2140,596,384,466,1062,4280,4280,348,1977,2325,10885
9256,161,9,170,2059,2229,586,382,472,1058,4458,4458,362,2059,2421,11337
9257,142,12,154,2017,2171,523,380,457,980,4342,4342,332,2017,2349,11033
9258,137,16,153,2054,2207,540,407,504,1044,4414,4414,342,2054,2396,11224
9259,139,8,147,2048,2195,481,394,480,961,4390,4390,308,2048,2356,11136
9260,150,6,156,2025,2181,527,409,509,1036,4362,4362,325,2025,2350,11074
9261,171,18,189,2140,2329,653,441,549,1202,4658,4658,406,2140,2546,11862
9262,122,12,134,2035,2169,464,365,435,899,4338,4338,289,2035,2324,11000
9263,156,12,168,2038,2206,563,402,487,1050,4412,4412,360,2038,2398,11222
9264,155,10,165,1984,2149,581,350,424,1005,4298,4298,348,1984,2332,10928
9265,158,8,166,2005,2171,542,390,484,1026,4342,4342,345,2005,2350,11034
9266,146,11,157,2040,2197,529,373,449,978,4394,4394,332,2040,2372,11160
9267,144,11,155,2033,2188,525,409,497,1022,4376,4376,330,2033,2363,11115
9268,175,13,188,2095,2283,635,418,501,1136,4566,4566,398,2095,2493,11625
9269,154,6,160,2101,2261,544,402,484,1028,4522,4522,334,2101,2435,11479
9270,153,10,163,2023,2186,592,377,451,1043,4372,4372,354,2023,2377,11121
9271,139,12,151,2098,2249,530,428,530,1060,4498,4498,332,2098,2430,11426
9272,179,5,184,2005,2189,629,346,413,1042,4378,4378,379,2005,2384,11140
9273,161,13,174,2064,2238,625,399,479,1104,4476,4476,378,2064,2442,11394
9274,131,12,143,2063,2206,499,409,506,1005,4412,4412,308,2063,2371,11195
9275,156,10,166,2077,2243,566,376,452,1018,4486,4486,345,2077,2422,11394
9276,153,8,161,1997,2158,575,352,421,996,4316,4316,338,1997,2335,10967
9277,164,11,175,2087,2262,555,397,482,1037,4524,4524,366,2087,2453,11501
9278,140,4,144,1991,2135,458,393,487,945,4270,4270,293,1991,2284,10824
9279,160,17,177,2123,2300,615,396,481,1096,4600,4600,384,2123,2507,11707
9280,175,11,186,1993,2179,620,369,439,1059,4358,4358,391,1993,2384,11100
9281,170,7,177,2094,2271,576,436,534,1110,4542,4542,368,2094,2462,11546
9282,134,13,147,2041,2188,501,380,468,969,4376,4376,316,2041,2357,11109
9283,169,11,180,2006,2186,609,380,472,1081,4372,4372,376,2006,2382,11126
9284,154,8,162,2009,2171,527,407,504,1031,4342,4342,335,2009,2344,11028
9285,160,10,170,2120,2290,559,396,474,1033,4580,4580,356,2120,2476,11636
9286,156,13,169,2036,2205,597,367,454,1051,4410,4410,361,2036,2397,11217
9287,159,8,167,2008,2175,557,382,462,1019,4350,4350,352,2008,2360,11060
9288,154,8,162,2105,2267,570,409,490,1060,4534,4534,335,2105,2440,11508
9289,153,10,163,1999,2162,511,380,467,978,4324,4324,343,1999,2342,10990
9290,135,10,145,2052,2197,473,391,463,936,4394,4394,302,2052,2354,11142
9291,138,6,144,1998,2142,465,365,449,914,4284,4284,306,1998,2304,10872
9292,136,14,150,2064,2214,507,375,456,963,4428,4428,325,2064,2389,11245
9293,153,12,165,2083,2248,556,414,502,1058,4496,4496,361,2083,2444,11436
9294,138,11,149,2022,2171,507,381,464,971,4342,4342,321,2022,2343,11027
9295,157,12,169,2007,2176,569,402,493,1062,4352,4352,357,2007,2364,11068
9296,161,11,172,2075,2247,604,403,485,1089,4494,4494,370,2075,2445,11433
9297,144,13,157,1989,2146,592,386,480,1072,4292,4292,347,1989,2336,10920
9298,157,12,169,2110,2279,602,380,462,1064,4558,4558,364,2110,2474,11590
9299,148,13,161,2019,2180,503,409,499,1002,4360,4360,347,2019,2366,11086
9300,143,8,151,2025,2176,506,373,450,956,4352,4352,318,2025,2343,11047
9301,139,7,146,2043,2189,464,403,491,955,4378,4378,303,2043,2346,11102
9302,157,18,175,2121,2296,610,381,463,1073,4592,4592,385,2121,2506,11690
9303,172,10,182,2035,2217,594,384,470,1064,4434,4434,390,2035,2425,11293
9304,161,7,168,2089,2257,556,384,476,1032,4514,4514,348,2089,2437,11465
9305,143,17,160,2065,2225,561,422,517,1078,4450,4450,360,2065,2425,11325
9306,152,13,165,1993,2158,584,345,432,1016,4316,4316,355,1993,2348,10980
9307,157,13,170,2075,2245,599,413,506,1105,4490,4490,368,2075,2443,11423
9308,158,13,171,2023,2194,613,399,475,1088,4388,4388,370,2023,2393,11169
9309,127,9,136,2046,2182,469,404,498,967,4364,4364,289,2046,2335,11063
9310,133,8,141,2031,2172,464,382,461,925,4344,4344,297,2031,2328,11016
9311,174,11,185,2005,2190,606,378,455,1061,4380,4380,391,2005,2396,11156
9312,131,12,143,1991,2134,500,363,435,935,4268,4268,309,1991,2300,10836
9313,167,12,179,1995,2174,608,432,526,1134,4348,4348,379,1995,2374,11070
9314,161,10,171,2011,2182,579,362,445,1024,4364,4364,361,2011,2372,11100
9315,136,10,146,2002,2148,498,397,484,982,4296,4296,315,2002,2317,10909
9316,143,10,153,2039,2192,487,385,478,965,4384,4384,322,2039,2361,11129
9317,156,12,168,2039,2207,583,390,474,1057,4414,4414,354,2039,2393,11221
9318,150,11,161,2010,2171,529,365,439,968,4342,4342,344,2010,2354,11038
9319,140,10,150,2080,2230,494,393,468,962,4460,4460,320,2080,2400,11320
9320,138,12,150,2036,2186,484,365,437,921,4372,4372,322,2036,2358,11102
9321,157,12,169,2009,2178,615,384,464,1079,4356,4356,367,2009,2376,11088
9322,159,10,169,2100,2269,511,398,482,993,4538,4538,353,2100,2453,11529
9323,141,5,146,2017,2163,440,356,439,879,4326,4326,298,2017,2315,10967
9324,152,9,161,2003,2164,577,377,456,1033,4328,4328,334,2003,2337,10993
9325,162,6,168,2035,2203,540,410,491,1031,4406,4406,344,2035,2379,11191
9326,152,5,157,2042,2199,520,374,472,992,4398,4398,322,2042,2364,11160
9327,143,10,153,2147,2300,506,425,529,1035,4600,4600,323,2147,2470,11670
9328,158,13,171,2004,2175,590,371,457,1047,4350,4350,366,2004,2370,11070
9329,168,10,178,2047,2225,583,397,480,1063,4450,4450,379,2047,2426,11326
9330,134,7,141,2033,2174,439,384,458,897,4348,4348,294,2033,2327,11023
9331,138,11,149,2065,2214,566,408,486,1052,4428,4428,321,2065,2386,11242
9332,147,10,157,2041,2198,510,343,421,931,4396,4396,331,2041,2372,11164
9333,153,10,163,2079,2242,564,412,495,1059,4484,4484,348,2079,2427,11395
9334,166,7,173,2009,2182,529,386,457,986,4364,4364,358,2009,2367,11095
9335,152,10,162,1989,2151,571,370,437,1008,4302,4302,343,1989,2332,10936
9336,149,9,158,1987,2145,523,368,466,989,4290,4290,333,1987,2320,10900
9337,156,8,164,2047,2211,545,394,485,1030,4422,4422,340,2047,2387,11231
9338,154,10,164,2013,2177,522,388,479,1001,4354,4354,344,2013,2357,11065
9339,156,13,169,2011,2180,607,382,462,1069,4360,4360,360,2011,2371,11091
9340,141,12,153,2114,2267,531,392,483,1014,4534,4534,324,2114,2438,11506
9341,154,9,163,2003,2166,571,386,454,1025,4332,4332,348,2003,2351,11015
9342,150,11,161,2050,2211,624,402,482,1106,4422,4422,343,2050,2393,11237
9343,154,7,161,2076,2237,510,388,484,994,4474,4474,337,2076,2413,11361
9344,142,4,146,1999,2145,456,406,480,936,4290,4290,300,1999,2299,10879
9345,161,9,170,2014,2184,580,416,501,1081,4368,4368,356,2014,2370,11106
9346,157,15,172,1997,2169,617,380,461,1078,4338,4338,378,1997,2375,11051
9347,149,7,156,2088,2244,547,413,502,1049,4488,4488,328,2088,2416,11392
9348,115,14,129,1965,2094,429,377,467,896,4188,4188,276,1965,2241,10617
9349,171,4,175,2029,2204,593,383,476,1069,4408,4408,356,2029,2385,11201
9350,159,12,171,2063,2234,568,369,446,1014,4468,4468,360,2063,2423,11359
9351,158,8,166,2024,2190,530,373,446,976,4380,4380,345,2024,2369,11129
9352,142,9,151,1993,2144,490,387,482,972,4288,4288,318,1993,2311,10887
9353,149,9,158,1967,2125,511,337,420,931,4250,4250,337,1967,2304,10804
9354,152,10,162,1997,2159,502,387,468,970,4318,4318,340,1997,2337,10973
9355,145,13,158,2047,2205,538,391,476,1014,4410,4410,341,2047,2388,11208
9356,139,11,150,2056,2206,526,366,435,961,4412,4412,320,2056,2376,11200
9357,159,9,168,1997,2165,578,395,479,1057,4330,4330,351,1997,2348,11008
9358,151,7,158,2043,2201,532,375,451,983,4402,4402,325,2043,2368,11172
9359,178,6,184,2104,2288,620,412,505,1125,4576,4576,381,2104,2485,11637
9360,159,5,164,2105,2269,500,410,495,995,4538,4538,337,2105,2442,11518
9361,141,9,150,2070,2220,474,418,522,996,4440,4440,315,2070,2385,11265
9362,181,12,193,2028,2221,639,403,495,1134,4442,4442,414,2028,2442,11326
9363,164,7,171,1964,2135,573,384,458,1031,4270,4270,356,1964,2320,10860
9364,149,19,168,2070,2238,581,386,475,1056,4476,4476,377,2070,2447,11399
9365,141,11,152,1974,2126,533,373,445,978,4252,4252,327,1974,2301,10805
9366,177,15,192,1985,2177,663,382,455,1118,4354,4354,416,1985,2401,11109
9367,157,10,167,2016,2183,561,365,454,1015,4366,4366,358,2016,2374,11106
9368,149,7,156,1999,2155,522,382,474,996,4310,4310,328,1999,2327,10947
9369,153,13,166,1990,2156,559,365,441,1000,4312,4312,357,1990,2347,10971
9370,170,6,176,1978,2154,596,396,478,1074,4308,4308,363,1978,2341,10957
9371,167,9,176,2028,2204,589,361,447,1036,4408,4408,366,2028,2394,11210
9372,150,9,159,2041,2200,530,416,517,1047,4400,4400,339,2041,2380,11180
9373,153,12,165,2032,2197,574,378,450,1024,4394,4394,358,2032,2390,11178
9374,143,11,154,2063,2217,497,424,510,1007,4434,4434,334,2063,2397,11265
9375,153,12,165,1969,2134,584,380,464,1048,4268,4268,351,1969,2320,10856
9376,146,13,159,2001,2160,553,392,497,1050,4320,4320,347,2001,2348,10988
9377,161,18,179,1950,2129,580,359,444,1024,4258,4258,389,1950,2339,10855
9378,140,7,147,2028,2175,492,365,440,932,4350,4350,302,2028,2330,11030
9379,151,6,157,1984,2141,536,371,456,992,4282,4282,326,1984,2310,10874
9380,158,10,168,2092,2260,556,364,448,1004,4520,4520,351,2092,2443,11483
9381,159,15,174,2061,2235,604,394,477,1081,4470,4470,378,2061,2439,11379
9382,156,13,169,1988,2157,574,373,452,1026,4314,4314,369,1988,2357,10985
9383,150,9,159,1981,2140,542,395,489,1031,4280,4280,331,1981,2312,10872
9384,167,4,171,2041,2212,557,397,481,1038,4424,4424,353,2041,2394,11242
9385,129,6,135,2044,2179,471,359,435,906,4358,4358,288,2044,2332,11048
9386,157,12,169,1999,2168,587,359,448,1035,4336,4336,365,1999,2364,11036
9387,181,12,193,2033,2226,652,397,479,1131,4452,4452,414,2033,2447,11351
9388,166,11,177,2045,2222,575,351,434,1009,4444,4444,373,2045,2418,11306
9389,159,9,168,2052,2220,574,400,487,1061,4440,4440,354,2052,2406,11286
9390,160,6,166,1990,2156,576,379,458,1034,4312,4312,344,1990,2334,10958
9391,164,12,176,2096,2272,596,381,449,1045,4544,4544,374,2096,2470,11558
9392,149,13,162,2022,2184,574,375,470,1044,4368,4368,352,2022,2374,11110
9393,147,10,157,2008,2165,515,368,436,951,4330,4330,341,2008,2349,11009
9394,166,10,176,2061,2237,566,403,483,1049,4474,4474,376,2061,2437,11385
9395,143,11,154,2090,2244,483,402,481,964,4488,4488,327,2090,2417,11393
9396,144,8,152,2065,2217,515,403,486,1001,4434,4434,316,2065,2381,11249
9397,155,15,170,1998,2168,616,399,495,1111,4336,4336,369,1998,2367,11039
9398,158,14,172,2063,2235,558,370,454,1012,4470,4470,370,2063,2433,11373
9399,157,11,168,2071,2239,616,375,454,1070,4478,4478,360,2071,2431,11387
9400,149,6,155,1988,2143,502,391,474,976,4286,4286,327,1988,2315,10887
9401,147,5,152,1989,2141,515,368,439,954,4282,4282,311,1989,2300,10864
9402,162,14,176,1990,2166,625,359,445,1070,4332,4332,373,1990,2363,11027
9403,154,10,164,2010,2174,567,345,427,994,4348,4348,351,2010,2361,11057
9404,150,13,163,2057,2220,585,420,513,1098,4440,4440,355,2057,2412,11292
9405,149,9,158,2039,2197,537,372,450,987,4394,4394,326,2039,2365,11153
9406,149,14,163,2046,2209,588,339,413,1001,4418,4418,354,2046,2400,11236
9407,144,9,153,2020,2173,509,359,435,944,4346,4346,323,2020,2343,11035
9408,151,15,166,2065,2231,573,377,473,1046,4462,4462,366,2065,2431,11355
9409,144,6,150,2020,2170,509,385,459,968,4340,4340,312,2020,2332,11012
9410,149,10,159,2040,2199,510,410,509,1019,4398,4398,337,2040,2377,11173
9411,179,11,190,2022,2212,640,374,447,1087,4424,4424,411,2022,2433,11281
9412,145,11,156,1999,2155,543,374,450,993,4310,4310,330,1999,2329,10949
9413,142,8,150,2000,2150,476,398,494,970,4300,4300,318,2000,2318,10918
9414,134,12,146,2013,2159,523,384,478,1001,4318,4318,318,2013,2331,10967
9415,138,6,144,2090,2234,472,393,481,953,4468,4468,306,2090,2396,11332
9416,164,5,169,2052,2221,549,349,431,980,4442,4442,348,2052,2400,11284
9417,152,11,163,2089,2252,569,390,471,1040,4504,4504,342,2089,2431,11439
9418,143,19,162,1973,2135,608,402,488,1096,4270,4270,365,1973,2338,10878
9419,139,6,145,2042,2187,472,389,478,950,4374,4374,300,2042,2342,11090
9420,179,12,191,2106,2297,680,381,451,1131,4594,4594,410,2106,2516,11704
9421,133,12,145,2002,2147,460,379,465,925,4294,4294,310,2002,2312,10900
9422,156,12,168,2016,2184,549,367,450,999,4368,4368,359,2016,2375,11111
9423,145,8,153,2100,2253,497,387,467,964,4506,4506,322,2100,2422,11434
9424,140,12,152,2090,2242,512,391,476,988,4484,4484,328,2090,2418,11386
9425,151,11,162,1979,2141,540,378,454,994,4282,4282,349,1979,2328,10892
9426,143,8,151,2036,2187,528,376,446,974,4374,4374,312,2036,2348,11096
9427,146,10,156,1977,2133,523,361,436,959,4266,4266,334,1977,2311,10843
9428,153,7,160,2069,2229,553,383,462,1015,4458,4458,341,2069,2410,11326
9429,151,9,160,2040,2200,542,404,495,1037,4400,4400,335,2040,2375,11175
9430,161,11,172,2091,2263,582,411,511,1093,4526,4526,366,2091,2457,11509
9431,148,11,159,2084,2243,582,386,474,1056,4486,4486,339,2084,2423,11395
9432,158,10,168,1993,2161,567,394,488,1055,4322,4322,358,1993,2351,10995
9433,168,10,178,2040,2218,618,379,466,1084,4436,4436,380,2040,2420,11292
9434,164,14,178,1973,2151,592,391,476,1068,4302,4302,383,1973,2356,10960
9435,150,10,160,2075,2235,538,386,456,994,4470,4470,338,2075,2413,11353
9436,169,9,178,1996,2174,620,369,456,1076,4348,4348,372,1996,2368,11064
9437,144,10,154,2034,2188,550,380,454,1004,4376,4376,328,2034,2362,11114
9438,150,12,162,1990,2152,543,354,424,967,4304,4304,348,1990,2338,10946
9439,148,8,156,2094,2250,534,388,467,1001,4500,4500,331,2094,2425,11425
9440,152,8,160,2018,2178,544,356,440,984,4356,4356,336,2018,2354,11066
9441,150,9,159,2022,2181,563,356,437,1000,4362,4362,338,2022,2360,11084
9442,151,6,157,1984,2141,486,347,418,904,4282,4282,322,1984,2306,10870
9443,155,19,174,2084,2258,622,427,528,1150,4516,4516,394,2084,2478,11510
9444,165,14,179,2038,2217,615,413,495,1110,4434,4434,384,2038,2422,11290
9445,153,6,159,2048,2207,526,390,474,1000,4414,4414,328,2048,2376,11204
9446,154,7,161,2002,2163,521,365,450,971,4326,4326,337,2002,2339,10991
9447,164,11,175,2054,2229,577,356,454,1031,4458,4458,374,2054,2428,11344
9448,163,12,175,2102,2277,595,414,509,1104,4554,4554,375,2102,2477,11585
9449,150,5,155,2094,2249,511,413,501,1012,4498,4498,325,2094,2419,11415
9450,161,10,171,2061,2232,605,400,483,1088,4464,4464,366,2061,2427,11355
9451,151,10,161,2046,2207,512,381,461,973,4414,4414,338,2046,2384,11212
9452,154,8,162,2068,2230,559,393,478,1037,4460,4460,342,2068,2410,11330
9453,153,6,159,1979,2138,533,396,486,1019,4276,4276,330,1979,2309,10861
9454,142,10,152,2115,2267,501,411,496,997,4534,4534,326,2115,2441,11509
9455,137,8,145,2168,2313,500,428,512,1012,4626,4626,307,2168,2475,11727
9456,147,11,158,1976,2134,532,410,500,1032,4268,4268,333,1976,2309,10845
9457,163,9,172,2003,2175,543,416,498,1041,4350,4350,359,2003,2362,11062
9458,162,12,174,2032,2206,601,341,413,1014,4412,4412,379,2032,2411,11235
9459,169,5,174,1979,2153,564,368,462,1026,4306,4306,358,1979,2337,10949
9460,183,11,194,2042,2236,637,397,482,1119,4472,4472,414,2042,2456,11400
9461,143,7,150,2082,2232,512,408,497,1009,4464,4464,321,2082,2403,11331
9462,148,6,154,2062,2216,508,362,455,963,4432,4432,319,2062,2381,11245
9463,141,7,148,2082,2230,492,375,450,942,4460,4460,308,2082,2390,11310
9464,141,13,154,1951,2105,544,374,465,1009,4210,4210,331,1951,2282,10702
9465,161,15,176,2007,2183,626,365,462,1088,4366,4366,378,2007,2385,11117
9466,151,8,159,1989,2148,497,364,458,955,4296,4296,332,1989,2321,10913
9467,151,14,165,1985,2150,575,392,466,1041,4300,4300,364,1985,2349,10949
9468,158,8,166,2052,2218,546,358,433,979,4436,4436,344,2052,2396,11268
9469,145,6,151,1982,2133,522,340,423,945,4266,4266,311,1982,2293,10825
9470,162,13,175,2045,2220,576,359,444,1020,4440,4440,377,2045,2422,11302
9471,149,10,159,1971,2130,538,366,443,981,4260,4260,343,1971,2314,10834
9472,142,13,155,2043,2198,530,404,492,1022,4396,4396,333,2043,2376,11168
9473,144,8,152,2008,2160,526,390,474,1000,4320,4320,318,2008,2326,10966
9474,139,13,152,2023,2175,526,411,490,1016,4350,4350,327,2023,2350,11050
9475,128,10,138,1979,2117,499,377,461,960,4234,4234,306,1979,2285,10753
9476,142,10,152,2044,2196,466,346,419,885,4392,4392,321,2044,2365,11149
9477,158,12,170,1999,2169,629,391,480,1109,4338,4338,375,1999,2374,11050
9478,163,6,169,2105,2274,565,381,453,1018,4548,4548,347,2105,2452,11548
9479,169,13,182,2047,2229,601,402,492,1093,4458,4458,394,2047,2441,11357
9480,133,17,150,1925,2075,544,370,462,1006,4150,4150,330,1925,2255,10555
9481,130,12,142,2027,2169,461,394,474,935,4338,4338,301,2027,2328,11004
9482,158,7,165,1960,2125,569,344,418,987,4250,4250,345,1960,2305,10805
9483,165,10,175,2039,2214,567,348,430,997,4428,4428,370,2039,2409,11265
9484,145,9,154,1914,2068,572,355,429,1001,4136,4136,329,1914,2243,10515
9485,161,4,165,2007,2172,543,358,435,978,4344,4344,338,2007,2345,11033
9486,144,6,150,2050,2200,522,421,520,1042,4400,4400,310,2050,2360,11160
9487,149,13,162,2091,2253,598,388,464,1062,4506,4506,355,2091,2446,11458
9488,170,7,177,2042,2219,616,375,458,1074,4438,4438,369,2042,2411,11287
9489,159,14,173,2049,2222,587,357,424,1011,4444,4444,371,2049,2420,11308
9490,156,9,165,2012,2177,536,376,460,996,4354,4354,345,2012,2357,11065
9491,153,12,165,2041,2206,602,384,469,1071,4412,4412,352,2041,2393,11217
9492,151,13,164,2042,2206,535,411,512,1047,4412,4412,349,2042,2391,11215
9493,151,9,160,2040,2200,549,370,461,1010,4400,4400,335,2040,2375,11175
9494,156,9,165,2090,2255,564,416,517,1081,4510,4510,347,2090,2437,11457
9495,151,5,156,2103,2259,513,387,480,993,4518,4518,321,2103,2424,11460
9496,151,5,156,2069,2225,515,418,519,1034,4450,4450,323,2069,2392,11292
9497,141,11,152,1988,2140,544,365,443,987,4280,4280,324,1988,2312,10872
9498,169,7,176,2061,2237,575,402,499,1074,4474,4474,371,2061,2432,11380
9499,124,10,134,1949,2083,480,361,457,937,4166,4166,290,1949,2239,10571
9500,155,9,164,2007,2171,529,350,432,961,4342,4342,344,2007,2351,11035
9501,164,15,179,2030,2209,615,360,444,1059,4418,4418,389,2030,2419,11255
9502,166,13,179,2030,2209,612,353,429,1041,4418,4418,378,2030,2408,11244
9503,144,9,153,1937,2090,534,343,419,953,4180,4180,326,1937,2263,10623
9504,145,12,157,2076,2233,549,377,467,1016,4466,4466,339,2076,2415,11347
9505,136,20,156,2012,2168,568,389,491,1059,4336,4336,353,2012,2365,11037
9506,127,12,139,2024,2163,485,371,462,947,4326,4326,300,2024,2324,10976
9507,153,10,163,2020,2183,541,349,417,958,4366,4366,343,2020,2363,11095
9508,153,13,166,2045,2211,584,387,492,1076,4422,4422,359,2045,2404,11248
9509,147,10,157,1920,2077,534,347,431,965,4154,4154,329,1920,2249,10557
9510,148,10,158,2062,2220,520,394,487,1007,4440,4440,334,2062,2396,11276
9511,151,9,160,2033,2193,520,356,428,948,4386,4386,334,2033,2367,11139
9512,160,7,167,2092,2259,557,403,492,1049,4518,4518,350,2092,2442,11478
9513,140,12,152,2020,2172,512,395,476,988,4344,4344,323,2020,2343,11031
9514,165,7,172,2057,2229,543,399,481,1024,4458,4458,353,2057,2410,11326
9515,145,14,159,1964,2123,554,368,455,1009,4246,4246,348,1964,2312,10804
9516,169,10,179,2025,2204,623,395,472,1095,4408,4408,378,2025,2403,11219
9517,143,10,153,2111,2264,539,415,499,1038,4528,4528,326,2111,2437,11493
9518,141,8,149,2072,2221,524,392,482,1006,4442,4442,318,2072,2390,11274
9519,148,12,160,2097,2257,525,382,461,986,4514,4514,342,2097,2439,11467
9520,157,12,169,2006,2175,578,392,476,1054,4350,4350,362,2006,2368,11068
9521,139,9,148,2028,2176,517,360,445,962,4352,4352,320,2028,2348,11052
9522,154,10,164,2093,2257,532,394,474,1006,4514,4514,346,2093,2439,11467
9523,149,9,158,2074,2232,547,427,522,1069,4464,4464,341,2074,2415,11343
9524,169,11,180,1992,2172,590,404,492,1082,4344,4344,374,1992,2366,11054
9525,136,10,146,2017,2163,486,404,497,983,4326,4326,311,2017,2328,10980
9526,138,14,152,2022,2174,542,346,432,974,4348,4348,332,2022,2354,11050
9527,158,7,165,1973,2138,546,352,424,970,4276,4276,350,1973,2323,10875
9528,150,11,161,2041,2202,564,410,487,1051,4404,4404,343,2041,2384,11192
9529,169,12,181,2077,2258,643,402,485,1128,4516,4516,385,2077,2462,11494
9530,133,8,141,2014,2155,489,375,473,962,4310,4310,296,2014,2310,10930
9531,157,6,163,2060,2223,533,384,463,996,4446,4446,339,2060,2399,11291
9532,146,16,162,2062,2224,572,393,476,1048,4448,4448,351,2062,2413,11309
9533,133,10,143,2028,2171,486,390,476,962,4342,4342,307,2028,2335,11019
9534,150,5,155,2052,2207,489,370,443,932,4414,4414,317,2052,2369,11197
9535,152,7,159,2028,2187,536,363,439,975,4374,4374,330,2028,2358,11106
9536,154,6,160,2065,2225,535,391,481,1016,4450,4450,331,2065,2396,11296
9537,159,9,168,2056,2224,554,371,451,1005,4448,4448,355,2056,2411,11307
9538,149,10,159,2048,2207,526,384,460,986,4414,4414,343,2048,2391,11219
9539,153,7,160,2013,2173,542,421,512,1054,4346,4346,338,2013,2351,11043
9540,141,13,154,1928,2082,556,382,469,1025,4164,4164,343,1928,2271,10599
9541,140,10,150,2022,2172,510,381,462,972,4344,4344,319,2022,2341,11029
9542,135,14,149,2053,2202,534,378,484,1018,4404,4404,323,2053,2376,11184
9543,148,10,158,2008,2166,541,381,466,1007,4332,4332,335,2008,2343,11007
9544,143,9,152,1966,2118,534,398,477,1011,4236,4236,327,1966,2293,10765
9545,137,10,147,2033,2180,474,407,499,973,4360,4360,310,2033,2343,11063
9546,149,6,155,2015,2170,483,394,492,975,4340,4340,319,2015,2334,11014
9547,135,12,147,1977,2124,529,373,458,987,4248,4248,317,1977,2294,10790
9548,136,7,143,2041,2184,475,381,468,943,4368,4368,296,2041,2337,11073
9549,149,9,158,2060,2218,504,405,497,1001,4436,4436,334,2060,2394,11266
9550,161,10,171,2012,2183,591,391,483,1074,4366,4366,364,2012,2376,11108
9551,154,12,166,2068,2234,592,415,507,1099,4468,4468,354,2068,2422,11358
9552,142,8,150,2006,2156,493,377,443,936,4312,4312,316,2006,2322,10946
9553,150,22,172,2053,2225,583,398,483,1066,4450,4450,384,2053,2437,11337
9554,170,12,182,2023,2205,637,399,486,1123,4410,4410,391,2023,2414,11234
9555,142,9,151,2128,2279,546,393,488,1034,4558,4558,323,2128,2451,11567
9556,155,5,160,1989,2149,508,375,455,963,4298,4298,329,1989,2318,10914
9557,145,14,159,2026,2185,547,366,440,987,4370,4370,343,2026,2369,11109
9558,166,9,175,1949,2124,602,372,459,1061,4248,4248,370,1949,2319,10815
9559,170,14,184,2032,2216,622,359,441,1063,4432,4432,397,2032,2429,11293
9560,134,8,142,2062,2204,482,388,477,959,4408,4408,300,2062,2362,11178
9561,174,11,185,2084,2269,626,372,457,1083,4538,4538,388,2084,2472,11548
9562,142,13,155,1930,2085,546,397,481,1027,4170,4170,333,1930,2263,10603
9563,170,9,179,2065,2244,632,386,461,1093,4488,4488,375,2065,2440,11416
9564,165,14,179,2062,2241,660,378,459,1119,4482,4482,386,2062,2448,11412
9565,159,8,167,1989,2156,580,379,472,1052,4312,4312,357,1989,2346,10970
9566,152,5,157,2045,2202,478,403,487,965,4404,4404,324,2045,2369,11177
9567,147,5,152,2020,2172,524,360,440,964,4344,4344,313,2020,2333,11021
9568,155,13,168,2079,2247,600,402,478,1078,4494,4494,363,2079,2442,11430
9569,129,9,138,2076,2214,411,370,447,858,4428,4428,294,2076,2370,11226
9570,132,8,140,2038,2178,501,389,470,971,4356,4356,299,2038,2337,11049
9571,151,12,163,1953,2116,590,375,479,1069,4232,4232,350,1953,2303,10767
9572,156,12,168,2106,2274,575,404,488,1063,4548,4548,357,2106,2463,11559
9573,134,9,143,2049,2192,483,365,446,929,4384,4384,307,2049,2356,11124
9574,129,7,136,2048,2184,439,386,480,919,4368,4368,286,2048,2334,11070
9575,157,10,167,2108,2275,558,389,475,1033,4550,4550,353,2108,2461,11561
9576,166,8,174,2035,2209,596,394,487,1083,4418,4418,365,2035,2400,11236
9577,157,15,172,2030,2202,616,395,494,1110,4404,4404,372,2030,2402,11210
9578,134,6,140,1999,2139,467,399,488,955,4278,4278,293,1999,2292,10848
9579,175,14,189,2000,2189,621,380,471,1092,4378,4378,406,2000,2406,11162
9580,139,11,150,1996,2146,480,376,460,940,4292,4292,326,1996,2322,10906
9581,149,11,160,2053,2213,531,385,468,999,4426,4426,338,2053,2391,11243
9582,139,12,151,1961,2112,514,395,472,986,4224,4224,322,1961,2283,10731
9583,152,7,159,2030,2189,478,374,466,944,4378,4378,331,2030,2361,11117
9584,134,15,149,2144,2293,529,387,478,1007,4586,4586,325,2144,2469,11641
9585,160,6,166,2026,2192,539,384,465,1004,4384,4384,342,2026,2368,11136
9586,164,11,175,2074,2249,587,371,453,1040,4498,4498,370,2074,2444,11440
9587,155,12,167,2055,2222,551,405,500,1051,4444,4444,362,2055,2417,11305
9588,161,9,170,1963,2133,573,356,443,1016,4266,4266,355,1963,2318,10850
9589,159,10,169,2109,2278,542,398,481,1023,4556,4556,361,2109,2470,11582
9590,161,11,172,1993,2165,577,374,464,1041,4330,4330,373,1993,2366,11026
9591,158,7,165,1918,2083,539,369,447,986,4166,4166,345,1918,2263,10595
9592,157,14,171,2070,2241,549,396,483,1032,4482,4482,374,2070,2444,11408
9593,166,14,180,1964,2144,629,389,481,1110,4288,4288,392,1964,2356,10932
9594,157,11,168,2092,2260,580,401,495,1075,4520,4520,358,2092,2450,11490
9595,140,12,152,2032,2184,544,408,502,1046,4368,4368,325,2032,2357,11093
9596,149,11,160,2011,2171,573,388,475,1048,4342,4342,342,2011,2353,11037
9597,157,14,171,1979,2150,606,372,457,1063,4300,4300,368,1979,2347,10947
9598,147,12,159,2003,2162,572,378,466,1038,4324,4324,340,2003,2343,10991
9599,148,12,160,1979,2139,560,385,465,1025,4278,4278,342,1979,2321,10877
9600,160,8,168,1980,2148,574,386,468,1042,4296,4296,353,1980,2333,10925
9601,128,6,134,2049,2183,451,397,470,921,4366,4366,278,2049,2327,11059
9602,136,16,152,1975,2127,549,377,451,1000,4254,4254,335,1975,2310,10818
9603,167,15,182,2028,2210,688,405,496,1184,4420,4420,390,2028,2418,11258
9604,150,12,162,2055,2217,601,411,484,1085,4434,4434,355,2055,2410,11278
9605,171,9,180,1914,2094,594,332,410,1004,4188,4188,378,1914,2292,10668
9606,143,7,150,1993,2143,526,369,457,983,4286,4286,312,1993,2305,10877
9607,156,10,166,1979,2145,570,381,460,1030,4290,4290,354,1979,2333,10913
9608,153,8,161,2069,2230,543,390,481,1024,4460,4460,337,2069,2406,11326
9609,154,5,159,2041,2200,556,382,478,1034,4400,4400,330,2041,2371,11171
9610,141,14,155,2012,2167,544,399,491,1035,4334,4334,337,2012,2349,11017
9611,161,10,171,1947,2118,572,369,459,1031,4236,4236,370,1947,2317,10789
9612,144,6,150,2022,2172,527,352,416,943,4344,4344,311,2022,2333,11021
9613,133,15,148,2018,2166,488,384,471,959,4332,4332,331,2018,2349,11013
9614,137,10,147,2113,2260,514,419,504,1018,4520,4520,308,2113,2421,11461
9615,156,8,164,2085,2249,556,384,470,1026,4498,4498,339,2085,2424,11420
9616,141,9,150,1952,2102,469,384,468,937,4204,4204,323,1952,2275,10683
9617,153,12,165,1947,2112,561,378,456,1017,4224,4224,356,1947,2303,10751
9618,143,13,156,2076,2232,579,397,487,1066,4464,4464,344,2076,2420,11348
9619,135,11,146,2046,2192,510,421,510,1020,4384,4384,319,2046,2365,11133
9620,134,8,142,1950,2092,470,373,459,929,4184,4184,299,1950,2249,10617
9621,150,11,161,2091,2252,548,410,490,1038,4504,4504,343,2091,2434,11442
9622,138,14,152,1983,2135,535,347,417,952,4270,4270,334,1983,2317,10857
9623,130,8,138,1975,2113,477,375,456,933,4226,4226,292,1975,2267,10719
9624,148,10,158,1969,2127,522,363,437,959,4254,4254,333,1969,2302,10810
9625,144,14,158,2023,2181,562,384,480,1042,4362,4362,344,2023,2367,11091
9626,176,13,189,1966,2155,650,415,504,1154,4310,4310,405,1966,2371,10991
9627,142,9,151,2124,2275,522,413,504,1026,4550,4550,321,2124,2445,11545
9628,146,13,159,1991,2150,535,341,418,953,4300,4300,347,1991,2338,10938
9629,164,8,172,1989,2161,571,362,439,1010,4322,4322,357,1989,2346,10990
9630,182,11,193,2064,2257,623,384,470,1093,4514,4514,414,2064,2478,11506
9631,141,10,151,2054,2205,529,404,498,1027,4410,4410,323,2054,2377,11197
9632,164,7,171,2053,2224,604,394,489,1093,4448,4448,354,2053,2407,11303
9633,154,11,165,2114,2279,573,389,484,1057,4558,4558,353,2114,2467,11583
9634,150,16,166,2048,2214,546,414,500,1046,4428,4428,360,2048,2408,11264
9635,159,12,171,2034,2205,607,394,492,1099,4410,4410,370,2034,2404,11224
9636,144,15,159,2050,2209,594,387,468,1062,4418,4418,350,2050,2400,11236
9637,140,11,151,2008,2159,530,391,484,1014,4318,4318,327,2008,2335,10971
9638,164,18,182,1959,2141,658,374,459,1117,4282,4282,396,1959,2355,10919
9639,156,7,163,2057,2220,552,413,505,1057,4440,4440,334,2057,2391,11271
9640,147,8,155,2081,2236,510,375,455,965,4472,4472,334,2081,2415,11359
9641,158,7,165,2053,2218,515,376,463,978,4436,4436,344,2053,2397,11269
9642,142,4,146,2121,2267,467,379,458,925,4534,4534,302,2121,2423,11491
9643,145,9,154,2055,2209,508,393,479,987,4418,4418,325,2055,2380,11216
9644,137,13,150,2047,2197,492,397,485,977,4394,4394,328,2047,2375,11163
9645,148,9,157,2077,2234,521,407,488,1009,4468,4468,330,2077,2407,11343
9646,159,6,165,2035,2200,531,393,481,1012,4400,4400,342,2035,2377,11177
9647,150,10,160,2007,2167,576,348,408,984,4334,4334,343,2007,2350,11018
9648,133,5,138,2041,2179,444,335,419,863,4358,4358,283,2041,2324,11040
9649,160,6,166,2148,2314,525,413,493,1018,4628,4628,342,2148,2490,11746
9650,159,7,166,2017,2183,544,373,457,1001,4366,4366,344,2017,2361,11093
9651,151,4,155,1972,2127,510,382,473,983,4254,4254,319,1972,2291,10799
9652,139,10,149,2007,2156,513,402,500,1013,4312,4312,321,2007,2328,10952
9653,190,9,199,2014,2213,642,382,471,1113,4426,4426,415,2014,2429,11281
9654,150,9,159,2011,2170,553,384,463,1016,4340,4340,342,2011,2353,11033
9655,157,10,167,2130,2297,591,391,484,1075,4594,4594,355,2130,2485,11673
9656,161,16,177,2030,2207,637,388,469,1106,4414,4414,395,2030,2425,11253
9657,180,13,193,2053,2246,660,385,471,1131,4492,4492,412,2053,2465,11449
9658,149,9,158,2037,2195,512,384,466,978,4390,4390,330,2037,2367,11147
9659,163,8,171,2047,2218,541,409,483,1024,4436,4436,358,2047,2405,11277
9660,155,7,162,2017,2179,568,376,447,1015,4358,4358,336,2017,2353,11069
9661,161,12,173,2032,2205,599,368,451,1050,4410,4410,371,2032,2403,11223
9662,148,12,160,2022,2182,536,407,506,1042,4364,4364,343,2022,2365,11093
9663,149,6,155,2047,2202,505,389,463,968,4404,4404,321,2047,2368,11176
9664,150,9,159,2057,2216,543,393,474,1017,4432,4432,338,2057,2395,11259
9665,133,8,141,2044,2185,468,379,469,937,4370,4370,298,2044,2342,11082
9666,143,14,157,2038,2195,541,399,496,1037,4390,4390,332,2038,2370,11150
9667,152,15,167,1990,2157,592,383,468,1060,4314,4314,359,1990,2349,10977
9668,143,7,150,2062,2212,538,388,468,1006,4424,4424,317,2062,2379,11227
9669,156,8,164,1965,2129,549,400,496,1045,4258,4258,345,1965,2310,10826
9670,158,8,166,2065,2231,580,357,426,1006,4462,4462,346,2065,2411,11335
9671,134,10,144,2032,2176,516,389,484,1000,4352,4352,305,2032,2337,11041
9672,173,8,181,1976,2157,576,345,423,999,4314,4314,379,1976,2355,10983
9673,159,5,164,2031,2195,540,390,478,1018,4390,4390,338,2031,2369,11149
9674,163,10,173,1964,2137,599,384,463,1062,4274,4274,369,1964,2333,10881
9675,169,14,183,2048,2231,653,395,474,1127,4462,4462,397,2048,2445,11369
9676,166,9,175,1966,2141,573,363,439,1012,4282,4282,372,1966,2338,10902
9677,149,7,156,2037,2193,526,372,461,987,4386,4386,323,2037,2360,11132
9678,154,12,166,1982,2148,572,359,433,1005,4296,4296,354,1982,2336,10928
9679,162,10,172,2055,2227,587,368,450,1037,4454,4454,361,2055,2416,11324
9680,150,11,161,1994,2155,518,344,434,952,4310,4310,337,1994,2331,10951
9681,177,16,193,2061,2254,678,405,481,1159,4508,4508,411,2061,2472,11488
9682,151,15,166,2024,2190,591,359,434,1025,4380,4380,370,2024,2394,11154
9683,175,7,182,2107,2289,589,406,498,1087,4578,4578,374,2107,2481,11637
9684,153,11,164,2024,2188,534,434,516,1050,4376,4376,348,2024,2372,11124
9685,148,12,160,1989,2149,540,368,453,993,4298,4298,341,1989,2330,10926
9686,151,10,161,2011,2172,552,362,448,1000,4344,4344,337,2011,2348,11036
9687,160,10,170,2045,2215,543,401,500,1043,4430,4430,362,2045,2407,11267
9688,155,14,169,2097,2266,582,398,489,1071,4532,4532,363,2097,2460,11524
9689,154,9,163,2092,2255,531,389,477,1008,4510,4510,347,2092,2439,11459
9690,155,8,163,2028,2191,533,427,527,1060,4382,4382,342,2028,2370,11134
9691,155,8,163,2146,2309,548,396,466,1014,4618,4618,341,2146,2487,11723
9692,157,9,166,2024,2190,561,389,487,1048,4380,4380,353,2024,2377,11137
9693,130,9,139,2059,2198,471,396,495,966,4396,4396,296,2059,2355,11147
9694,175,14,189,2095,2284,615,372,456,1071,4568,4568,401,2095,2496,11632
9695,148,9,157,1965,2122,532,405,501,1033,4244,4244,334,1965,2299,10787
9696,151,10,161,1999,2160,549,384,458,1007,4320,4320,339,1999,2338,10978
9697,147,14,161,2103,2264,541,398,485,1026,4528,4528,349,2103,2452,11508
9698,147,12,159,2000,2159,547,351,420,967,4318,4318,336,2000,2336,10972
9699,138,9,147,2102,2249,502,411,494,996,4498,4498,310,2102,2412,11408
9700,140,10,150,2003,2153,504,361,444,948,4306,4306,314,2003,2317,10929
9701,159,11,170,2037,2207,548,410,515,1063,4414,4414,357,2037,2394,11222
9702,167,11,178,1952,2130,603,389,479,1082,4260,4260,376,1952,2328,10848
9703,159,14,173,1986,2159,565,391,490,1055,4318,4318,372,1986,2358,10994
9704,163,8,171,2047,2218,580,373,467,1047,4436,4436,359,2047,2406,11278
9705,134,8,142,2009,2151,514,385,474,988,4302,4302,304,2009,2313,10917
9706,151,9,160,2049,2209,556,403,499,1055,4418,4418,340,2049,2389,11225
9707,168,14,182,2011,2193,606,375,483,1089,4386,4386,389,2011,2400,11172
9708,148,10,158,2058,2216,550,362,442,992,4432,4432,340,2058,2398,11262
9709,167,11,178,2109,2287,595,387,468,1063,4574,4574,380,2109,2489,11637
9710,152,11,163,2012,2175,579,337,414,993,4350,4350,353,2012,2365,11065
9711,150,11,161,2029,2190,557,413,502,1059,4380,4380,345,2029,2374,11134
9712,165,8,173,1988,2161,554,384,468,1022,4322,4322,361,1988,2349,10993
9713,150,17,167,2054,2221,552,395,487,1039,4442,4442,362,2054,2416,11300
9714,144,10,154,2048,2202,536,406,488,1024,4404,4404,326,2048,2374,11182
9715,137,10,147,2036,2183,533,391,476,1009,4366,4366,309,2036,2345,11077
9716,139,7,146,2058,2204,472,363,438,910,4408,4408,309,2058,2367,11183
9717,155,14,169,2005,2174,527,371,458,985,4348,4348,360,2005,2365,11061
9718,153,8,161,2094,2255,516,421,513,1029,4510,4510,335,2094,2429,11449
9719,161,9,170,1999,2169,571,394,483,1054,4338,4338,356,1999,2355,11031
9720,160,9,169,1968,2137,568,338,416,984,4274,4274,358,1968,2326,10874
9721,174,14,188,1999,2187,658,376,453,1111,4374,4374,411,1999,2410,11158
9722,162,15,177,2096,2273,619,385,470,1089,4546,4546,383,2096,2479,11571
9723,149,8,157,2060,2217,525,381,465,990,4434,4434,327,2060,2387,11255
9724,149,8,157,1976,2133,521,411,503,1024,4266,4266,333,1976,2309,10841
9725,152,7,159,2035,2194,529,430,528,1057,4388,4388,328,2035,2363,11139
9726,135,8,143,2062,2205,483,403,499,982,4410,4410,307,2062,2369,11189
9727,150,15,165,2062,2227,617,396,488,1105,4454,4454,357,2062,2419,11327
9728,158,5,163,2066,2229,561,378,457,1018,4458,4458,339,2066,2405,11321
9729,150,12,162,2053,2215,560,403,500,1060,4430,4430,351,2053,2404,11264
9730,155,11,166,1991,2157,577,347,428,1005,4314,4314,349,1991,2340,10968
9731,151,6,157,2022,2179,508,382,466,974,4358,4358,326,2022,2348,11064
9732,160,13,173,2023,2196,588,403,504,1092,4392,4392,378,2023,2401,11185
9733,133,16,149,2009,2158,529,377,460,989,4316,4316,333,2009,2342,10974
9734,145,6,151,2090,2241,497,402,479,976,4482,4482,312,2090,2402,11366
9735,151,14,165,2023,2188,627,384,478,1105,4376,4376,360,2023,2383,11135
9736,144,10,154,2167,2321,528,413,513,1041,4642,4642,329,2167,2496,11780
9737,161,7,168,2128,2296,545,387,474,1019,4592,4592,349,2128,2477,11661
9738,168,11,179,2086,2265,615,376,460,1075,4530,4530,375,2086,2461,11521
9739,159,7,166,2036,2202,525,370,471,996,4404,4404,343,2036,2379,11187
9740,148,13,161,2060,2221,533,377,459,992,4442,4442,339,2060,2399,11283
9741,153,11,164,2032,2196,553,387,484,1037,4392,4392,342,2032,2374,11158
9742,162,10,172,2017,2189,588,388,481,1069,4378,4378,364,2017,2381,11137
9743,152,11,163,2144,2307,524,412,498,1022,4614,4614,348,2144,2492,11720
9744,146,7,153,1953,2106,492,378,457,949,4212,4212,319,1953,2272,10696
9745,154,8,162,2057,2219,567,404,497,1064,4438,4438,344,2057,2401,11277
9746,170,9,179,2007,2186,615,399,492,1107,4372,4372,375,2007,2382,11126
9747,136,19,155,2028,2183,553,411,511,1064,4366,4366,342,2028,2370,11102
9748,149,9,158,1986,2144,518,408,490,1008,4288,4288,338,1986,2324,10900
9749,145,8,153,2006,2159,517,395,478,995,4318,4318,321,2006,2327,10963
9750,145,6,151,1972,2123,485,444,549,1034,4246,4246,313,1972,2285,10777
9751,157,8,165,2047,2212,544,404,499,1043,4424,4424,349,2047,2396,11244
9752,163,16,179,1994,2173,640,376,447,1087,4346,4346,384,1994,2378,11070
9753,152,16,168,2024,2192,569,395,478,1047,4384,4384,370,2024,2394,11162
9754,183,9,192,2084,2276,596,400,500,1096,4552,4552,399,2084,2483,11587
9755,148,9,157,2090,2247,542,380,433,975,4494,4494,330,2090,2420,11408
9756,166,10,176,1952,2128,569,364,446,1015,4256,4256,375,1952,2327,10839
9757,165,9,174,2014,2188,591,355,442,1033,4376,4376,360,2014,2374,11126
9758,162,13,175,2077,2252,614,424,513,1127,4504,4504,376,2077,2453,11461
9759,168,14,182,2009,2191,615,401,488,1103,4382,4382,390,2009,2399,11163
9760,129,11,140,2041,2181,475,409,488,963,4362,4362,306,2041,2347,11071
9761,139,13,152,2027,2179,509,389,478,987,4358,4358,334,2027,2361,11077
9762,153,15,168,2101,2269,536,378,455,991,4538,4538,365,2101,2466,11542
9763,135,9,144,2056,2200,515,388,479,994,4400,4400,310,2056,2366,11166
9764,149,7,156,2053,2209,520,374,461,981,4418,4418,327,2053,2380,11216
9765,142,8,150,1969,2119,540,371,458,998,4238,4238,320,1969,2289,10765
9766,136,10,146,2100,2246,495,382,458,953,4492,4492,317,2100,2417,11401
9767,144,6,150,2026,2176,498,392,477,975,4352,4352,309,2026,2335,11039
9768,171,11,182,2092,2274,617,393,484,1101,4548,4548,387,2092,2479,11575
9769,151,12,163,2010,2173,553,386,465,1018,4346,4346,355,2010,2365,11057
9770,158,7,165,1994,2159,533,390,458,991,4318,4318,344,1994,2338,10974
9771,140,13,153,1995,2148,544,377,453,997,4296,4296,327,1995,2322,10914
9772,156,9,165,1960,2125,549,371,444,993,4250,4250,351,1960,2311,10811
9773,149,9,158,2084,2242,546,405,501,1047,4484,4484,343,2084,2427,11395
9774,158,12,170,2042,2212,585,390,457,1042,4424,4424,360,2042,2402,11250
9775,151,9,160,2074,2234,552,385,475,1027,4468,4468,337,2074,2411,11347
9776,141,6,147,2090,2237,506,398,500,1006,4474,4474,307,2090,2397,11345
9777,153,12,165,2039,2204,585,405,481,1066,4408,4408,354,2039,2393,11209
9778,151,15,166,2066,2232,610,407,496,1106,4464,4464,368,2066,2434,11362
9779,180,18,198,2084,2282,710,407,492,1202,4564,4564,426,2084,2510,11638
9780,130,8,138,2002,2140,424,406,479,903,4280,4280,291,2002,2293,10853
9781,145,5,150,2066,2216,490,383,467,957,4432,4432,308,2066,2374,11238
9782,156,7,163,2058,2221,513,427,521,1034,4442,4442,342,2058,2400,11284
9783,144,12,156,2046,2202,527,405,499,1026,4404,4404,335,2046,2381,11189
9784,148,8,156,2043,2199,479,383,475,954,4398,4398,324,2043,2367,11163
9785,161,7,168,2029,2197,538,398,466,1004,4394,4394,352,2029,2381,11169
9786,145,10,155,1998,2153,547,394,466,1013,4306,4306,333,1998,2331,10943
9787,126,15,141,2096,2237,459,422,512,971,4474,4474,305,2096,2401,11349
9788,141,16,157,2091,2248,588,389,492,1080,4496,4496,342,2091,2433,11425
9789,144,5,149,2061,2210,486,415,506,992,4420,4420,309,2061,2370,11210
9790,146,8,154,2009,2163,518,395,493,1011,4326,4326,324,2009,2333,10985
9791,164,14,178,2053,2231,610,387,475,1085,4462,4462,384,2053,2437,11361
9792,165,14,179,2007,2186,655,392,482,1137,4372,4372,385,2007,2392,11136
9793,158,12,170,2100,2270,587,408,490,1077,4540,4540,360,2100,2460,11540
9794,162,8,170,1985,2155,590,377,475,1065,4310,4310,357,1985,2342,10962
9795,152,10,162,2080,2242,560,425,512,1072,4484,4484,349,2080,2429,11397
9796,158,16,174,2028,2202,604,398,488,1092,4404,4404,382,2028,2410,11218
9797,158,8,166,1941,2107,552,368,442,994,4214,4214,345,1941,2286,10714
9798,166,10,176,2056,2232,593,422,523,1116,4464,4464,370,2056,2426,11354
9799,149,6,155,2010,2165,530,402,488,1018,4330,4330,320,2010,2330,10990
9800,151,10,161,2039,2200,507,395,493,1000,4400,4400,343,2039,2382,11182
9801,172,11,183,2007,2190,605,400,500,1105,4380,4380,390,2007,2397,11157
9802,143,16,159,2035,2194,587,372,454,1041,4388,4388,358,2035,2393,11169
9803,154,9,163,2038,2201,549,426,509,1058,4402,4402,347,2038,2385,11189
9804,155,8,163,1985,2148,533,411,493,1026,4296,4296,340,1985,2325,10917
9805,136,15,151,2126,2277,528,400,488,1016,4554,4554,329,2126,2455,11563
9806,138,9,147,2037,2184,496,328,403,899,4368,4368,315,2037,2352,11088
9807,151,9,160,2105,2265,519,396,481,1000,4530,4530,331,2105,2436,11496
9808,151,10,161,2025,2186,572,366,446,1018,4372,4372,337,2025,2362,11106
9809,152,10,162,2115,2277,532,380,469,1001,4554,4554,346,2115,2461,11569
9810,147,11,158,2027,2185,552,368,443,995,4370,4370,344,2027,2371,11111
9811,168,11,179,2037,2216,626,380,460,1086,4432,4432,385,2037,2422,11286
9812,155,10,165,2085,2250,557,394,477,1034,4500,4500,355,2085,2440,11440
9813,159,9,168,2051,2219,565,367,444,1009,4438,4438,354,2051,2405,11281
9814,135,11,146,2007,2153,505,392,478,983,4306,4306,315,2007,2322,10934
9815,151,8,159,2030,2189,553,411,491,1044,4378,4378,338,2030,2368,11124
9816,134,7,141,2040,2181,453,371,466,919,4362,4362,297,2040,2337,11061
9817,138,11,149,2037,2186,522,396,481,1003,4372,4372,318,2037,2355,11099
9818,154,8,162,1953,2115,543,396,488,1031,4230,4230,344,1953,2297,10757
9819,179,11,190,2070,2260,655,385,461,1116,4520,4520,401,2070,2471,11511
9820,149,12,161,1954,2115,530,385,472,1002,4230,4230,342,1954,2296,10756
9821,151,9,160,2055,2215,555,392,483,1038,4430,4430,334,2055,2389,11249
9822,154,14,168,1997,2165,572,378,466,1038,4330,4330,360,1997,2357,11017
9823,138,9,147,1985,2132,482,389,487,969,4264,4264,310,1985,2295,10823
9824,153,9,162,2036,2198,534,374,447,981,4396,4396,342,2036,2378,11170
9825,148,10,158,2051,2209,526,372,451,977,4418,4418,337,2051,2388,11224
9826,145,5,150,1982,2132,480,385,476,956,4264,4264,307,1982,2289,10817
9827,149,9,158,2044,2202,523,384,464,987,4404,4404,333,2044,2377,11185
9828,159,10,169,2072,2241,585,391,482,1067,4482,4482,354,2072,2426,11390
9829,142,10,152,2074,2226,503,397,483,986,4452,4452,324,2074,2398,11302
9830,142,6,148,1995,2143,449,378,477,926,4286,4286,305,1995,2300,10872
9831,186,10,196,2093,2289,661,379,461,1122,4578,4578,410,2093,2503,11659
9832,163,14,177,2007,2184,618,373,447,1065,4368,4368,385,2007,2392,11128
9833,153,13,166,2008,2174,566,367,449,1015,4348,4348,348,2008,2356,11052
9834,142,7,149,2020,2169,508,387,465,973,4338,4338,309,2020,2329,11005
9835,169,7,176,2034,2210,611,399,487,1098,4420,4420,370,2034,2404,11244
9836,138,11,149,1972,2121,530,392,479,1009,4242,4242,327,1972,2299,10783
9837,156,9,165,2008,2173,571,402,488,1059,4346,4346,351,2008,2359,11051
9838,154,6,160,2006,2166,528,381,470,998,4332,4332,329,2006,2335,10999
9839,178,7,185,1997,2182,627,384,471,1098,4364,4364,386,1997,2383,11111
9840,142,12,154,1959,2113,541,373,447,988,4226,4226,329,1959,2288,10740
9841,169,9,178,2049,2227,576,401,489,1065,4454,4454,372,2049,2421,11329
9842,160,7,167,2022,2189,518,404,488,1006,4378,4378,346,2022,2368,11124
9843,131,10,141,1984,2125,487,401,479,966,4250,4250,308,1984,2292,10792
9844,163,7,170,2000,2170,512,370,460,972,4340,4340,351,2000,2351,11031
9845,153,11,164,1957,2121,578,373,447,1025,4242,4242,352,1957,2309,10793
9846,173,8,181,2124,2305,612,424,526,1138,4610,4610,377,2124,2501,11721
9847,166,10,176,2035,2211,602,388,469,1071,4422,4422,374,2035,2409,11253
9848,150,15,165,2007,2172,619,353,427,1046,4344,4344,361,2007,2368,11056
9849,153,14,167,2009,2176,586,361,435,1021,4352,4352,359,2009,2368,11072
9850,164,8,172,2016,2188,559,376,461,1020,4376,4376,359,2016,2375,11127
9851,155,13,168,2017,2185,569,429,532,1101,4370,4370,360,2017,2377,11117
9852,145,18,163,2018,2181,623,382,462,1085,4362,4362,375,2018,2393,11117
9853,170,12,182,2006,2188,597,382,475,1072,4376,4376,385,2006,2391,11143
9854,169,14,183,2065,2248,615,370,452,1067,4496,4496,387,2065,2452,11444
9855,149,10,159,1932,2091,539,352,426,965,4182,4182,338,1932,2270,10634
9856,162,11,173,2036,2209,559,389,469,1028,4418,4418,367,2036,2403,11239
9857,154,10,164,2033,2197,550,409,507,1057,4394,4394,347,2033,2380,11168
9858,166,10,176,2034,2210,589,397,484,1073,4420,4420,370,2034,2404,11244
9859,162,9,171,1983,2154,555,386,476,1031,4308,4308,363,1983,2346,10962
9860,153,7,160,2035,2195,564,367,455,1019,4390,4390,329,2035,2364,11144
9861,157,8,165,2088,2253,540,401,489,1029,4506,4506,347,2088,2435,11447
9862,140,9,149,2052,2201,532,415,516,1048,4402,4402,321,2052,2373,11177
9863,164,12,176,2013,2189,559,367,450,1009,4378,4378,373,2013,2386,11142
9864,152,13,165,2026,2191,594,417,510,1104,4382,4382,355,2026,2381,11145
9865,156,9,165,2019,2184,559,392,465,1024,4368,4368,347,2019,2366,11102
9866,158,5,163,2000,2163,541,414,517,1058,4326,4326,341,2000,2341,10993
9867,157,11,168,1965,2133,609,396,477,1086,4266,4266,358,1965,2323,10855
9868,165,8,173,2019,2192,649,392,470,1119,4384,4384,368,2019,2387,11155
9869,130,13,143,2038,2181,490,388,473,963,4362,4362,315,2038,2353,11077
9870,145,10,155,2021,2176,524,386,469,993,4352,4352,325,2021,2346,11050
9871,155,13,168,2032,2200,571,394,472,1043,4400,4400,367,2032,2399,11199
9872,150,7,157,1926,2083,494,375,460,954,4166,4166,326,1926,2252,10584
9873,155,11,166,2054,2220,576,349,422,998,4440,4440,354,2054,2408,11288
9874,160,12,172,2066,2238,597,385,476,1073,4476,4476,362,2066,2428,11380
9875,164,15,179,2020,2199,607,417,505,1112,4398,4398,384,2020,2404,11200
9876,149,5,154,2023,2177,537,365,443,980,4354,4354,321,2023,2344,11052
9877,158,15,173,2007,2180,589,395,502,1091,4360,4360,373,2007,2380,11100
9878,170,11,181,2011,2192,648,413,506,1154,4384,4384,389,2011,2400,11168
9879,174,9,183,2088,2271,625,392,486,1111,4542,4542,391,2088,2479,11563
9880,157,11,168,2095,2263,571,391,466,1037,4526,4526,355,2095,2450,11502
9881,167,12,179,2006,2185,618,386,469,1087,4370,4370,378,2006,2384,11124
9882,152,13,165,1969,2134,572,378,459,1031,4268,4268,356,1969,2325,10861
9883,133,9,142,2055,2197,480,380,459,939,4394,4394,299,2055,2354,11142
9884,145,10,155,1997,2152,496,387,470,966,4304,4304,325,1997,2322,10930
9885,166,8,174,2064,2238,571,376,461,1032,4476,4476,364,2064,2428,11380
9886,133,9,142,2061,2203,457,379,452,909,4406,4406,299,2061,2360,11172
9887,158,9,167,2047,2214,564,383,461,1025,4428,4428,350,2047,2397,11253
9888,157,12,169,2022,2191,597,374,464,1061,4382,4382,360,2022,2382,11146
9889,125,18,143,2015,2158,484,360,455,939,4316,4316,321,2015,2336,10968
9890,162,6,168,2044,2212,573,396,487,1060,4424,4424,354,2044,2398,11246
9891,141,4,145,2079,2224,486,387,459,945,4448,4448,298,2079,2377,11273
9892,147,12,159,2036,2195,572,384,470,1042,4390,4390,345,2036,2381,11161
9893,163,10,173,2058,2231,583,371,457,1040,4462,4462,367,2058,2425,11349
9894,151,8,159,2076,2235,504,390,459,963,4470,4470,335,2076,2411,11351
9895,127,19,146,2038,2184,554,384,484,1038,4368,4368,326,2038,2364,11100
9896,143,17,160,2039,2199,574,423,512,1086,4398,4398,357,2039,2396,11192
9897,165,15,180,1946,2126,632,365,449,1081,4252,4252,396,1946,2342,10846
9898,145,12,157,2048,2205,577,371,463,1040,4410,4410,342,2048,2390,11210
9899,166,11,177,2025,2202,613,389,486,1099,4404,4404,372,2025,2397,11205
9900,155,9,164,2028,2192,532,406,484,1016,4384,4384,350,2028,2378,11146
9901,151,15,166,2032,2198,571,385,465,1036,4396,4396,357,2032,2389,11181
9902,157,6,163,2095,2258,551,405,505,1056,4516,4516,339,2095,2434,11466
9903,154,9,163,2024,2187,534,396,471,1005,4374,4374,344,2024,2368,11116
9904,124,12,136,2075,2211,433,380,476,909,4422,4422,290,2075,2365,11209
9905,142,8,150,2022,2172,487,357,435,922,4344,4344,317,2022,2339,11027
9906,150,16,166,2058,2224,574,391,467,1041,4448,4448,359,2058,2417,11313
9907,163,6,169,1999,2168,587,382,476,1063,4336,4336,350,1999,2349,11021
9908,162,12,174,2033,2207,568,376,443,1011,4414,4414,370,2033,2403,11231
9909,143,10,153,2050,2203,522,407,499,1021,4406,4406,326,2050,2376,11188
9910,141,15,156,1978,2134,525,369,456,981,4268,4268,338,1978,2316,10852
9911,157,6,163,2041,2204,556,375,460,1016,4408,4408,339,2041,2380,11196
9912,154,14,168,2078,2246,620,411,497,1117,4492,4492,364,2078,2442,11426
9913,167,11,178,2006,2184,576,388,468,1044,4368,4368,375,2006,2381,11117
9914,175,9,184,2077,2261,556,410,516,1072,4522,4522,383,2077,2460,11504
9915,138,12,150,2077,2227,501,428,517,1018,4454,4454,330,2077,2407,11315
9916,166,16,182,2042,2224,653,383,469,1122,4448,4448,401,2042,2443,11339
9917,159,12,171,2027,2198,628,405,500,1128,4396,4396,372,2027,2399,11191
9918,150,9,159,2106,2265,540,398,488,1028,4530,4530,335,2106,2441,11501
9919,163,14,177,2027,2204,635,389,486,1121,4408,4408,381,2027,2408,11224
9920,134,11,145,2064,2209,499,393,481,980,4418,4418,313,2064,2377,11213
9921,147,11,158,2077,2235,564,393,470,1034,4470,4470,337,2077,2414,11354
9922,137,11,148,2008,2156,502,378,469,971,4312,4312,312,2008,2320,10944
9923,148,7,155,2057,2212,500,404,488,988,4424,4424,324,2057,2381,11229
9924,144,7,151,2046,2197,474,410,495,969,4394,4394,315,2046,2361,11149
9925,166,9,175,2049,2224,560,373,444,1004,4448,4448,362,2049,2411,11307
9926,171,10,181,2021,2202,597,399,486,1083,4404,4404,381,2021,2402,11210
9927,152,8,160,2095,2255,548,407,490,1038,4510,4510,337,2095,2432,11452
9928,160,12,172,2092,2264,567,401,475,1042,4528,4528,363,2092,2455,11511
9929,149,7,156,2050,2206,516,410,506,1022,4412,4412,330,2050,2380,11204
9930,150,11,161,2119,2280,563,414,491,1054,4560,4560,345,2119,2464,11584
9931,130,9,139,2124,2263,485,412,520,1005,4526,4526,293,2124,2417,11469
9932,140,8,148,2067,2215,486,386,469,955,4430,4430,309,2067,2376,11236
9933,155,7,162,1991,2153,529,359,435,964,4306,4306,339,1991,2330,10942
9934,131,7,138,2123,2261,460,417,514,974,4522,4522,289,2123,2412,11456
9935,174,8,182,2051,2233,587,406,496,1083,4466,4466,378,2051,2429,11361
9936,138,10,148,2019,2167,498,373,462,960,4334,4334,310,2019,2329,10997
9937,148,7,155,2022,2177,492,383,472,964,4354,4354,323,2022,2345,11053
9938,155,5,160,2009,2169,502,368,443,945,4338,4338,331,2009,2340,11016
9939,154,9,163,2030,2193,513,376,472,985,4386,4386,342,2030,2372,11144
9940,135,4,139,2055,2194,458,396,490,948,4388,4388,286,2055,2341,11117
9941,130,12,142,2040,2182,508,392,479,987,4364,4364,303,2040,2343,11071
9942,152,9,161,2020,2181,558,412,503,1061,4362,4362,339,2020,2359,11083
9943,126,9,135,2032,2167,464,367,442,906,4334,4334,291,2032,2323,10991
9944,146,7,153,1980,2133,529,387,475,1004,4266,4266,320,1980,2300,10832
9945,154,6,160,1970,2130,545,402,490,1035,4260,4260,332,1970,2302,10822
9946,145,9,154,1995,2149,509,399,494,1003,4298,4298,323,1995,2318,10914
9947,157,7,164,2058,2222,567,427,523,1090,4444,4444,339,2058,2397,11285
9948,155,11,166,2041,2207,550,406,496,1046,4414,4414,357,2041,2398,11226
9949,156,11,167,1948,2115,573,361,448,1021,4230,4230,354,1948,2302,10762
9950,157,10,167,1987,2154,551,363,443,994,4308,4308,355,1987,2342,10958
9951,176,7,183,1990,2173,652,377,454,1106,4346,4346,384,1990,2374,11066
9952,172,7,179,1983,2162,582,393,474,1056,4324,4324,374,1983,2357,11005
9953,159,9,168,1969,2137,549,351,426,975,4274,4274,353,1969,2322,10870
9954,174,9,183,2054,2237,621,405,495,1116,4474,4474,383,2054,2437,11385
9955,130,6,136,2012,2148,450,411,495,945,4296,4296,286,2012,2298,10890
9956,144,13,157,2017,2174,521,386,474,995,4348,4348,335,2017,2352,11048
9957,155,7,162,2004,2166,511,380,452,963,4332,4332,342,2004,2346,11010
9958,139,12,151,1961,2112,511,377,447,958,4224,4224,319,1961,2280,10728
9959,133,9,142,2041,2183,460,385,462,922,4366,4366,301,2041,2342,11074
9960,153,5,158,2032,2190,478,383,466,944,4380,4380,325,2032,2357,11117
9961,157,11,168,2023,2191,568,393,476,1044,4382,4382,353,2023,2376,11140
9962,159,12,171,2067,2238,544,363,457,1001,4476,4476,358,2067,2425,11377
9963,152,8,160,2071,2231,536,393,477,1013,4462,4462,339,2071,2410,11334
9964,152,11,163,2067,2230,535,404,490,1025,4460,4460,349,2067,2416,11336
9965,135,15,150,1993,2143,518,393,473,991,4286,4286,324,1993,2317,10889
9966,128,15,143,1996,2139,499,377,451,950,4278,4278,314,1996,2310,10866
9967,124,10,134,1988,2122,443,382,467,910,4244,4244,291,1988,2279,10767
9968,156,14,170,2115,2285,614,376,464,1078,4570,4570,360,2115,2475,11615
9969,143,9,152,2023,2175,532,372,463,995,4350,4350,324,2023,2347,11047
9970,159,15,174,2153,2327,599,398,480,1079,4654,4654,379,2153,2532,11840
9971,154,10,164,2032,2196,543,397,492,1035,4392,4392,351,2032,2383,11167
9972,152,10,162,2044,2206,560,376,452,1012,4412,4412,342,2044,2386,11210
9973,144,10,154,2050,2204,497,386,473,970,4408,4408,323,2050,2373,11189
9974,165,15,180,2064,2244,599,396,472,1071,4488,4488,392,2064,2456,11432
9975,169,10,179,2002,2181,617,411,502,1119,4362,4362,382,2002,2384,11108
9976,144,8,152,2071,2223,499,400,497,996,4446,4446,320,2071,2391,11283
9977,151,9,160,1977,2137,528,388,467,995,4274,4274,340,1977,2317,10865
9978,168,9,177,2096,2273,612,403,495,1107,4546,4546,371,2096,2467,11559
9979,156,15,171,2110,2281,597,389,488,1085,4562,4562,369,2110,2479,11603
9980,148,7,155,1988,2143,489,352,433,922,4286,4286,322,1988,2310,10882
9981,182,8,190,2024,2214,621,383,471,1092,4428,4428,398,2024,2422,11278
9982,148,8,156,2027,2183,469,382,468,937,4366,4366,327,2027,2354,11086
9983,145,13,158,2055,2213,557,402,494,1051,4426,4426,345,2055,2400,11252
9984,178,8,186,2074,2260,616,407,481,1097,4520,4520,388,2074,2462,11502
9985,168,5,173,2010,2183,562,402,482,1044,4366,4366,353,2010,2363,11095
9986,149,8,157,1995,2152,517,393,473,990,4304,4304,329,1995,2324,10932
9987,163,7,170,2037,2207,565,401,481,1046,4414,4414,354,2037,2391,11219
9988,157,8,165,2020,2185,519,360,446,965,4370,4370,344,2020,2364,11104
9989,159,12,171,2017,2188,597,377,461,1058,4376,4376,367,2017,2384,11136
9990,129,16,145,2087,2232,517,396,483,1000,4464,4464,322,2087,2409,11337
9991,146,14,160,1986,2146,556,405,498,1054,4292,4292,352,1986,2338,10922
9992,170,8,178,2031,2209,602,381,456,1058,4418,4418,368,2031,2399,11235
9993,138,7,145,2059,2204,462,372,448,910,4408,4408,300,2059,2359,11175
9994,146,11,157,2048,2205,515,354,447,962,4410,4410,337,2048,2385,11205
9995,124,15,139,2059,2198,480,377,452,932,4396,4396,308,2059,2367,11159
9996,142,5,147,1993,2140,448,378,455,903,4280,4280,301,1993,2294,10854
9997,152,5,157,2049,2206,530,357,433,963,4412,4412,320,2049,2369,11193
9998,154,10,164,1984,2148,560,369,452,1012,4296,4296,345,1984,2329,10921
9999,153,11,164,2097,2261,593,419,507,1100,4522,4522,350,2097,2447,11491
10000,133,7,140,2086,2226,445,393,483,928,4452,4452,294,2086,2380,11284
